entryTimeUTC,dir,kind,entry,riskPrice,exitPrice,realizedUsd,mfeR,maeR,exitTag
2024.01.02 07:09,L,E2,2075.961,1.966,2074.992,-14.53,0.24,0.00,EA
2024.01.02 14:49,S,E1,2066.423,3.900,2070.323,-58.50,0.11,0.00,SL-LOSS
2024.01.04 14:50,S,E2,2036.538,2.492,2039.030,-37.38,0.08,0.00,SL-LOSS
2024.01.05 01:15,L,E1,2047.185,1.952,2045.233,-29.27,0.56,0.00,SL-LOSS
2024.01.08 01:42,S,E1,2043.555,1.887,2040.344,47.24,1.72,0.00,TP
2024.01.08 07:25,S,E2,2030.208,1.680,2031.888,-25.20,0.90,0.00,SL-LOSS
2024.01.09 06:45,L,E1,2034.520,2.295,2032.225,-34.43,0.07,0.00,SL-LOSS
2024.01.10 01:09,S,E1,2028.893,1.504,2030.397,-22.56,1.00,0.00,SL-LOSS
2024.01.10 14:46,S,E1,2028.196,3.577,2027.124,16.08,0.47,0.00,EA
2024.01.11 01:49,L,E1,2028.705,1.721,2031.655,43.45,1.72,0.00,TP
2024.01.11 06:13,L,E2,2034.479,1.396,2033.083,-20.93,0.40,0.00,SL-LOSS
2024.01.12 05:57,L,E1,2036.171,1.576,2034.595,-23.64,0.62,0.00,SL-LOSS
2024.01.12 13:35,L,E1,2052.444,5.206,2062.129,142.43,1.86,0.00,TP
2024.01.15 05:50,L,E1,2055.452,1.401,2054.051,-21.02,0.00,0.00,SL-LOSS
2024.01.16 02:00,S,E1,2050.878,2.028,2050.658,3.30,0.49,0.00,EA
2024.01.16 07:25,S,E1,2049.036,1.610,2050.646,-24.15,0.45,0.00,SL-LOSS
2024.01.16 08:15,S,E1,2047.801,2.111,2049.912,-31.66,0.10,0.00,SL-LOSS
2024.01.16 08:28,S,E1,2048.103,2.229,2045.325,40.84,1.29,0.00,TP
2024.01.16 12:13,S,E2,2037.359,1.669,2036.483,15.39,0.97,0.00,SL-WIN
2024.01.17 01:16,S,E1,2027.669,1.203,2028.872,-18.04,0.00,0.00,SL-LOSS
2024.01.17 05:16,S,E2,2020.555,1.758,2020.960,-6.07,0.62,0.00,EA
2024.01.17 12:27,L,E1,2027.632,2.481,2025.151,-37.22,0.57,0.00,SL-LOSS
2024.01.18 05:13,S,E2,2006.970,0.868,2006.271,10.96,1.26,0.00,SL-WIN
2024.01.22 01:02,L,E1,2029.411,1.757,2027.654,-26.36,1.54,0.00,SL-LOSS
2024.01.22 06:17,S,E2,2020.415,1.708,2021.806,-20.87,0.00,0.00,EA
2024.01.23 03:27,L,E1,2023.946,1.711,2023.827,-1.78,0.24,0.00,EA
2024.01.24 12:00,L,E1,2033.572,1.935,2031.637,-29.03,1.60,0.00,SL-LOSS
2024.01.25 06:18,S,E1,2014.710,1.210,2015.920,-18.15,0.00,0.00,SL-LOSS
2024.01.25 12:48,S,E1,2014.627,2.027,2016.654,-30.40,0.57,0.00,SL-LOSS
2024.01.29 13:31,L,E2,2032.384,1.894,2034.873,35.40,1.35,0.00,TP
2024.01.29 13:30,L,E1,2031.438,2.297,2035.443,58.94,1.76,0.00,TP
2024.01.30 06:12,L,E1,2033.948,1.480,2035.509,25.04,1.45,0.00,SL-WIN
2024.01.31 07:18,L,E1,2037.004,1.351,2039.197,32.36,1.64,0.00,TP
2024.02.02 05:41,L,E2,2056.504,1.139,2055.692,-12.18,0.00,0.00,EA
2024.02.02 13:30,S,E1,2052.627,2.832,2047.825,71.46,2.30,0.00,TP
2024.02.06 14:45,L,E1,2030.338,3.106,2030.488,2.25,0.87,0.00,EA
2024.02.07 08:17,S,E1,2034.009,1.425,2031.691,34.12,1.65,0.00,TP
2024.02.07 13:41,L,E1,2036.336,2.522,2033.814,-37.83,0.68,0.00,SL-LOSS
2024.02.08 05:02,S,E2,2031.895,0.767,2032.351,-6.84,0.88,0.00,EA
2024.02.09 05:54,S,E1,2032.516,0.883,2033.399,-13.25,0.00,0.00,SL-LOSS
2024.02.09 07:04,L,E2,2034.740,0.897,2033.843,-13.46,0.31,0.00,SL-LOSS
2024.02.09 13:44,S,E1,2028.993,5.930,2024.297,70.44,0.98,0.00,EA
2024.02.14 06:13,S,E1,1991.827,0.838,1992.665,-12.57,0.92,0.00,SL-LOSS
2024.02.14 13:21,S,E1,1989.649,2.229,1991.878,-33.43,0.00,0.00,SL-LOSS
2024.02.14 15:00,S,E1,1987.517,3.712,1986.673,12.66,0.33,0.00,EA
2024.02.15 06:13,L,E1,1992.857,1.085,1991.772,-16.27,0.46,0.00,SL-LOSS
2024.02.15 13:39,L,E1,2001.670,6.237,2004.458,41.82,1.06,0.00,EA
2024.02.20 13:43,L,E2,2029.532,2.078,2029.457,-1.12,0.61,0.00,EA
2024.02.21 05:47,L,E2,2031.819,0.893,2031.239,-8.70,0.50,0.00,EA
2024.02.21 13:16,L,E2,2031.439,1.377,2030.062,-20.66,0.00,0.00,SL-LOSS
2024.02.22 06:13,L,E2,2030.058,0.982,2029.150,-13.62,0.52,0.00,EA
2024.02.22 07:10,L,E1,2030.399,1.409,2032.609,32.53,1.58,0.00,TP
2024.02.22 14:43,S,E2,2022.452,2.411,2024.863,-36.17,0.18,0.00,SL-LOSS
2024.02.23 08:15,S,E1,2020.714,1.618,2018.884,29.14,1.53,0.00,SL-WIN
2024.02.23 12:39,L,E1,2026.765,2.329,2024.637,-31.92,1.06,0.00,EA
2024.02.26 13:36,L,E1,2034.208,2.099,2032.109,-31.48,0.11,0.00,SL-LOSS
2024.02.27 01:11,L,E1,2032.406,1.149,2034.333,28.34,1.71,0.00,TP
2024.02.27 02:38,L,E2,2034.422,0.843,2033.579,-12.65,0.20,0.00,SL-LOSS
2024.02.27 06:40,L,E1,2034.920,1.008,2033.912,-15.12,0.00,0.00,SL-LOSS
2024.02.27 07:20,L,E1,2034.537,1.095,2035.779,19.59,1.53,0.00,SL-WIN
2024.02.27 07:28,L,E2,2035.518,0.937,2035.609,1.36,0.75,0.00,EA
2024.02.27 08:27,L,E2,2037.388,1.176,2038.118,11.98,1.07,0.00,SL-WIN
2024.02.28 03:16,S,E1,2030.584,0.965,2031.376,-11.88,0.66,0.00,EA
2024.02.28 06:48,S,E1,2030.016,0.870,2029.001,16.17,1.57,0.00,SL-WIN
2024.02.29 01:45,L,E1,2036.264,1.254,2035.462,-12.03,0.64,0.00,EA
2024.02.29 07:35,L,E1,2037.295,1.182,2036.113,-17.72,0.49,0.00,SL-LOSS
2024.03.01 07:07,L,E2,2048.084,0.942,2047.142,-14.13,0.76,0.00,SL-LOSS
2024.03.01 08:46,S,E1,2040.123,1.927,2042.050,-28.90,0.48,0.00,SL-LOSS
2024.03.04 05:39,L,E1,2081.995,1.017,2083.559,23.04,1.57,0.00,TP
2024.03.05 00:06,L,E1,2115.671,1.526,2114.145,-22.89,0.79,0.00,SL-LOSS
2024.03.05 07:00,L,E1,2117.345,2.021,2115.324,-30.32,0.21,0.00,SL-LOSS
2024.03.05 08:15,L,E1,2118.789,2.163,2122.386,53.02,1.67,0.00,TP
2024.03.05 13:48,L,E1,2131.101,6.379,2124.722,-95.68,0.00,0.00,SL-LOSS
2024.03.06 07:11,L,E1,2129.947,1.762,2128.185,-26.43,0.88,0.00,SL-LOSS
2024.03.07 12:03,L,E1,2157.149,2.263,2154.886,-33.94,0.18,0.00,SL-LOSS
2024.03.08 01:04,L,E1,2161.176,1.730,2159.446,-25.95,0.00,0.00,SL-LOSS
2024.03.11 05:05,L,E1,2181.418,1.733,2179.685,-26.00,0.13,0.00,SL-LOSS
2024.03.11 09:22,S,E1,2177.225,2.877,2178.167,-14.13,0.31,0.00,EA
2024.03.11 13:36,L,E1,2181.613,3.603,2178.010,-54.05,0.98,0.00,SL-LOSS
2024.03.12 05:37,S,E2,2177.441,0.932,2176.991,7.95,0.93,0.00,SL-WIN
2024.03.12 05:35,S,E1,2177.942,1.116,2176.218,25.42,1.57,0.00,TP
2024.03.14 01:00,L,E1,2176.442,1.492,2174.950,-22.39,0.38,0.00,SL-LOSS
2024.03.15 05:50,L,E1,2167.648,1.892,2165.756,-28.39,1.31,0.00,SL-LOSS
2024.03.15 12:46,S,E1,2158.415,4.196,2162.611,-62.94,0.18,0.00,SL-LOSS
2024.03.18 01:10,S,E1,2153.616,1.898,2150.474,46.27,1.66,0.00,TP
2024.03.19 02:23,L,E1,2161.707,1.996,2161.374,-5.00,0.25,0.00,EA
2024.03.19 05:27,S,E1,2158.511,1.344,2156.287,32.77,1.66,0.00,TP
2024.03.19 08:13,S,E2,2152.885,1.885,2151.411,23.19,1.23,0.00,SL-WIN
2024.03.19 13:47,S,E1,2151.899,3.552,2155.451,-53.27,0.95,0.00,SL-LOSS
2024.03.20 01:16,L,E1,2158.248,1.554,2158.966,10.77,1.15,0.00,EA
2024.03.20 12:45,S,E1,2149.905,2.536,2152.441,-38.04,0.07,0.00,SL-LOSS
2024.03.20 13:31,S,E2,2151.114,1.861,2152.975,-27.91,0.09,0.00,SL-LOSS
2024.03.21 14:12,S,E1,2184.129,8.765,2175.141,134.82,1.04,0.00,EA
2024.03.26 01:20,L,E1,2173.604,2.472,2171.132,-37.07,0.00,0.00,SL-LOSS
2024.03.27 00:36,S,E1,2176.843,1.414,2178.257,-21.22,0.00,0.00,SL-LOSS
2024.03.27 05:14,S,E1,2176.516,1.216,2177.732,-18.25,0.21,0.00,SL-LOSS
2024.03.28 02:30,L,E1,2194.111,2.447,2194.759,9.72,0.79,0.00,EA
2024.03.28 12:04,L,E2,2213.059,3.052,2215.606,39.72,1.28,0.00,SL-WIN
2024.03.28 13:01,L,E2,2216.985,4.593,2212.392,-68.89,0.01,0.00,SL-LOSS
2024.04.02 13:48,L,E1,2265.075,5.675,2275.368,151.35,1.82,0.00,TP
2024.04.03 03:14,L,E2,2285.808,1.857,2287.146,21.23,1.17,0.00,SL-WIN
2024.04.03 06:04,L,E1,2284.783,1.284,2283.499,-19.26,0.24,0.00,SL-LOSS
2024.04.03 12:30,S,E1,2268.657,5.267,2273.924,-79.00,0.10,0.00,SL-LOSS
2024.04.09 00:10,L,E2,2341.250,1.564,2340.259,-14.86,0.29,0.00,EA
2024.04.09 05:07,L,E2,2346.100,1.658,2345.477,-9.35,0.33,0.00,EA
2024.04.09 05:10,L,E1,2345.948,2.137,2343.811,-32.05,0.94,0.00,SL-LOSS
2024.04.12 06:40,L,E1,2391.305,3.959,2396.696,84.54,1.76,0.00,SL-WIN
2024.04.12 14:16,L,E2,2417.371,7.726,2425.634,123.97,1.52,0.00,SL-WIN
2024.04.16 08:00,S,E1,2365.535,5.464,2370.999,-81.96,0.05,0.00,SL-LOSS
2024.04.17 08:39,L,E1,2391.079,3.880,2393.669,38.85,0.84,0.00,EA
2024.04.17 13:38,L,E1,2391.686,5.332,2386.354,-79.97,0.67,0.00,SL-LOSS
2024.04.18 06:19,L,E1,2379.506,2.823,2376.683,-42.34,0.07,0.00,SL-LOSS
2024.04.19 00:05,S,E1,2378.207,1.980,2374.807,50.10,1.73,0.00,TP
2024.04.19 08:08,S,E1,2382.593,4.499,2383.342,-11.24,0.99,0.00,EA
2024.04.19 13:15,S,E1,2376.504,4.856,2381.360,-72.84,0.67,0.00,SL-LOSS
2024.04.22 12:48,S,E1,2341.036,6.188,2333.668,116.04,1.59,0.00,SL-WIN
2024.04.23 06:15,S,E1,2304.926,4.618,2309.544,-69.28,1.28,0.00,SL-LOSS
2024.04.24 03:21,L,E1,2325.298,3.247,2325.257,-0.61,0.51,0.00,EA
2024.04.24 08:27,S,E1,2318.104,3.189,2312.781,78.26,1.67,0.00,TP
2024.04.25 01:16,S,E1,2316.576,2.206,2318.782,-33.09,0.03,0.00,SL-LOSS
2024.04.25 03:18,S,E1,2310.386,6.996,2309.865,7.82,0.36,0.00,EA
2024.04.25 07:00,L,E1,2322.769,3.915,2325.498,40.94,1.56,0.00,EA
2024.04.25 14:41,L,E1,2344.193,9.632,2334.561,-144.48,0.00,0.00,SL-LOSS
2024.04.29 00:17,S,E1,2335.370,1.565,2333.527,27.24,1.18,0.00,TP
2024.04.29 02:51,S,E2,2325.051,2.551,2326.155,-16.56,0.51,0.00,EA
2024.05.01 03:25,S,E1,2285.918,1.940,2286.883,-14.47,0.00,0.00,EA
2024.05.02 07:15,S,E1,2309.999,3.495,2305.838,65.63,1.59,0.00,SL-WIN
2024.05.02 13:02,S,E2,2292.753,3.963,2290.360,40.47,1.05,0.00,SL-WIN
2024.05.03 01:06,L,E1,2305.653,1.854,2303.799,-27.81,0.42,0.00,SL-LOSS
2024.05.06 07:27,L,E2,2315.588,2.180,2318.618,42.77,1.41,0.00,TP
2024.05.06 07:35,L,E2,2318.989,2.636,2322.938,56.06,1.50,0.00,TP
2024.05.06 12:42,L,E1,2322.630,4.636,2328.469,92.95,1.66,0.00,SL-WIN
2024.05.07 06:03,S,E1,2319.665,2.688,2315.088,67.35,1.71,0.00,TP
2024.05.08 13:29,S,E1,2307.705,6.020,2313.725,-90.30,0.08,0.00,SL-LOSS
2024.05.13 06:16,S,E2,2349.865,2.031,2351.896,-30.47,0.35,0.00,SL-LOSS
2024.05.14 07:30,S,E1,2336.488,2.459,2338.947,-36.89,0.00,0.00,SL-LOSS
2024.05.14 09:01,L,E1,2344.283,2.460,2346.931,39.72,1.61,0.00,EA
2024.05.15 06:01,L,E1,2359.651,1.960,2357.691,-29.41,0.03,0.00,SL-LOSS
2024.05.15 07:15,L,E1,2362.132,2.873,2367.109,73.29,1.75,0.00,TP
2024.05.16 00:39,L,E2,2394.148,1.943,2393.366,-11.73,0.00,0.00,EA
2024.05.16 01:17,L,E2,2395.357,2.826,2394.453,-13.56,0.70,0.00,EA
2024.05.16 09:30,S,E1,2384.338,2.617,2383.863,7.13,0.21,0.00,EA
2024.05.17 02:51,S,E1,2376.585,2.405,2377.081,-7.44,1.04,0.00,EA
2024.05.17 12:49,L,E2,2392.388,2.829,2394.630,35.68,1.24,0.00,SL-WIN
2024.05.17 12:51,L,E1,2392.231,3.695,2397.050,75.86,1.70,0.00,SL-WIN
2024.05.21 13:09,L,E1,2427.133,6.754,2430.180,45.71,0.68,0.00,EA
2024.05.22 02:52,S,E1,2418.092,3.398,2418.936,-12.66,0.61,0.00,EA
2024.05.22 14:12,S,E1,2396.734,7.357,2384.380,181.62,1.68,0.00,TP
2024.05.22 14:17,S,E2,2392.113,6.097,2386.846,80.47,1.31,0.00,SL-WIN
2024.05.23 01:09,S,E1,2380.329,1.828,2378.247,33.42,1.54,0.00,SL-WIN
2024.05.23 05:33,S,E1,2369.685,2.229,2365.997,54.21,1.67,0.00,TP
2024.05.23 05:58,S,E2,2359.985,4.409,2357.060,48.00,1.11,0.00,SL-WIN
2024.05.23 07:35,S,E2,2360.404,3.010,2356.213,59.15,1.40,0.00,TP
2024.05.23 13:54,S,E1,2351.851,8.962,2360.813,-134.43,0.03,0.00,SL-LOSS
2024.05.24 02:28,S,E1,2327.902,4.055,2330.775,-43.10,0.59,0.00,EA
2024.05.27 01:15,L,E1,2339.553,3.049,2344.923,78.95,1.76,0.00,TP
2024.05.27 12:25,L,E1,2348.152,3.713,2354.972,100.31,1.85,0.00,TP
2024.05.28 13:20,L,E2,2361.260,4.322,2360.483,-11.66,0.66,0.00,EA
2024.05.28 13:15,L,E1,2356.827,4.833,2351.994,-72.50,1.51,0.00,SL-LOSS
2024.05.29 05:48,L,E1,2359.465,2.387,2357.078,-35.81,0.11,0.00,SL-LOSS
2024.05.29 12:01,S,E1,2341.516,3.225,2336.125,79.26,1.67,0.00,TP
2024.05.31 00:50,L,E1,2346.424,2.197,2344.227,-32.95,0.57,0.00,SL-LOSS
2024.06.03 13:15,L,E2,2334.916,3.025,2333.936,-14.70,0.59,0.00,EA
2024.06.03 12:32,L,E1,2332.659,4.099,2339.980,109.82,2.00,0.00,TP
2024.06.04 13:50,S,E1,2326.285,5.402,2331.687,-81.04,0.76,0.00,SL-LOSS
2024.06.05 12:25,L,E1,2336.223,4.279,2343.904,112.92,1.80,0.00,TP
2024.06.07 00:35,L,E2,2378.199,1.278,2376.921,-19.17,0.04,0.00,SL-LOSS
2024.06.07 08:14,S,E1,2353.386,9.818,2338.675,220.46,1.61,0.00,EA
2024.06.10 00:24,S,E1,2294.615,2.302,2296.917,-36.84,0.14,0.00,SL-LOSS
2024.06.10 06:15,S,E1,2295.237,1.617,2293.365,29.42,1.16,0.00,TP
2024.06.11 13:10,L,E2,2318.488,3.392,2315.096,-54.27,0.33,0.00,SL-LOSS
2024.06.12 12:39,L,E1,2329.468,9.130,2320.338,-136.95,1.34,0.00,SL-LOSS
2024.06.13 14:13,S,E1,2306.329,7.225,2313.554,-108.37,0.07,0.00,SL-LOSS
2024.06.14 00:11,S,E1,2302.412,1.359,2303.771,-20.38,0.55,0.00,SL-LOSS
2024.06.14 07:40,L,E2,2313.719,2.360,2315.683,30.98,1.28,0.00,SL-WIN
2024.06.17 05:05,S,E1,2321.806,1.856,2319.639,34.42,1.57,0.00,SL-WIN
2024.06.19 07:05,L,E1,2331.310,1.972,2333.872,40.04,1.70,0.00,SL-WIN
2024.06.20 12:55,L,E2,2341.377,3.568,2337.809,-53.52,0.04,0.00,SL-LOSS
2024.06.21 00:10,L,E2,2362.756,1.170,2361.586,-17.55,0.00,0.00,SL-LOSS
2024.06.21 05:01,L,E2,2363.221,1.161,2362.458,-11.44,0.08,0.00,EA
2024.06.21 13:43,S,E1,2349.281,6.472,2338.410,159.82,1.70,0.00,TP
2024.06.24 00:09,S,E1,2319.308,1.907,2321.215,-28.61,0.68,0.00,SL-LOSS
2024.06.25 01:21,S,E1,2328.512,2.196,2324.870,53.56,1.67,0.00,TP
2024.06.25 07:42,S,E1,2324.674,2.758,2327.432,-41.37,0.62,0.00,SL-LOSS
2024.06.26 05:41,S,E2,2314.432,1.746,2312.059,33.58,1.38,0.00,TP
2024.06.26 05:50,S,E1,2313.346,2.580,2315.926,-38.70,1.36,0.00,SL-LOSS
2024.06.28 05:54,L,E1,2326.336,2.243,2324.934,-21.03,0.88,0.00,EA
2024.06.28 08:37,L,E2,2330.759,2.052,2329.816,-14.15,0.31,0.00,EA
2024.07.01 08:17,S,E1,2322.323,2.487,2324.810,-37.31,0.02,0.00,SL-LOSS
2024.07.02 00:14,L,E2,2333.921,1.013,2332.908,-15.19,0.00,0.00,SL-LOSS
2024.07.02 07:10,S,E1,2327.541,2.172,2324.028,51.64,1.62,0.00,TP
2024.07.03 00:09,L,E2,2331.484,0.841,2331.791,5.70,0.81,0.00,SL-WIN
2024.07.03 06:46,L,E2,2337.232,2.009,2340.208,42.01,1.50,0.00,TP
2024.07.04 14:21,L,E1,2361.221,2.255,2358.966,-33.82,0.31,0.00,SL-LOSS
2024.07.05 02:10,L,E2,2360.996,1.639,2360.161,-12.53,0.01,0.00,EA
2024.07.05 07:45,L,E1,2366.987,2.572,2365.409,-23.67,0.41,0.00,EA
2024.07.08 01:15,L,E1,2389.888,3.677,2386.211,-55.16,0.34,0.00,SL-LOSS
2024.07.08 12:38,S,E1,2372.129,3.109,2375.238,-46.63,0.55,0.00,SL-LOSS
2024.07.09 12:25,S,E2,2358.203,1.929,2357.092,19.00,1.03,0.00,SL-WIN
2024.07.10 01:35,L,E1,2369.370,2.941,2366.429,-44.11,0.19,0.00,SL-LOSS
2024.07.12 05:20,S,E1,2407.593,1.678,2409.271,-25.17,1.22,0.00,SL-LOSS
2024.07.12 12:35,S,E1,2395.868,6.025,2401.893,-90.37,0.72,0.00,SL-LOSS
2024.07.15 05:22,L,E2,2413.502,1.209,2412.293,-18.13,0.42,0.00,SL-LOSS
2024.07.16 00:00,L,E1,2422.629,1.084,2421.545,-16.27,0.06,0.00,SL-LOSS
2024.07.16 01:15,L,E1,2424.870,2.329,2429.026,61.13,1.79,0.00,TP
2024.07.16 13:47,L,E1,2445.115,5.681,2452.346,108.47,1.58,0.00,EA
2024.07.18 00:36,S,E1,2458.324,1.704,2460.028,-25.56,0.06,0.00,SL-LOSS
2024.07.19 01:14,S,E2,2427.071,4.359,2421.055,84.92,1.38,0.00,TP
2024.07.19 07:43,S,E2,2414.739,2.985,2416.369,-24.45,0.17,0.00,EA
2024.07.22 06:16,S,E2,2400.029,2.821,2402.850,-42.32,0.36,0.00,SL-LOSS
2024.07.22 06:18,S,E1,2400.037,3.919,2403.956,-58.79,0.03,0.00,SL-LOSS
2024.07.22 13:46,S,E2,2392.716,4.502,2393.988,-19.08,0.28,0.00,EA
2024.07.23 08:49,L,E1,2405.493,3.378,2404.157,-20.04,0.70,0.00,EA
2024.07.24 01:15,L,E1,2412.160,3.143,2409.017,-47.15,0.00,0.00,SL-LOSS
2024.07.24 13:40,L,E2,2423.715,3.583,2420.132,-53.74,0.09,0.00,SL-LOSS
2024.07.24 13:38,L,E1,2422.298,4.747,2430.861,125.96,1.82,0.00,TP
2024.07.25 01:19,S,E2,2395.388,3.557,2393.640,30.68,0.94,0.00,SL-WIN
2024.07.25 01:16,S,E1,2395.907,4.382,2388.819,104.30,1.64,0.00,TP
2024.07.25 05:31,S,E2,2370.768,2.091,2372.859,-31.37,0.77,0.00,SL-LOSS
2024.07.26 01:21,S,E1,2360.072,2.837,2362.909,-42.55,0.09,0.00,SL-LOSS
2024.07.29 13:27,L,E1,2395.715,4.014,2391.701,-60.20,0.19,0.00,SL-LOSS
2024.07.30 00:16,S,E1,2381.057,1.811,2382.868,-27.17,0.41,0.00,SL-LOSS
2024.07.30 01:08,S,E1,2380.825,2.878,2377.312,51.69,1.23,0.00,TP
2024.07.30 13:26,L,E1,2393.741,4.416,2389.325,-66.24,0.91,0.00,SL-LOSS
2024.07.31 01:45,L,E1,2411.324,4.322,2407.435,-58.34,0.01,0.00,EA
2024.07.31 03:12,L,E1,2412.653,3.553,2417.554,73.52,1.59,0.00,EA
2024.07.31 06:25,L,E1,2420.853,3.459,2418.487,-35.49,1.36,0.00,EA
2024.08.01 01:16,L,E2,2452.735,3.814,2455.699,47.52,1.23,0.00,SL-WIN
2024.08.01 05:35,L,E1,2446.620,1.772,2444.848,-26.58,0.57,0.00,SL-LOSS
2024.08.01 08:45,S,E1,2434.375,4.167,2433.598,11.66,0.64,0.00,EA
2024.08.05 00:23,S,E1,2424.001,11.426,2435.427,-171.39,0.41,0.00,SL-LOSS
2024.08.06 12:42,S,E1,2395.184,7.346,2402.530,-110.18,0.85,0.00,SL-LOSS
2024.08.07 06:30,L,E1,2396.944,3.946,2392.998,-59.20,0.07,0.00,SL-LOSS
2024.08.07 12:01,L,E2,2403.452,3.454,2401.135,-34.76,0.20,0.00,EA
2024.08.08 06:30,L,E1,2399.065,4.451,2395.992,-46.09,0.36,0.00,EA
2024.08.08 13:40,L,E1,2412.602,6.490,2421.514,139.04,1.77,0.00,SL-WIN
2024.08.12 06:00,L,E1,2434.801,3.224,2440.427,82.76,1.75,0.00,TP
2024.08.12 08:53,L,E2,2443.515,2.126,2442.032,-22.24,0.11,0.00,EA
2024.08.14 01:18,L,E1,2469.232,2.659,2466.573,-39.88,1.24,0.00,SL-LOSS
2024.08.14 02:14,S,E1,2461.453,3.803,2456.929,71.47,1.59,0.00,SL-WIN
2024.08.14 08:39,L,E2,2474.739,2.300,2478.014,46.29,1.42,0.00,TP
2024.08.15 06:00,L,E1,2454.003,2.560,2457.232,50.65,1.66,0.00,SL-WIN
2024.08.15 06:17,L,E1,2457.822,3.160,2454.662,-47.39,0.32,0.00,SL-LOSS
2024.08.16 07:56,L,E1,2462.803,4.131,2461.575,-18.42,0.42,0.00,EA
2024.08.19 00:13,L,E2,2506.402,1.579,2505.722,-10.20,0.26,0.00,EA
2024.08.19 12:39,S,E1,2492.818,2.867,2489.535,52.08,1.55,0.00,SL-WIN
2024.08.22 00:45,L,E1,2513.554,1.935,2511.619,-29.03,0.61,0.00,SL-LOSS
2024.08.26 06:33,L,E1,2513.964,2.803,2517.855,60.82,1.79,0.00,SL-WIN
2024.08.26 07:25,L,E1,2518.655,3.399,2524.815,90.57,1.82,0.00,TP
2024.08.27 13:20,S,E1,2506.482,3.936,2510.418,-59.04,0.73,0.00,SL-LOSS
2024.08.29 08:02,L,E1,2518.312,2.766,2515.546,-41.49,0.00,0.00,SL-LOSS
2024.08.30 12:25,L,E1,2523.844,3.176,2520.668,-47.64,0.30,0.00,SL-LOSS
2024.09.02 01:15,S,E1,2501.896,3.078,2498.407,55.62,1.53,0.00,SL-WIN
2024.09.03 05:28,S,E1,2494.748,1.295,2493.220,22.48,1.19,0.00,TP
2024.09.03 05:40,S,E2,2493.986,1.553,2495.539,-23.30,0.72,0.00,SL-LOSS
2024.09.03 13:40,S,E2,2483.981,4.917,2477.201,95.63,1.38,0.00,TP
2024.09.04 02:40,L,E1,2496.415,2.387,2494.241,-32.61,0.13,0.00,EA
2024.09.05 01:20,L,E1,2497.687,2.545,2496.863,-12.36,0.66,0.00,EA
2024.09.05 05:48,L,E1,2498.396,2.189,2502.213,56.53,1.75,0.00,TP
2024.09.06 02:37,L,E1,2517.475,2.328,2517.272,-3.04,0.27,0.00,EA
2024.09.06 12:11,S,E1,2513.256,2.645,2515.901,-39.68,0.36,0.00,SL-LOSS
2024.09.09 00:30,S,E1,2495.860,1.921,2497.781,-28.82,0.00,0.00,SL-LOSS
2024.09.10 06:10,L,E1,2505.621,2.319,2503.302,-34.78,0.42,0.00,SL-LOSS
2024.09.11 01:40,L,E1,2520.895,3.152,2517.743,-47.28,0.54,0.00,SL-LOSS
2024.09.11 12:39,S,E1,2505.225,9.689,2509.519,-64.41,0.44,0.00,EA
2024.09.12 02:49,S,E1,2511.312,1.827,2513.139,-27.40,0.11,0.00,SL-LOSS
2024.09.12 12:41,L,E2,2527.031,4.303,2533.407,90.25,1.50,0.00,TP
2024.09.13 01:01,L,E2,2561.907,2.217,2565.165,45.95,1.47,0.00,TP
2024.09.16 01:40,L,E1,2582.487,1.899,2584.861,37.16,1.65,0.00,SL-WIN
2024.09.16 13:50,L,E1,2586.219,5.223,2580.996,-78.35,0.59,0.00,SL-LOSS
2024.09.18 05:06,S,E1,2567.689,2.391,2570.080,-35.86,0.77,0.00,SL-LOSS
2024.09.19 05:40,L,E1,2569.770,2.974,2575.191,79.83,1.83,0.00,TP
2024.09.19 06:01,L,E1,2574.811,3.737,2581.582,99.77,1.81,0.00,TP
2024.09.23 05:51,L,E1,2631.209,2.559,2628.650,-38.38,0.02,0.00,SL-LOSS
2024.09.24 03:18,L,E2,2631.773,1.756,2632.169,5.94,0.29,0.00,EA
2024.09.24 13:07,L,E1,2633.908,4.506,2642.304,123.49,1.87,0.00,TP
2024.09.25 12:05,L,E1,2659.730,2.594,2657.136,-38.91,0.40,0.00,SL-LOSS
2024.09.26 00:56,L,E1,2658.869,1.206,2660.856,29.25,1.66,0.00,TP
2024.09.26 03:17,L,E1,2661.248,2.737,2661.037,-3.17,0.20,0.00,EA
2024.09.26 05:15,L,E1,2662.043,1.551,2660.492,-23.26,0.93,0.00,SL-LOSS
2024.09.27 07:30,S,E1,2662.272,4.262,2666.534,-63.93,0.29,0.00,SL-LOSS
2024.09.30 07:55,S,E1,2651.624,3.680,2655.304,-55.19,0.23,0.00,SL-LOSS
2024.10.01 05:04,L,E1,2640.120,1.873,2643.246,46.16,1.69,0.00,TP
2024.10.04 00:56,L,E1,2656.676,1.478,2659.162,36.73,1.68,0.00,TP
2024.10.04 12:10,S,E1,2657.201,2.552,2653.032,62.53,1.81,0.00,TP
2024.10.08 01:10,S,E1,2640.158,3.842,2644.000,-57.63,0.56,0.00,SL-LOSS
2024.10.08 06:43,S,E1,2638.900,3.696,2632.856,88.89,1.65,0.00,TP
2024.10.09 13:27,S,E1,2610.458,5.343,2610.110,5.22,0.96,0.00,EA
2024.10.10 07:33,L,E1,2615.277,3.326,2616.723,21.69,0.72,0.00,EA
2024.10.11 02:28,L,E2,2638.937,2.467,2640.851,30.52,1.23,0.00,SL-WIN
2024.10.11 06:21,L,E1,2645.811,2.542,2643.269,-38.13,0.55,0.00,SL-LOSS
2024.10.14 06:21,L,E2,2661.186,1.968,2662.506,21.74,1.12,0.00,SL-WIN
2024.10.14 09:12,L,E1,2662.095,2.590,2659.505,-38.85,0.14,0.00,SL-LOSS
2024.10.15 00:14,S,E1,2648.898,1.533,2650.431,-22.99,0.98,0.00,SL-LOSS
2024.10.15 03:17,S,E1,2648.234,2.800,2647.353,13.21,0.96,0.00,EA
2024.10.15 08:14,L,E1,2654.338,3.606,2653.448,-13.35,0.41,0.00,EA
2024.10.15 12:32,L,E1,2656.857,3.825,2653.032,-57.37,0.16,0.00,SL-LOSS
2024.10.16 12:30,L,E1,2680.596,3.546,2677.050,-53.19,1.36,0.00,SL-LOSS
2024.10.17 01:49,L,E2,2681.311,2.175,2682.701,23.21,1.09,0.00,SL-WIN
2024.10.17 05:15,L,E1,2680.923,2.137,2683.457,40.52,1.59,0.00,SL-WIN
2024.10.17 06:14,L,E1,2682.241,2.276,2679.965,-34.14,1.55,0.00,SL-LOSS
2024.10.18 05:35,L,E2,2712.349,1.898,2712.214,-2.03,0.92,0.00,EA
2024.10.18 09:22,L,E1,2711.321,2.740,2711.753,6.48,0.45,0.00,EA
2024.10.18 09:26,L,E2,2712.080,2.193,2711.753,-4.90,0.22,0.00,EA
2024.10.18 12:31,L,E2,2714.731,2.590,2713.973,-11.37,0.91,0.00,EA
2024.10.21 00:37,L,E2,2725.406,2.158,2723.868,-23.07,0.00,0.00,EA
2024.10.21 01:13,L,E2,2727.076,3.135,2726.606,-7.05,0.58,0.00,EA
2024.10.22 08:30,L,E1,2736.793,3.394,2733.399,-50.91,0.20,0.00,SL-LOSS
2024.10.23 05:23,L,E1,2750.704,2.293,2748.946,-26.37,1.14,0.00,EA
2024.10.24 08:15,L,E1,2735.795,3.096,2737.848,30.79,0.91,0.00,EA
2024.10.25 01:25,S,E1,2733.467,2.000,2731.166,36.39,1.55,0.00,SL-WIN
2024.10.25 06:12,S,E1,2726.125,2.730,2728.855,-40.95,0.38,0.00,SL-LOSS
2024.10.25 14:15,L,E1,2737.730,5.734,2737.627,-1.55,0.50,0.00,EA
2024.10.28 06:15,L,E1,2741.756,3.153,2738.603,-47.30,0.88,0.00,SL-LOSS
2024.10.28 13:38,L,E1,2742.216,4.265,2743.292,16.14,0.87,0.00,EA
2024.10.30 05:25,L,E1,2780.605,1.776,2783.539,43.28,1.65,0.00,TP
2024.10.31 00:20,L,E1,2788.045,1.734,2786.311,-26.02,0.09,0.00,SL-LOSS
2024.10.31 01:10,L,E1,2788.790,2.244,2786.546,-33.66,0.32,0.00,SL-LOSS
2024.11.01 12:16,L,E1,2754.319,2.911,2751.408,-43.67,0.14,0.00,SL-LOSS
2024.11.05 01:10,S,E1,2734.622,1.871,2731.414,47.18,1.72,0.00,TP
2024.11.05 02:47,S,E2,2724.909,3.440,2726.513,-24.06,0.02,0.00,EA
2024.11.05 13:31,L,E1,2741.895,3.746,2748.454,96.49,1.76,0.00,TP
2024.11.06 01:06,S,E1,2734.966,5.203,2740.169,-78.04,0.43,0.00,SL-LOSS
2024.11.06 01:52,L,E1,2748.794,5.638,2743.156,-84.57,0.16,0.00,SL-LOSS
2024.11.06 03:30,S,E1,2731.489,6.585,2732.828,-20.08,0.10,0.00,EA
2024.11.06 05:36,S,E1,2737.073,4.739,2729.211,115.61,1.66,0.00,TP
2024.11.08 14:08,L,E1,2702.681,6.038,2696.643,-90.57,0.23,0.00,SL-LOSS
2024.11.11 01:10,S,E1,2679.118,4.339,2671.789,107.81,1.69,0.00,TP
2024.11.11 08:25,S,E1,2668.655,3.117,2665.570,46.28,1.33,0.00,EA
2024.11.12 05:22,S,E2,2614.233,1.542,2613.115,18.01,1.17,0.00,SL-WIN
2024.11.12 09:10,S,E2,2591.664,4.083,2595.747,-61.25,0.12,0.00,SL-LOSS
2024.11.14 05:20,S,E1,2560.776,2.758,2556.250,66.62,1.67,0.00,TP
2024.11.14 06:49,S,E2,2552.706,2.764,2554.415,-25.63,0.24,0.00,EA
2024.11.15 01:12,L,E1,2571.054,2.911,2568.143,-43.66,0.01,0.00,SL-LOSS
2024.11.15 08:30,S,E1,2563.271,3.275,2566.546,-49.12,0.28,0.00,SL-LOSS
2024.11.19 01:15,L,E2,2617.822,2.602,2615.651,-32.57,0.01,0.00,EA
2024.11.19 08:47,L,E1,2626.311,4.414,2631.570,78.89,1.28,0.00,EA
2024.11.20 14:36,L,E2,2643.821,4.578,2643.143,-10.17,0.58,0.00,EA
2024.11.21 02:10,L,E1,2657.912,3.835,2654.077,-57.52,0.03,0.00,SL-LOSS
2024.11.21 05:50,L,E1,2657.593,2.439,2660.680,49.09,1.67,0.00,SL-WIN
2024.11.21 08:23,L,E2,2666.500,2.388,2669.903,48.07,1.43,0.00,TP
2024.11.22 00:12,L,E1,2670.968,1.669,2672.856,30.33,1.53,0.00,SL-WIN
2024.11.25 02:49,S,E1,2695.385,4.402,2688.008,108.53,1.69,0.00,TP
2024.11.25 05:20,S,E2,2669.526,3.028,2672.025,-37.49,0.00,0.00,EA
2024.11.25 14:20,S,E1,2652.483,10.685,2640.259,194.32,1.54,0.00,SL-WIN
2024.11.26 05:18,S,E1,2622.139,2.900,2625.039,-43.50,1.45,0.00,SL-LOSS
2024.11.27 13:05,L,E1,2652.949,2.886,2650.063,-43.29,0.00,0.00,SL-LOSS
2024.12.02 06:00,S,E1,2623.194,3.877,2627.071,-58.15,0.31,0.00,SL-LOSS
2024.12.03 01:10,L,E1,2643.851,3.248,2640.603,-48.72,0.46,0.00,SL-LOSS
2024.12.03 05:42,L,E1,2640.276,2.448,2644.591,63.45,1.77,0.00,TP
2024.12.03 06:10,L,E2,2644.783,2.295,2648.055,46.45,1.43,0.00,TP
2024.12.03 09:05,L,E1,2647.027,4.671,2645.421,-24.09,0.24,0.00,EA
2024.12.03 13:02,S,E1,2638.160,2.829,2640.989,-42.44,0.08,0.00,SL-LOSS
2024.12.04 00:45,S,E1,2640.756,1.509,2638.147,38.41,1.73,0.00,TP
2024.12.04 05:07,L,E2,2649.114,1.512,2650.477,20.80,1.35,0.00,SL-WIN
2024.12.05 01:50,S,E1,2646.616,2.803,2649.419,-42.04,0.44,0.00,SL-LOSS
2024.12.05 05:46,L,E1,2653.429,3.152,2650.277,-47.28,0.67,0.00,SL-LOSS
2024.12.06 00:55,S,E1,2630.804,1.523,2628.940,29.55,1.62,0.00,SL-WIN
2024.12.09 13:34,L,E2,2659.692,3.813,2663.243,54.50,1.38,0.00,SL-WIN
2024.12.10 00:10,S,E1,2658.064,2.194,2660.258,-32.91,0.00,0.00,SL-LOSS
2024.12.11 00:22,L,E2,2697.385,2.287,2699.255,29.58,1.27,0.00,SL-WIN
2024.12.12 05:51,L,E1,2716.346,2.808,2713.538,-42.12,0.00,0.00,SL-LOSS
2024.12.12 08:25,L,E1,2718.263,3.058,2715.205,-45.88,0.16,0.00,SL-LOSS
2024.12.12 13:34,S,E1,2706.959,4.849,2700.777,91.00,1.30,0.00,TP
2024.12.13 07:31,S,E1,2681.781,2.936,2684.717,-44.04,0.18,0.00,SL-LOSS
2024.12.13 07:45,S,E1,2682.117,3.376,2676.562,81.77,1.66,0.00,TP
2024.12.13 13:15,S,E1,2666.138,4.517,2670.655,-67.75,0.15,0.00,SL-LOSS
2024.12.13 13:35,S,E1,2664.592,5.958,2659.282,79.65,1.19,0.00,EA
2024.12.16 00:49,S,E2,2646.980,1.586,2645.736,20.32,1.23,0.00,SL-WIN
2024.12.16 05:23,S,E1,2651.146,2.603,2653.749,-39.04,0.29,0.00,SL-LOSS
2024.12.16 13:08,L,E1,2663.254,3.705,2659.549,-55.58,0.28,0.00,SL-LOSS
2024.12.17 08:28,S,E2,2647.886,2.745,2648.026,-2.10,0.73,0.00,EA
2024.12.18 01:17,L,E2,2651.661,2.049,2649.612,-30.73,0.00,0.00,SL-LOSS
2024.12.18 05:46,L,E1,2648.470,2.396,2646.074,-35.95,0.46,0.00,SL-LOSS
2024.12.18 13:37,S,E1,2644.510,3.330,2640.562,58.14,1.20,0.00,TP
2024.12.18 14:17,S,E1,2640.189,3.988,2636.364,57.37,1.02,0.00,EA
2024.12.20 01:00,S,E1,2590.919,2.149,2593.068,-32.24,0.55,0.00,SL-LOSS
2024.12.20 05:30,S,E1,2596.845,2.018,2598.863,-30.27,0.05,0.00,SL-LOSS
2024.12.20 08:13,L,E2,2607.374,2.533,2605.893,-22.21,0.14,0.00,EA
2024.12.23 06:20,L,E1,2628.645,2.963,2629.688,15.65,1.56,0.00,EA
2024.12.24 05:45,L,E1,2619.746,1.481,2618.265,-22.22,0.69,0.00,SL-LOSS
2024.12.26 08:14,L,E1,2628.468,2.257,2626.211,-33.85,0.26,0.00,SL-LOSS
2024.12.30 01:24,L,E1,2625.718,3.165,2622.553,-47.48,0.37,0.00,SL-LOSS
2024.12.31 03:08,S,E1,2605.621,1.835,2607.456,-27.53,0.05,0.00,SL-LOSS
2024.12.31 05:50,S,E1,2605.897,1.372,2603.717,32.06,1.60,0.00,TP
2025.01.02 00:10,L,E1,2625.650,2.332,2629.683,59.46,1.74,0.00,TP
2025.01.02 01:10,L,E1,2629.686,3.786,2636.447,99.60,1.79,0.00,TP
2025.01.02 05:31,L,E2,2635.601,1.428,2634.173,-21.42,0.64,0.00,SL-LOSS
2025.01.02 08:05,L,E1,2636.017,2.441,2633.576,-36.61,0.46,0.00,SL-LOSS
2025.01.06 07:45,S,E2,2625.767,2.651,2627.771,-30.06,0.09,0.00,EA
2025.01.07 01:22,L,E1,2638.015,3.035,2638.709,10.41,1.04,0.00,EA
2025.01.08 13:10,L,E1,2657.385,3.991,2653.394,-59.86,0.50,0.00,SL-LOSS
2025.01.10 05:43,L,E2,2675.428,1.613,2674.603,-12.37,0.30,0.00,EA
2025.01.10 08:25,L,E2,2680.073,2.435,2678.842,-18.46,0.11,0.00,EA
2025.01.13 07:47,S,E1,2684.690,2.899,2687.589,-43.48,0.04,0.00,SL-LOSS
2025.01.13 13:38,S,E2,2665.773,5.081,2666.373,-9.00,0.38,0.00,EA
2025.01.14 08:35,L,E1,2673.032,3.256,2669.776,-48.84,0.28,0.00,SL-LOSS
2025.01.16 09:20,L,E2,2702.981,2.514,2704.548,26.11,1.07,0.00,SL-WIN
2025.01.17 09:25,S,E1,2708.054,2.925,2706.935,16.79,0.77,0.00,EA
2025.01.22 05:37,L,E2,2754.615,1.798,2757.048,34.36,1.36,0.00,TP
2025.01.23 01:25,S,E1,2753.998,2.093,2751.598,37.97,1.55,0.00,SL-WIN
2025.01.23 05:31,S,E1,2751.982,1.784,2753.766,-26.76,0.40,0.00,SL-LOSS
2025.01.23 12:25,S,E1,2746.501,4.546,2738.843,112.63,1.68,0.00,TP
2025.01.29 13:18,S,E1,2753.720,3.870,2757.590,-58.05,0.35,0.00,SL-LOSS
2025.01.30 06:09,L,E1,2761.716,1.967,2765.210,51.53,1.78,0.00,TP
2025.01.30 12:38,L,E2,2780.389,1.730,2779.747,-9.63,0.49,0.00,EA
2025.01.31 07:25,L,E1,2799.134,3.167,2795.967,-47.51,0.62,0.00,SL-LOSS
2025.02.04 01:21,L,E1,2818.782,2.630,2823.585,70.62,1.83,0.00,TP
2025.02.05 00:40,L,E1,2846.107,2.864,2843.243,-42.96,1.03,0.00,SL-LOSS
2025.02.05 05:45,L,E1,2858.369,3.312,2856.210,-32.39,1.05,0.00,EA
2025.02.06 14:41,S,E2,2854.810,4.038,2849.201,79.23,1.40,0.00,TP
2025.02.10 06:05,L,E1,2881.218,3.624,2887.340,90.20,1.70,0.00,TP
2025.02.12 01:12,S,E1,2894.065,3.960,2887.617,94.81,1.63,0.00,TP
2025.02.14 05:48,L,E1,2929.787,3.289,2933.347,52.46,1.09,0.00,TP
2025.02.18 00:01,L,E1,2899.308,1.261,2898.047,-18.91,0.88,0.00,SL-LOSS
2025.02.18 01:10,S,E1,2896.655,2.064,2893.292,49.48,1.63,0.00,TP
2025.02.20 06:55,L,E2,2948.576,2.264,2951.942,47.47,1.49,0.00,TP
2025.02.21 01:16,L,E1,2946.335,3.859,2942.476,-61.74,0.90,0.00,SL-LOSS
2025.02.21 01:55,S,E1,2931.617,6.529,2938.146,-97.93,0.80,0.00,SL-LOSS
2025.02.21 03:10,S,E1,2933.569,4.737,2929.860,55.63,1.32,0.00,EA
2025.02.21 08:10,S,E1,2925.227,3.480,2919.570,83.23,1.65,0.00,TP
2025.02.24 03:17,L,E1,2943.452,4.343,2942.059,-20.90,0.24,0.00,EA
2025.02.24 08:55,L,E1,2947.004,4.448,2945.382,-24.33,0.39,0.00,EA
2025.02.25 12:40,S,E1,2926.621,5.481,2932.102,-82.22,0.44,0.00,SL-LOSS
2025.02.26 01:17,L,E1,2926.162,3.915,2922.247,-58.73,1.02,0.00,SL-LOSS
2025.02.26 12:27,S,E1,2911.510,2.608,2914.118,-39.12,0.50,0.00,SL-LOSS
2025.02.27 02:57,S,E1,2905.809,4.474,2908.734,-43.87,0.30,0.00,EA
2025.02.28 02:05,S,E1,2870.871,5.507,2876.378,-82.61,0.07,0.00,SL-LOSS
2025.03.03 14:35,L,E2,2878.982,3.340,2881.292,37.65,1.14,0.00,SL-WIN
2025.03.05 13:42,S,E1,2907.335,6.393,2896.643,157.23,1.68,0.00,TP
2025.03.06 07:30,S,E1,2916.181,4.653,2908.547,112.26,1.64,0.00,TP
2025.03.06 08:02,S,E1,2907.155,5.264,2899.691,111.96,1.47,0.00,EA
2025.03.07 02:13,S,E1,2904.038,3.920,2907.958,-62.72,0.20,0.00,SL-LOSS
2025.03.07 08:06,L,E2,2918.522,2.386,2916.136,-35.79,0.39,0.00,SL-LOSS
2025.03.10 00:09,L,E1,2917.452,2.670,2914.782,-40.05,0.20,0.00,SL-LOSS
2025.03.10 01:08,L,E2,2917.674,2.572,2915.102,-38.58,0.26,0.00,SL-LOSS
2025.03.10 01:06,L,E1,2917.464,3.444,2914.020,-51.67,0.25,0.00,SL-LOSS
2025.03.10 05:21,S,E1,2908.947,2.109,2911.056,-31.64,0.89,0.00,SL-LOSS
2025.03.10 13:35,S,E1,2900.280,5.316,2905.596,-79.74,0.48,0.00,SL-LOSS
2025.03.11 13:46,L,E2,2921.043,5.128,2918.790,-33.80,0.24,0.00,EA
2025.03.12 06:14,L,E1,2920.600,2.994,2917.606,-44.91,0.08,0.00,SL-LOSS
2025.03.12 12:10,S,E1,2912.951,2.933,2915.884,-43.99,0.24,0.00,SL-LOSS
2025.03.12 12:37,L,E1,2921.325,6.872,2914.453,-103.08,0.09,0.00,SL-LOSS
2025.03.12 13:23,S,E1,2910.487,6.719,2917.206,-100.79,0.64,0.00,SL-LOSS
2025.03.14 01:13,L,E2,2990.252,3.648,2986.604,-54.72,0.00,0.00,SL-LOSS
2025.03.14 08:26,L,E1,2991.999,3.219,2994.777,41.67,1.51,0.00,EA
2025.03.17 07:56,S,E1,2985.351,2.274,2987.625,-34.11,0.95,0.00,SL-LOSS
2025.03.18 00:10,L,E1,3001.391,1.994,3004.750,49.43,1.70,0.00,TP
2025.03.18 06:07,L,E2,3016.612,2.994,3014.126,-37.29,0.22,0.00,EA
2025.03.18 12:44,L,E2,3034.020,3.424,3034.354,5.01,0.54,0.00,EA
2025.03.20 00:25,L,E2,3055.357,2.293,3053.064,-34.39,0.01,0.00,SL-LOSS
2025.03.20 01:15,L,E1,3054.857,4.104,3050.753,-61.56,0.33,0.00,SL-LOSS
2025.03.21 09:19,S,E1,3029.534,3.648,3029.711,-2.65,0.06,0.00,EA
2025.03.21 13:43,S,E1,3016.956,8.660,3002.631,210.59,1.66,0.00,TP
2025.03.24 01:27,S,E1,3021.399,2.458,3023.857,-36.87,0.24,0.00,SL-LOSS
2025.03.24 02:50,S,E1,3017.466,3.868,3017.347,1.78,0.31,0.00,EA
2025.03.24 12:23,L,E1,3028.297,3.138,3025.159,-47.08,0.09,0.00,SL-LOSS
2025.03.25 02:51,S,E1,3008.930,2.714,3011.644,-40.71,0.46,0.00,SL-LOSS
2025.03.25 08:37,L,E1,3020.108,3.803,3021.315,18.10,0.49,0.00,EA
2025.03.26 00:45,S,E1,3018.120,1.926,3020.046,-28.90,0.83,0.00,SL-LOSS
2025.03.27 07:53,L,E2,3035.297,2.543,3036.934,27.45,1.09,0.00,SL-WIN
2025.03.28 12:36,L,E1,3080.213,4.741,3075.472,-71.11,0.35,0.00,SL-LOSS
2025.04.01 14:21,S,E1,3126.300,7.280,3128.819,-37.78,0.35,0.00,EA
2025.04.02 08:33,L,E1,3131.398,4.741,3129.856,-23.13,0.53,0.00,EA
2025.04.02 12:20,S,E2,3119.085,2.818,3121.903,-42.27,0.00,0.00,SL-LOSS
2025.04.04 07:24,S,E1,3095.803,6.629,3102.432,-99.44,0.08,0.00,SL-LOSS
2025.04.07 14:31,S,E1,3007.823,18.834,2998.193,105.93,0.60,0.00,EA
2025.04.08 13:18,L,E1,3021.997,10.176,3011.821,-152.64,0.08,0.00,SL-LOSS
2025.04.10 14:12,L,E1,3141.764,13.631,3157.394,234.45,1.15,0.00,EA
2025.04.14 08:12,S,E1,3219.167,7.961,3227.128,-119.42,0.31,0.00,SL-LOSS
2025.04.14 12:32,S,E1,3212.463,7.050,3203.538,139.59,1.67,0.00,SL-WIN
2025.04.15 01:15,L,E1,3217.697,4.912,3224.039,100.73,1.69,0.00,SL-WIN
2025.04.17 13:55,S,E1,3317.908,9.747,3301.417,242.43,1.69,0.00,TP
2025.04.21 00:04,L,E2,3353.320,4.838,3360.778,105.28,1.55,0.00,TP
2025.04.21 13:45,L,E1,3416.989,11.015,3417.544,8.32,1.21,0.00,EA
2025.04.22 12:50,S,E1,3435.197,12.113,3447.310,-181.70,1.20,0.00,SL-LOSS
2025.04.23 08:17,S,E1,3310.808,8.730,3319.538,-130.94,0.24,0.00,SL-LOSS
2025.04.24 00:15,L,E1,3321.574,6.034,3332.447,159.96,1.82,0.00,TP
2025.04.25 00:18,L,E1,3359.712,8.811,3350.901,-132.16,0.19,0.00,SL-LOSS
2025.04.25 13:16,S,E1,3281.980,11.473,3279.208,41.58,1.46,0.00,EA
2025.05.01 00:33,S,E2,3250.673,11.116,3240.876,149.45,1.33,0.00,SL-WIN
2025.05.01 03:14,S,E2,3231.394,6.277,3237.671,-94.16,0.00,0.00,SL-LOSS
2025.05.01 12:00,S,E1,3205.489,7.458,3212.947,-111.88,0.47,0.00,SL-LOSS
2025.05.02 06:23,L,E2,3261.522,4.629,3256.893,-69.44,0.19,0.00,SL-LOSS
2025.05.06 01:06,L,E1,3350.600,10.505,3370.322,289.93,1.88,0.00,TP
2025.05.08 05:58,S,E1,3365.793,10.681,3347.781,265.02,1.70,0.00,TP
2025.05.09 14:32,L,E1,3341.196,9.490,3336.657,-68.08,0.00,0.00,EA
2025.05.12 00:43,S,E2,3276.403,6.395,3279.672,-49.04,0.64,0.00,EA
2025.05.12 01:14,S,E2,3261.221,9.640,3269.610,-125.84,0.24,0.00,EA
2025.05.13 00:14,L,E1,3242.740,4.974,3237.766,-74.61,0.04,0.00,SL-LOSS
2025.05.13 01:05,L,E1,3243.004,5.994,3237.010,-89.91,0.07,0.00,SL-LOSS
2025.05.13 05:00,L,E1,3252.711,5.391,3262.560,144.81,1.83,0.00,TP
2025.05.15 01:55,S,E1,3175.558,8.654,3161.078,212.90,1.68,0.00,TP
2025.05.15 07:46,S,E1,3130.616,8.680,3139.296,-130.21,0.00,0.00,SL-LOSS
2025.05.19 06:20,L,E1,3230.514,6.627,3223.887,-99.40,0.18,0.00,SL-LOSS
2025.05.20 02:10,S,E2,3215.827,5.113,3213.280,45.11,0.95,0.00,SL-WIN
2025.05.20 02:06,S,E1,3221.251,6.524,3213.589,121.32,1.57,0.00,SL-WIN
2025.05.20 05:45,S,E1,3211.570,5.324,3216.894,-79.86,0.39,0.00,SL-LOSS
2025.05.20 12:30,L,E1,3241.529,4.958,3250.502,131.94,1.87,0.00,TP
2025.05.20 12:33,L,E2,3245.372,4.082,3249.043,56.79,1.35,0.00,SL-WIN
2025.05.21 00:31,L,E2,3298.727,4.001,3302.502,57.42,1.39,0.00,SL-WIN
2025.05.22 00:08,L,E2,3323.690,3.572,3320.580,-49.76,0.74,0.00,EA
2025.05.22 01:21,L,E2,3332.829,5.883,3336.508,62.67,1.08,0.00,SL-WIN
2025.05.22 01:24,L,E1,3336.888,7.722,3340.030,47.13,1.11,0.00,EA
2025.05.22 14:00,S,E1,3287.798,12.950,3300.748,-207.20,0.65,0.00,SL-LOSS
2025.05.23 07:49,L,E2,3333.239,3.729,3331.439,-27.00,0.18,0.00,EA
2025.05.26 12:28,S,E1,3328.973,4.055,3333.028,-60.83,0.61,0.00,SL-LOSS
2025.05.27 05:00,S,E1,3330.977,3.878,3326.652,69.27,1.52,0.00,SL-WIN
2025.05.27 14:05,S,E1,3290.363,10.327,3300.690,-154.90,0.13,0.00,SL-LOSS
2025.05.28 03:27,S,E1,3293.926,6.139,3293.994,-1.02,0.34,0.00,EA
2025.05.28 08:55,L,E2,3323.030,4.326,3322.267,-11.45,0.12,0.00,EA
2025.05.29 01:05,S,E1,3255.381,9.391,3264.772,-140.87,1.04,0.00,SL-LOSS
2025.05.30 02:29,S,E1,3300.414,7.368,3297.863,38.27,0.72,0.00,EA
2025.05.30 06:20,S,E1,3294.422,5.975,3300.397,-89.63,0.63,0.00,SL-LOSS
2025.05.30 13:49,S,E1,3284.789,10.713,3281.719,46.05,1.23,0.00,EA
2025.06.03 12:20,S,E1,3351.118,5.598,3356.716,-83.97,0.36,0.00,SL-LOSS
2025.06.03 13:42,S,E1,3350.759,8.080,3341.023,152.92,1.60,0.00,SL-WIN
2025.06.06 12:42,S,E1,3345.671,12.950,3358.621,-194.26,0.15,0.00,SL-LOSS
2025.06.09 00:43,S,E2,3305.338,4.910,3298.614,94.98,1.38,0.00,TP
2025.06.09 07:25,L,E1,3327.980,4.420,3323.560,-66.30,0.04,0.00,SL-LOSS
2025.06.11 01:11,L,E1,3334.411,5.455,3328.956,-81.82,0.56,0.00,SL-LOSS
2025.06.11 07:55,L,E1,3346.557,5.223,3341.334,-78.35,0.38,0.00,SL-LOSS
2025.06.11 12:37,L,E1,3360.345,11.394,3348.951,-170.91,0.02,0.00,SL-LOSS
2025.06.12 13:43,L,E2,3396.845,7.513,3391.257,-83.82,0.30,0.00,EA
2025.06.12 13:38,L,E1,3392.971,9.470,3383.501,-142.04,0.64,0.00,SL-LOSS
2025.06.13 12:29,L,E1,3427.459,5.417,3437.514,147.85,1.86,0.00,TP
2025.06.16 13:23,S,E1,3413.829,4.593,3408.414,79.80,1.19,0.00,TP
2025.06.17 03:09,S,E1,3386.704,6.529,3375.794,160.72,1.71,0.00,TP
2025.06.17 03:24,S,E1,3376.900,8.510,3385.410,-127.66,0.09,0.00,SL-LOSS
2025.06.17 06:06,S,E1,3388.182,4.378,3382.961,81.65,1.59,0.00,SL-WIN
2025.06.17 14:36,S,E1,3372.895,9.494,3382.389,-142.41,0.70,0.00,SL-LOSS
2025.06.19 03:25,S,E1,3372.403,3.363,3371.490,13.70,0.76,0.00,EA
2025.06.20 05:01,S,E1,3353.769,3.234,3348.385,79.29,1.67,0.00,TP
2025.06.23 13:37,L,E1,3376.702,5.898,3387.511,158.94,1.83,0.00,TP
2025.06.23 13:53,L,E1,3385.958,8.923,3377.035,-133.84,0.07,0.00,SL-LOSS
2025.06.25 12:45,S,E1,3319.713,4.820,3313.958,89.92,1.59,0.00,SL-WIN
2025.06.26 08:58,L,E2,3350.292,2.920,3347.372,-43.79,0.03,0.00,SL-LOSS
2025.06.30 05:00,L,E1,3285.709,3.472,3290.395,74.25,1.75,0.00,SL-WIN
2025.06.30 13:28,S,E1,3280.635,4.647,3285.282,-69.70,0.55,0.00,SL-LOSS
2025.07.01 01:01,L,E2,3315.333,2.381,3317.439,32.43,1.33,0.00,SL-WIN
2025.07.01 06:46,L,E2,3332.849,3.072,3331.331,-22.77,0.57,0.00,EA
2025.07.01 14:07,L,E1,3354.115,7.209,3346.906,-108.14,0.00,0.00,SL-LOSS
2025.07.02 01:15,S,E1,3335.614,4.770,3340.384,-71.55,1.46,0.00,SL-LOSS
2025.07.02 05:21,L,E1,3341.491,2.781,3338.710,-41.72,0.89,0.00,SL-LOSS
2025.07.03 05:00,L,E1,3350.930,2.465,3355.405,65.82,1.83,0.00,TP
2025.07.03 08:47,L,E1,3357.303,3.725,3353.578,-55.87,0.24,0.00,SL-LOSS
2025.07.04 06:06,L,E1,3343.385,3.067,3340.318,-46.00,0.50,0.00,SL-LOSS
2025.07.07 01:13,S,E2,3313.024,5.386,3309.178,61.84,1.16,0.00,SL-WIN
2025.07.07 07:47,S,E2,3304.815,3.340,3303.029,30.97,0.98,0.00,SL-WIN
2025.07.08 06:28,L,E1,3334.272,3.749,3338.665,64.62,1.19,0.00,TP
2025.07.08 07:06,L,E1,3338.920,3.705,3335.215,-55.57,0.16,0.00,SL-LOSS
2025.07.08 13:20,S,E1,3322.040,5.835,3312.182,145.01,1.69,0.00,TP
2025.07.09 02:46,S,E2,3292.999,3.298,3288.574,62.40,1.37,0.00,TP
2025.07.10 00:10,L,E1,3319.195,2.895,3324.278,74.79,1.76,0.00,TP
2025.07.10 01:29,L,E1,3324.344,4.296,3320.048,-64.44,0.49,0.00,SL-LOSS
2025.07.11 00:06,L,E1,3326.652,3.308,3331.118,69.45,1.75,0.00,SL-WIN
2025.07.11 02:17,L,E2,3331.431,2.661,3330.667,-11.46,0.49,0.00,EA
2025.07.11 02:15,L,E1,3330.847,3.317,3335.423,68.64,1.57,0.00,EA
2025.07.14 05:30,S,E1,3355.889,3.618,3359.507,-54.27,0.00,0.00,SL-LOSS
2025.07.14 06:56,L,E2,3368.337,3.076,3371.143,43.03,1.36,0.00,SL-WIN
2025.07.17 05:36,S,E1,3338.201,2.743,3333.663,66.81,1.66,0.00,TP
2025.07.17 09:10,S,E2,3328.026,2.565,3329.564,-23.07,0.16,0.00,EA
2025.07.17 09:04,S,E1,3329.102,3.017,3332.119,-45.26,0.49,0.00,SL-LOSS
2025.07.21 01:09,L,E1,3356.509,3.448,3353.061,-51.73,0.63,0.00,SL-LOSS
2025.07.22 05:09,S,E1,3389.412,2.712,3386.294,49.72,1.55,0.00,SL-WIN
2025.07.22 12:21,L,E1,3397.225,3.700,3404.040,100.22,1.84,0.00,TP
2025.07.23 00:20,L,E1,3434.050,4.359,3429.691,-65.38,1.12,0.00,SL-LOSS
2025.07.23 13:04,S,E1,3413.973,6.736,3418.441,-67.02,1.23,0.00,EA
2025.07.24 05:44,S,E2,3375.006,3.046,3378.052,-45.69,0.09,0.00,SL-LOSS
2025.07.24 07:52,S,E2,3369.685,3.567,3367.723,33.95,1.00,0.00,SL-WIN
2025.07.24 12:55,S,E1,3354.502,6.978,3361.480,-104.67,0.44,0.00,SL-LOSS
2025.07.25 00:48,L,E1,3372.684,2.462,3370.222,-36.92,0.16,0.00,SL-LOSS
2025.07.25 06:10,S,E2,3356.034,2.814,3357.338,-19.56,0.28,0.00,EA
2025.07.25 12:52,S,E2,3337.813,3.148,3340.961,-47.22,0.14,0.00,SL-LOSS
2025.07.28 00:46,S,E2,3328.589,3.199,3331.788,-47.99,0.25,0.00,SL-LOSS
2025.07.29 06:47,L,E1,3321.560,5.032,3316.528,-75.48,0.18,0.00,SL-LOSS
2025.07.30 00:51,L,E2,3332.497,2.208,3330.289,-33.13,0.54,0.00,SL-LOSS
2025.07.30 05:33,L,E1,3328.578,2.249,3326.329,-33.73,0.19,0.00,SL-LOSS
2025.07.30 12:55,S,E1,3313.733,6.595,3302.867,159.74,1.66,0.00,TP
2025.08.04 00:09,L,E1,3359.967,4.047,3355.920,-60.71,0.00,0.00,SL-LOSS
2025.08.04 03:10,L,E1,3357.064,3.191,3356.902,-2.43,0.16,0.00,EA
2025.08.04 06:18,L,E1,3358.164,2.913,3355.251,-43.70,0.40,0.00,SL-LOSS
2025.08.04 09:20,L,E1,3360.058,2.394,3360.196,2.07,0.75,0.00,EA
2025.08.05 05:06,S,E1,3370.122,1.931,3372.053,-28.96,1.17,0.00,SL-LOSS
2025.08.06 07:09,S,E1,3373.276,2.670,3370.157,49.19,1.57,0.00,SL-WIN
2025.08.07 12:36,L,E1,3389.500,5.061,3384.439,-75.92,0.06,0.00,SL-LOSS
2025.08.08 06:10,L,E1,3395.808,4.153,3391.655,-62.29,0.00,0.00,SL-LOSS
2025.08.11 06:23,S,E2,3371.325,3.354,3366.843,63.28,1.35,0.00,TP
2025.08.11 14:41,S,E2,3342.737,4.807,3347.544,-72.11,0.25,0.00,SL-LOSS
2025.08.12 06:21,S,E1,3345.282,5.759,3351.041,-86.38,0.50,0.00,SL-LOSS
2025.08.13 01:25,S,E1,3343.480,3.811,3347.291,-57.16,0.03,0.00,SL-LOSS
2025.08.13 06:07,L,E1,3353.069,3.624,3357.871,75.06,1.73,0.00,SL-WIN
2025.08.13 07:16,L,E1,3356.952,4.077,3353.615,-50.06,1.00,0.00,EA
2025.08.13 14:04,L,E1,3368.457,5.878,3362.579,-88.17,0.40,0.00,SL-LOSS
2025.08.15 00:13,S,E1,3333.838,2.388,3336.226,-35.82,0.30,0.00,SL-LOSS
2025.08.15 12:13,S,E1,3340.439,3.312,3334.808,83.32,1.72,0.00,TP
2025.08.18 13:16,S,E1,3342.030,4.489,3334.455,111.50,1.69,0.00,TP
2025.08.22 01:24,S,E1,3336.913,2.359,3333.884,47.39,1.68,0.00,SL-WIN
2025.08.22 12:25,S,E1,3327.062,3.222,3323.123,58.30,1.24,0.00,TP
2025.08.22 14:13,L,E1,3360.306,13.942,3374.833,207.10,1.18,0.00,EA
2025.08.26 05:02,L,E1,3378.999,2.830,3376.169,-42.44,0.03,0.00,SL-LOSS
2025.08.26 05:47,L,E1,3377.629,3.320,3374.309,-49.80,0.00,0.00,SL-LOSS
2025.08.26 13:54,L,E1,3377.567,5.076,3372.491,-76.14,0.01,0.00,SL-LOSS
2025.08.29 06:45,S,E1,3409.441,2.379,3411.820,-35.69,0.29,0.00,SL-LOSS
2025.09.01 13:15,L,E1,3477.510,4.288,3475.807,-25.55,0.89,0.00,EA
2025.09.02 01:12,L,E1,3483.267,5.428,3493.342,148.31,1.87,0.00,TP
2025.09.02 14:09,L,E1,3498.128,10.000,3512.532,216.06,1.61,0.00,EA
2025.09.04 06:01,S,E2,3526.121,4.530,3528.352,-33.46,0.34,0.00,EA
2025.09.05 12:45,L,E1,3583.920,13.841,3589.290,80.55,1.01,0.00,EA
2025.09.09 12:15,L,E1,3654.555,4.671,3649.884,-70.06,0.00,0.00,SL-LOSS
2025.09.10 00:15,S,E1,3630.485,4.589,3622.933,111.03,1.65,0.00,TP
2025.09.11 07:19,S,E2,3625.713,4.193,3629.906,-62.90,0.35,0.00,SL-LOSS
2025.09.11 09:04,S,E2,3623.689,3.098,3619.475,59.52,1.38,0.00,TP
2025.09.12 01:02,L,E1,3638.884,3.778,3645.683,99.98,1.80,0.00,TP
2025.09.15 00:35,S,E1,3635.983,3.995,3629.321,98.04,1.68,0.00,TP
2025.09.15 06:51,S,E1,3639.324,4.216,3643.540,-63.24,1.29,0.00,SL-LOSS
2025.09.16 00:19,L,E1,3681.735,3.461,3687.961,91.54,1.81,0.00,TP
2025.09.16 06:05,L,E1,3683.644,3.375,3689.651,88.46,1.81,0.00,TP
2025.09.16 06:47,L,E2,3690.647,3.014,3692.879,36.17,1.19,0.00,SL-WIN
2025.09.17 01:45,S,E1,3677.770,6.200,3681.764,-59.91,0.55,0.00,EA
2025.09.17 05:40,S,E1,3677.715,4.044,3671.074,97.79,1.65,0.00,TP
2025.09.19 13:03,S,E1,3645.005,5.064,3650.069,-75.96,0.22,0.00,SL-LOSS
2025.09.22 01:16,L,E2,3695.957,5.427,3691.299,-69.87,0.10,0.00,EA
2025.09.23 01:15,L,E1,3754.805,5.922,3748.883,-88.83,0.56,0.00,SL-LOSS
2025.09.23 05:31,L,E2,3751.144,2.660,3753.249,33.82,1.24,0.00,SL-WIN
2025.09.24 13:43,S,E1,3764.140,7.432,3751.718,182.66,1.67,0.00,TP
2025.09.25 05:15,S,E1,3735.401,3.682,3739.083,-55.23,0.31,0.00,SL-LOSS
2025.09.26 06:16,L,E2,3752.129,4.173,3748.896,-48.49,0.49,0.00,EA
2025.09.26 06:15,L,E1,3751.661,5.603,3746.058,-84.04,0.45,0.00,SL-LOSS
2025.10.01 05:12,L,E1,3865.007,2.744,3866.618,27.40,0.99,0.00,SL-WIN
2025.10.02 05:15,L,E1,3868.255,3.430,3872.920,72.72,1.76,0.00,SL-WIN
2025.10.02 06:19,L,E1,3873.439,4.239,3869.200,-63.58,0.21,0.00,SL-LOSS
2025.10.02 14:51,S,E1,3829.526,16.418,3844.660,-196.74,0.25,0.00,EA
2025.10.06 02:01,L,E2,3920.937,4.602,3920.042,-13.42,0.80,0.00,EA
2025.10.07 12:03,L,E1,3969.007,5.797,3979.789,158.69,1.86,0.00,TP
2025.10.08 00:42,L,E1,3996.390,6.862,3989.528,-102.93,0.21,0.00,SL-LOSS
2025.10.08 07:11,L,E2,4038.586,4.999,4033.587,-74.98,0.10,0.00,SL-LOSS
2025.10.09 12:55,L,E2,4050.046,5.428,4055.038,77.75,1.37,0.00,SL-WIN
2025.10.10 03:00,S,E1,3978.592,6.358,3968.293,151.50,1.62,0.00,TP
2025.10.10 03:04,S,E2,3974.578,5.262,3967.490,99.98,1.35,0.00,TP
2025.10.10 06:55,S,E1,3966.643,8.456,3956.112,164.23,1.65,0.00,SL-WIN
2025.10.10 09:15,L,E1,4000.649,6.970,3993.679,-104.55,0.09,0.00,SL-LOSS
2025.10.10 09:30,L,E1,3996.541,8.289,3995.215,-19.89,0.11,0.00,EA
2025.10.13 05:19,L,E2,4067.590,5.546,4071.543,64.97,1.16,0.00,SL-WIN
2025.10.14 01:16,L,E2,4140.685,8.031,4146.337,94.00,1.15,0.00,SL-WIN
2025.10.15 01:07,L,E2,4177.239,7.883,4175.080,-32.38,1.01,0.00,EA
2025.10.15 05:22,L,E2,4190.911,5.297,4185.614,-79.46,0.54,0.00,SL-LOSS
2025.10.17 13:08,S,E1,4307.088,13.493,4284.762,328.20,1.66,0.00,TP
2025.10.21 05:22,S,E1,4331.112,8.045,4321.183,166.22,1.63,0.00,SL-WIN
2025.10.21 12:00,S,E1,4253.377,12.690,4232.205,332.60,1.67,0.00,TP
2025.10.23 05:40,L,E1,4093.670,9.430,4111.323,277.27,1.87,0.00,TP
2025.10.24 01:13,L,E1,4142.529,10.034,4132.495,-160.55,0.18,0.00,SL-LOSS
2025.10.24 05:40,S,E1,4106.493,7.329,4094.405,189.82,1.65,0.00,TP
2025.10.24 07:47,S,E2,4084.299,8.357,4077.175,117.62,1.30,0.00,SL-WIN
2025.10.27 08:26,S,E2,4057.394,6.512,4048.460,132.45,1.38,0.00,TP
2025.10.27 13:42,S,E1,4024.977,15.751,4013.401,188.24,1.13,0.00,SL-WIN
2025.10.28 00:19,S,E1,3983.454,9.500,3992.954,-161.51,1.08,0.00,SL-LOSS
2025.10.29 00:05,L,E1,3968.747,10.382,3958.365,-166.12,1.30,0.00,SL-LOSS
2025.10.29 12:17,L,E1,4025.230,10.076,4015.154,-161.22,0.40,0.00,SL-LOSS
2025.11.03 13:05,L,E1,4014.771,7.070,4007.701,-113.12,0.87,0.00,SL-LOSS
2025.11.04 13:27,S,E1,3984.976,8.809,3975.508,162.07,1.47,0.00,SL-WIN
2025.11.05 13:12,L,E1,3972.176,6.367,3965.809,-101.88,0.28,0.00,SL-LOSS
2025.11.05 13:25,L,E2,3975.680,6.656,3972.173,-56.11,0.29,0.00,EA
2025.11.05 13:24,L,E1,3974.563,8.844,3965.719,-141.50,1.25,0.00,SL-LOSS
2025.11.06 07:05,L,E1,3997.377,7.485,4011.063,214.96,1.83,0.00,TP
2025.11.07 06:35,L,E1,4002.242,6.193,4013.744,180.59,1.86,0.00,TP
2025.11.10 05:43,L,E2,4063.878,4.681,4067.252,60.04,1.17,0.00,SL-WIN
2025.11.10 12:01,L,E2,4085.913,3.649,4088.467,46.32,1.15,0.00,SL-WIN
2025.11.13 00:51,L,E1,4203.053,7.954,4195.099,-127.26,0.80,0.00,SL-LOSS
2025.11.13 08:04,L,E2,4226.358,5.234,4234.414,119.27,1.54,0.00,TP
2025.11.17 01:06,S,E1,4087.067,4.820,4091.887,-77.12,0.32,0.00,SL-LOSS
2025.11.17 02:56,S,E1,4083.234,7.201,4071.244,188.26,1.67,0.00,TP
2025.11.18 02:55,S,E1,4021.254,9.533,4013.923,117.30,1.35,0.00,EA
2025.11.20 02:18,S,E1,4053.562,14.244,4067.806,-227.91,0.94,0.00,SL-LOSS
2025.11.20 05:15,S,E1,4071.381,6.959,4059.862,180.91,1.66,0.00,TP
2025.11.20 07:25,S,E1,4061.900,9.098,4046.831,236.67,1.66,0.00,TP
2025.11.20 14:51,L,E1,4105.624,17.673,4090.730,-193.62,0.09,0.00,EA
2025.11.21 02:53,S,E1,4064.623,8.862,4049.962,245.07,1.66,0.00,TP
2025.11.24 12:46,L,E2,4080.804,4.914,4077.465,-56.76,0.66,0.00,EA
2025.11.25 13:43,L,E1,4147.253,11.814,4135.439,-200.83,0.25,0.00,SL-LOSS
2025.11.26 01:00,L,E1,4143.003,5.892,4150.581,135.18,1.69,0.00,SL-WIN
2025.11.26 08:14,L,E1,4165.778,7.099,4158.679,-120.69,0.40,0.00,SL-LOSS
2025.11.27 05:45,S,E1,4148.199,4.682,4152.881,-79.60,0.70,0.00,SL-LOSS
2025.11.27 13:08,S,E1,4150.346,5.708,4156.054,-91.33,0.19,0.00,SL-LOSS
2025.11.28 14:11,L,E1,4189.448,8.316,4204.891,242.46,1.86,0.00,TP
2025.12.01 08:15,L,E1,4251.129,6.775,4244.354,-115.17,0.36,0.00,SL-LOSS
2025.12.03 01:10,L,E1,4218.764,8.192,4225.077,101.01,1.24,0.00,EA
2025.12.04 14:54,L,E1,4204.967,11.580,4201.532,-58.39,0.28,0.00,EA
2025.12.05 12:10,L,E1,4226.489,4.375,4222.114,-74.37,1.59,0.00,SL-LOSS
2025.12.05 13:11,L,E1,4225.900,4.596,4231.098,81.62,1.13,0.00,TP
2025.12.05 14:45,L,E1,4236.311,8.254,4242.208,100.25,1.14,0.00,EA
2025.12.05 14:50,L,E2,4242.593,6.949,4242.208,-6.55,0.45,0.00,EA
2025.12.09 02:36,S,E1,4187.338,5.308,4192.646,-90.23,0.06,0.00,SL-LOSS
2025.12.09 12:55,L,E1,4207.040,4.514,4202.526,-76.74,0.29,0.00,SL-LOSS
2025.12.10 01:20,L,E1,4216.600,5.475,4213.035,-57.04,0.40,0.00,EA
2025.12.10 08:00,S,E1,4203.275,3.835,4199.068,71.29,1.50,0.00,SL-WIN
2025.12.11 13:14,S,E1,4211.401,6.414,4217.815,-102.62,0.95,0.00,SL-LOSS
2025.12.11 14:11,L,E1,4227.746,8.769,4239.986,203.04,1.80,0.00,SL-WIN
2025.12.12 05:38,L,E1,4278.990,4.876,4288.069,151.82,1.87,0.00,TP
2025.12.15 01:09,L,E1,4310.254,7.034,4323.178,216.14,1.84,0.00,TP
2025.12.15 12:12,L,E1,4343.901,2.485,4346.656,46.09,1.11,0.00,TP
2025.12.16 01:15,S,E1,4304.084,4.661,4308.745,-79.24,0.02,0.00,SL-LOSS
2025.12.17 13:19,L,E1,4327.478,7.289,4340.805,222.64,1.83,0.00,TP
2025.12.18 05:45,L,E1,4336.994,4.450,4332.544,-75.65,0.03,0.00,SL-LOSS
2025.12.19 00:15,S,E1,4330.146,4.156,4323.253,115.11,1.66,0.00,TP
2025.12.19 02:44,S,E2,4316.011,4.854,4318.232,-37.76,0.33,0.00,EA
2025.12.19 13:10,L,E1,4331.113,5.710,4325.403,-97.07,0.75,0.00,SL-LOSS
2025.12.22 13:32,L,E1,4421.958,9.400,4422.125,2.84,0.80,0.00,EA
2025.12.26 06:25,L,E2,4516.453,4.890,4514.107,-39.88,0.61,0.00,EA
2025.12.26 08:13,L,E1,4513.775,5.500,4517.919,70.45,1.26,0.00,EA
2025.12.30 08:12,L,E1,4371.784,8.571,4363.213,-145.71,0.13,0.00,SL-LOSS
2026.01.02 00:00,L,E1,4348.494,8.289,4363.893,257.19,1.86,0.00,TP
2026.01.05 05:51,L,E1,4408.320,7.296,4422.046,229.27,1.89,0.00,TP
2026.01.07 12:00,S,E1,4447.537,7.682,4455.219,-130.59,1.07,0.00,SL-LOSS
2026.01.08 13:13,S,E1,4419.738,8.957,4428.695,-152.26,0.21,0.00,SL-LOSS
2026.01.12 05:46,L,E2,4582.977,5.773,4579.640,-56.73,0.37,0.00,EA
2026.01.13 13:36,L,E1,4614.570,13.630,4624.637,171.14,1.48,0.00,EA
2026.01.15 02:55,S,E1,4598.724,9.636,4586.497,214.98,1.67,0.00,SL-WIN
2026.01.16 02:35,S,E2,4594.628,6.463,4597.469,-48.30,0.50,0.00,EA
2026.01.20 14:40,L,E1,4739.109,10.740,4743.427,73.41,0.51,0.00,EA
2026.01.21 09:28,L,E2,4875.201,7.569,4874.712,-8.31,0.24,0.00,EA
2026.01.22 13:26,L,E1,4832.870,9.598,4823.272,-163.17,0.04,0.00,SL-LOSS
2026.01.23 09:30,S,E1,4905.391,15.156,4907.300,-30.54,0.15,0.00,EA
2026.01.27 00:50,S,E1,5023.531,12.109,5035.640,-205.86,0.82,0.00,SL-LOSS
2026.01.28 13:08,L,E1,5286.767,12.418,5274.349,-211.10,0.03,0.00,SL-LOSS
2026.01.28 13:22,L,E1,5280.457,12.006,5268.451,-204.10,0.43,0.00,SL-LOSS
2026.01.30 02:03,S,E1,5309.525,46.823,5258.873,248.22,1.08,0.00,TP
2026.01.30 06:03,S,E1,5196.882,30.092,5164.284,257.58,1.08,0.00,TP
2026.02.04 14:43,S,E1,4981.828,44.830,4982.632,-4.02,0.24,0.00,EA
2026.02.05 09:15,S,E1,4862.887,32.245,4877.063,-113.41,0.28,0.00,EA
2026.02.06 14:40,L,E1,4937.056,27.835,4945.455,75.59,0.81,0.00,EA
2026.02.10 09:12,L,E1,5056.910,12.364,5052.631,-72.74,0.02,0.00,EA
2026.02.10 14:20,L,E1,5071.968,14.824,5057.144,-237.18,0.46,0.00,SL-LOSS
2026.02.12 06:37,S,E1,5049.288,10.844,5060.132,-184.35,0.19,0.00,SL-LOSS
2026.02.12 15:00,S,E1,5044.292,17.918,5041.325,38.57,0.19,0.00,EA
2026.02.13 14:50,L,E1,4998.722,30.009,4997.706,-8.13,0.26,0.00,EA
2026.02.20 13:47,L,E1,5032.583,11.259,5047.784,270.38,1.75,0.00,SL-WIN
2026.02.26 05:15,L,E1,5198.515,6.807,5191.708,-115.72,1.08,0.00,SL-LOSS
2026.02.26 08:34,S,E1,5171.193,11.624,5180.605,-160.00,0.28,0.00,EA
2026.02.26 13:37,S,E1,5171.884,7.119,5167.262,86.54,1.05,0.00,SL-WIN
2026.02.27 05:30,L,E1,5194.714,5.492,5191.042,-62.42,1.09,0.00,EA
2026.03.03 01:09,L,E1,5368.639,15.459,5353.180,-247.35,0.73,0.00,SL-LOSS
2026.03.03 13:15,S,E1,5164.093,42.128,5115.480,286.83,1.16,0.00,TP
2026.03.06 13:05,S,E1,5076.103,15.882,5091.985,-238.23,0.66,0.00,SL-LOSS
2026.03.09 13:20,S,E1,5093.253,6.083,5085.309,124.77,1.31,0.00,TP
2026.03.09 13:45,S,E1,5076.178,22.076,5098.254,-242.84,0.69,0.00,SL-LOSS
2026.03.11 13:46,S,E2,5161.892,12.641,5155.076,129.54,0.99,0.00,SL-WIN
2026.03.12 13:09,L,E1,5181.787,5.009,5176.778,-80.14,0.81,0.00,SL-LOSS
2026.03.13 05:48,S,E1,5100.829,9.349,5086.224,229.35,1.57,0.00,TP
2026.03.13 08:04,S,E2,5070.770,8.741,5077.094,-107.51,0.47,0.00,EA
2026.03.13 14:46,S,E1,5073.642,16.434,5054.832,259.79,1.15,0.00,TP
2026.03.16 13:37,L,E1,5032.943,14.145,5018.798,-240.46,0.37,0.00,SL-LOSS
2026.03.18 03:05,S,E1,4989.844,8.320,4996.010,-104.82,0.33,0.00,EA
2026.03.18 08:22,S,E1,4984.319,9.143,4993.462,-146.29,0.75,0.00,SL-LOSS
2026.03.19 05:36,S,E1,4841.473,8.099,4832.761,149.12,1.48,0.00,SL-WIN
2026.03.20 01:07,L,E1,4673.974,19.698,4654.276,-236.38,0.33,0.00,SL-LOSS
2026.03.20 13:15,S,E1,4662.266,18.463,4640.085,261.80,1.22,0.00,TP
2026.03.20 13:56,S,E2,4621.031,23.185,4611.341,108.40,0.87,0.00,SL-WIN
2026.03.23 05:34,S,E2,4321.751,17.185,4338.936,-223.40,0.01,0.00,SL-LOSS
2026.03.24 07:53,L,E1,4428.376,23.024,4405.352,-230.24,0.18,0.00,SL-LOSS
2026.03.26 12:06,S,E1,4424.367,13.657,4438.024,-218.51,0.01,0.00,SL-LOSS
2026.03.30 05:19,L,E2,4511.031,7.769,4508.254,-44.43,0.63,0.00,EA
2026.03.31 00:25,S,E1,4493.738,22.312,4516.050,-223.12,0.16,0.00,SL-LOSS
2026.03.31 01:25,L,E1,4585.333,23.446,4613.480,275.84,1.20,0.00,TP
2026.03.31 05:37,L,E1,4576.815,14.707,4562.108,-235.31,0.34,0.00,SL-LOSS
2026.03.31 14:00,L,E1,4607.600,20.276,4604.688,-32.03,1.12,0.00,EA
2026.04.01 13:46,L,E1,4743.398,12.966,4730.432,-207.46,0.41,0.00,SL-LOSS
2026.04.02 05:44,S,E2,4636.832,16.951,4621.666,168.39,0.91,0.00,TP
2026.04.06 00:28,S,E2,4604.226,14.179,4608.479,-63.80,0.22,0.00,EA
2026.04.06 05:09,L,E1,4668.714,9.633,4659.081,-154.13,1.07,0.00,SL-LOSS
2026.04.08 05:15,L,E1,4809.435,9.215,4827.216,279.23,1.94,0.00,TP
2026.04.08 14:35,S,E1,4754.357,23.288,4744.033,92.92,0.94,0.00,EA
2026.04.10 14:20,L,E2,4788.269,12.427,4788.082,-2.99,0.56,0.00,EA
2026.04.13 07:06,L,E1,4736.618,9.402,4727.216,-150.43,0.02,0.00,SL-LOSS
2026.04.15 01:27,L,E1,4850.272,13.564,4836.708,-217.02,0.29,0.00,SL-LOSS
2026.04.17 00:08,S,E1,4788.455,5.879,4794.334,-94.07,0.14,0.00,SL-LOSS
2026.04.17 07:50,S,E2,4780.181,5.577,4785.758,-89.22,0.24,0.00,SL-LOSS
2026.04.17 08:15,S,E1,4783.475,7.688,4791.163,-123.01,0.08,0.00,SL-LOSS
2026.04.20 05:14,S,E2,4784.572,6.254,4788.666,-61.41,0.00,0.00,EA
2026.04.20 13:10,L,E1,4810.975,11.642,4799.333,-174.63,1.44,0.00,SL-LOSS
2026.04.21 00:13,L,E1,4828.416,6.822,4821.594,-102.33,0.32,0.00,SL-LOSS
2026.04.21 05:54,S,E1,4787.581,8.244,4778.002,152.06,1.56,0.00,SL-WIN
2026.04.24 13:47,L,E1,4709.549,12.888,4725.960,261.16,1.67,0.00,SL-WIN
2026.04.28 02:03,S,E1,4668.144,9.216,4677.360,-138.24,0.00,0.00,SL-LOSS
2026.04.29 12:55,S,E1,4545.180,11.411,4525.530,289.58,1.72,0.00,TP
2026.05.01 14:15,L,E1,4656.487,22.002,4634.485,-220.02,0.18,0.00,SL-LOSS
2026.05.04 01:10,S,E1,4599.184,10.127,4606.798,-114.21,0.62,0.00,EA
2026.05.04 05:14,S,E1,4602.237,6.026,4608.263,-90.39,0.19,0.00,SL-LOSS
2026.05.05 05:12,L,E1,4542.719,7.464,4535.255,-111.96,1.28,0.00,SL-LOSS
2026.05.06 05:57,L,E1,4659.173,8.877,4674.393,223.75,1.72,0.00,TP
2026.05.07 01:15,L,E1,4709.888,11.723,4704.732,-77.34,0.99,0.00,EA
2026.05.08 06:04,L,E1,4725.326,12.642,4712.684,-189.63,0.74,0.00,SL-LOSS
2026.05.11 02:55,S,E1,4680.631,11.349,4688.777,-122.19,0.49,0.00,EA
2026.05.11 05:48,S,E1,4659.834,10.497,4670.331,-157.45,1.09,0.00,SL-LOSS
2026.05.11 13:13,L,E1,4717.596,14.069,4743.397,379.38,1.84,0.00,TP
2026.05.12 05:00,S,E1,4713.924,8.388,4700.937,191.05,1.59,0.00,TP
2026.05.13 00:12,L,E1,4723.085,8.420,4714.665,-126.30,0.39,0.00,SL-LOSS
2026.05.13 05:38,S,E1,4699.597,4.460,4704.057,-66.90,0.69,0.00,SL-LOSS
2026.05.13 12:16,S,E1,4692.538,7.236,4680.290,180.31,1.76,0.00,TP
2026.05.14 06:48,L,E1,4700.135,9.304,4717.020,248.78,1.82,0.00,TP
2026.05.14 12:08,L,E1,4698.851,6.722,4706.121,114.22,1.09,0.00,TP
2026.05.15 00:24,S,E1,4645.960,12.555,4625.242,325.70,1.67,0.00,TP
2026.05.15 08:05,S,E2,4561.225,8.414,4553.937,121.85,1.32,0.00,SL-WIN
2026.05.15 13:10,S,E2,4538.563,11.239,4549.802,-179.83,0.00,0.00,SL-LOSS
2026.05.18 12:50,L,E1,4572.487,14.149,4558.338,-226.38,0.84,0.00,SL-LOSS
2026.05.19 13:15,S,E1,4524.525,15.717,4506.014,255.54,1.18,0.00,TP
2026.05.21 01:18,L,E1,4560.410,12.258,4548.152,-196.13,0.86,0.00,SL-LOSS
2026.05.22 08:40,S,E1,4522.082,6.860,4516.077,96.08,1.01,0.00,EA
2026.05.22 13:49,S,E1,4513.504,11.695,4493.912,307.66,1.68,0.00,TP
2026.05.28 00:24,S,E1,4448.071,6.180,4454.251,-98.88,0.74,0.00,SL-LOSS
2026.05.29 01:15,L,E1,4515.259,11.025,4504.234,-176.40,0.51,0.00,SL-LOSS
2026.05.29 07:40,L,E1,4522.863,8.442,4514.421,-135.06,0.40,0.00,SL-LOSS
2026.05.29 09:10,L,E1,4523.881,7.755,4528.697,77.06,1.09,0.00,EA
2026.05.29 12:00,L,E1,4538.516,8.863,4529.653,-141.81,0.01,0.00,SL-LOSS
