entryTimeUTC,dir,rev,retest,regimeTrend,session,entry,riskPrice,mfeR,maeR,realizedUsd,entryReason,brkDistAtr,bodyPct,adx,diSpread,runwayAtr,nodeNet,spreadPips,spreadAtr,exitTag
2026.01.02 04:05,L,0,0,1,3,4376.103,4.580,0.31,1.00,-102.79,L-BRK,1.27,0.61,75.7,28.2,3.84,0.94,112.0,0.030,SL-LOSS
2026.01.02 05:10,L,0,0,1,3,4377.900,3.732,1.04,0.78,-48.73,L-BRK,2.07,0.88,27.4,15.5,1.37,-1.00,112.0,0.037,SL-LOSS
2026.01.02 07:55,L,0,0,1,3,4382.700,4.311,0.92,0.50,17.50,L-BRK,7.13,0.65,23.1,11.3,0.78,0.28,112.0,0.030,SL-WIN
2026.01.02 08:25,L,0,0,1,3,4385.495,4.484,1.71,0.28,154.60,L-BRK,7.34,0.24,25.1,10.0,0.82,1.00,112.0,0.031,TP
2026.01.04 23:15,L,0,0,1,2,4365.418,6.771,0.51,1.00,-102.63,L-BRK,2.84,0.87,48.0,35.0,6.52,0.89,112.0,0.020,SL-LOSS
2026.01.04 23:30,L,0,0,1,2,4356.524,7.501,1.89,0.26,168.45,L-BRK,1.92,0.39,49.3,11.0,6.26,-0.34,112.0,0.017,TP
2026.01.04 23:50,L,0,0,1,2,4373.670,9.435,1.75,0.36,164.65,L-BRK,1.97,0.91,48.4,32.6,4.17,0.25,112.0,0.014,TP
2026.01.05 00:30,L,0,0,1,2,4389.019,7.234,1.08,0.16,16.62,L-BRK,4.20,0.40,62.2,39.8,2.59,0.23,112.0,0.019,SL-WIN
2026.01.05 03:00,L,0,0,1,3,4411.772,7.400,0.32,1.00,-103.71,L-BRK,4.96,0.37,41.4,19.9,2.50,0.37,112.0,0.018,SL-LOSS
2026.01.05 04:40,L,0,0,1,3,4405.902,4.520,1.66,0.51,150.97,L-BRK,6.38,0.23,23.0,13.1,4.16,0.59,112.0,0.031,TP
2026.01.05 05:30,L,0,0,1,3,4409.741,3.618,0.48,1.00,-105.42,L-BRK,8.29,0.79,36.5,20.7,3.14,0.36,112.0,0.039,SL-LOSS
2026.01.05 05:50,L,0,0,1,3,4410.317,4.965,1.69,0.51,160.86,L-BRK,4.24,0.64,32.2,12.1,3.95,0.36,112.0,0.028,TP
2026.01.05 15:05,L,0,0,1,1,4454.470,9.338,0.04,0.99,-102.87,L-BRK,2.05,0.90,62.2,31.7,0.49,0.57,112.0,0.015,SL-LOSS
2026.01.05 15:10,L,0,0,1,1,4449.236,9.618,0.33,1.00,-106.05,L-BRK,2.36,0.38,60.5,20.3,0.18,0.57,112.0,0.014,SL-LOSS
2026.01.05 16:00,L,0,0,1,1,4448.756,9.403,0.03,1.00,-103.45,L-BRK,0.97,0.66,27.7,9.9,0.93,-0.09,112.0,0.015,SL-LOSS
2026.01.05 23:10,L,0,0,1,2,4451.767,3.720,0.46,0.98,-100.68,L-BRK,0.91,0.59,49.0,32.5,1.04,-0.09,112.0,0.037,SL-LOSS
2026.01.06 05:05,L,0,0,1,3,4467.905,3.146,1.68,0.33,153.81,L-BRK,3.98,0.69,22.9,12.2,0.30,0.76,112.0,0.044,TP
2026.01.06 05:30,L,0,0,1,3,4471.535,3.267,0.18,0.99,-101.31,L-BRK,5.04,0.52,34.3,21.7,1.92,-0.00,112.0,0.043,SL-LOSS
2026.01.06 05:35,L,0,0,1,3,4464.105,3.849,0.53,0.99,-100.70,L-BRK,5.22,0.33,33.1,9.8,1.12,-0.00,112.0,0.037,SL-LOSS
2026.01.06 06:35,L,0,0,1,3,4464.446,5.961,1.01,0.56,-23.68,L-BRK,1.36,0.58,27.4,16.2,2.01,-0.40,112.0,0.023,SL-LOSS
2026.01.06 14:40,L,0,0,1,1,4479.817,7.383,0.81,0.04,15.12,L-BRK,1.42,0.02,23.8,14.0,0.69,0.43,112.0,0.019,SL-WIN
2026.01.06 14:50,L,0,0,1,1,4488.035,7.863,0.37,1.00,-102.26,L-BRK,1.73,0.41,30.0,19.4,0.96,0.30,112.0,0.017,SL-LOSS
2026.01.06 16:40,L,0,0,1,1,4488.247,6.591,0.32,0.99,-98.93,L-BRK,0.85,0.32,31.3,23.7,0.68,0.20,112.0,0.021,SL-LOSS
2026.01.06 17:55,L,0,0,1,1,4489.512,4.575,1.01,0.74,18.09,L-BRK,1.29,0.71,33.0,9.1,0.38,0.00,112.0,0.030,SL-WIN
2026.01.06 21:55,L,0,0,1,2,4498.218,6.372,0.22,0.54,21.15,L-BRK,4.83,0.64,45.9,11.3,0.90,-0.22,112.0,0.048,TP
2026.01.06 23:20,L,0,0,1,2,4499.967,2.634,0.23,0.99,-97.64,L-BRK,7.31,0.51,40.5,15.6,0.65,0.25,112.0,0.052,SL-LOSS
2026.01.07 15:20,S,0,0,1,1,4430.824,9.895,0.00,1.00,-99.29,S-BRK,2.04,0.27,22.7,11.0,0.17,0.00,112.0,0.013,SL-LOSS
2026.01.08 02:35,S,0,0,1,2,4439.057,6.703,0.22,1.00,-94.34,S-BRK,0.85,0.76,58.0,32.2,2.42,-0.35,112.0,0.020,SL-LOSS
2026.01.08 04:45,S,0,0,1,3,4431.188,3.387,1.76,0.68,153.21,S-BRK,1.52,0.74,39.5,29.3,2.95,-0.65,112.0,0.040,TP
2026.01.08 05:15,S,0,0,1,3,4426.434,3.665,1.63,0.91,19.22,S-BRK,4.75,0.15,56.8,35.0,1.58,0.12,112.0,0.037,SL-WIN
2026.01.08 05:30,S,0,0,1,3,4423.001,4.438,1.66,0.79,17.50,S-BRK,3.59,0.54,59.1,30.5,1.95,-0.39,112.0,0.030,SL-WIN
2026.01.08 05:45,S,0,0,1,3,4421.137,5.576,0.55,1.00,-95.64,S-BRK,3.77,0.55,63.7,25.3,0.71,0.12,112.0,0.024,SL-LOSS
2026.01.08 20:30,L,0,0,1,1,4476.262,4.928,1.61,0.87,25.50,L-BRK,1.15,0.57,40.7,37.4,2.17,0.94,112.0,0.028,SL-WIN
2026.01.08 23:00,L,0,0,1,2,4477.539,4.120,0.62,0.99,-100.23,L-BRK,3.75,0.12,40.8,24.0,2.31,0.37,112.0,0.035,SL-LOSS
2026.01.09 02:00,L,0,0,1,2,4475.703,6.451,0.13,1.00,-96.93,L-BRK,1.03,0.60,46.9,26.8,2.99,0.16,112.0,0.021,SL-LOSS
2026.01.09 14:25,L,0,0,1,1,4494.721,11.438,0.00,1.00,-91.57,L-BRK,2.59,0.76,22.1,11.1,0.27,0.99,112.0,0.012,SL-LOSS
2026.01.09 15:25,L,0,0,1,1,4505.429,10.364,1.14,0.02,11.68,L-BRK,1.30,0.61,22.1,12.4,0.26,-0.10,112.0,0.013,SL-WIN
2026.01.09 17:00,L,0,0,1,1,4507.315,6.307,0.51,1.00,-95.13,L-BRK,6.61,0.37,27.4,11.6,2.13,0.00,112.0,0.022,SL-LOSS
2026.01.11 23:05,L,0,0,1,2,4529.397,4.378,0.05,1.00,-92.61,L-BRK,5.07,0.85,24.1,23.2,2.42,-0.24,112.0,0.032,SL-LOSS
2026.01.11 23:10,L,0,0,1,2,4530.234,4.803,1.74,0.18,146.19,L-BRK,6.50,0.96,27.9,22.5,0.43,-0.24,112.0,0.028,TP
2026.01.11 23:30,L,0,0,1,2,4536.194,5.548,1.59,0.52,16.49,L-BRK,6.92,0.66,46.2,32.8,0.32,0.08,112.0,0.025,SL-WIN
2026.01.12 00:00,L,0,0,1,2,4544.993,7.232,1.77,0.14,152.98,L-BRK,5.70,0.47,51.7,18.5,0.98,0.08,112.0,0.019,TP
2026.01.12 03:05,L,0,0,1,3,4577.416,6.807,0.60,1.00,-95.62,L-BRK,10.72,0.18,24.5,10.6,4.30,0.00,112.0,0.020,SL-LOSS
2026.01.12 05:20,L,0,0,1,3,4572.627,4.216,1.73,0.69,147.34,L-BRK,17.80,0.64,23.2,8.9,8.48,0.00,112.0,0.033,TP
2026.01.12 05:40,L,0,0,1,3,4581.834,4.865,0.68,1.00,-92.89,L-BRK,16.91,0.24,38.0,22.2,5.99,0.00,112.0,0.029,SL-LOSS
2026.01.12 07:20,L,0,0,1,3,4584.016,4.477,0.28,1.00,-94.48,L-BRK,15.28,0.74,23.9,18.0,4.13,0.00,112.0,0.031,SL-LOSS
2026.01.12 14:00,L,0,0,1,1,4600.351,8.223,0.49,1.00,-90.76,L-BRK,6.07,0.78,58.2,13.3,0.81,0.00,112.0,0.016,SL-LOSS
2026.01.13 14:05,L,0,0,1,1,4614.509,8.370,1.12,0.29,16.71,L-BRK,0.93,0.05,43.9,11.5,2.80,0.43,112.0,0.016,SL-WIN
2026.01.13 14:40,L,0,0,1,1,4625.831,8.226,1.08,0.13,16.30,L-BRK,1.38,0.26,35.3,10.1,1.81,0.51,112.0,0.016,SL-WIN
2026.01.13 14:50,L,0,0,1,1,4624.418,9.043,0.95,0.16,15.65,L-BRK,3.28,0.83,37.8,15.5,0.14,0.21,112.0,0.015,SL-WIN
2026.01.13 20:35,S,0,0,1,1,4576.736,7.206,0.25,1.00,-93.75,S-BRK,1.03,0.90,22.3,19.9,0.55,-0.13,112.0,0.018,SL-LOSS
2026.01.14 01:05,L,0,0,1,2,4611.449,5.229,1.81,0.19,145.68,L-BRK,1.09,0.63,34.0,16.0,4.64,0.66,112.0,0.026,TP
2026.01.14 05:00,L,0,0,1,3,4638.866,3.736,0.02,1.00,-94.17,L-BRK,5.09,0.10,24.1,16.2,3.94,-0.13,112.0,0.037,SL-LOSS
2026.01.14 05:05,L,0,0,1,3,4635.571,3.828,0.15,0.99,-91.94,L-BRK,7.40,0.92,26.4,14.0,0.28,-0.13,112.0,0.037,SL-LOSS
2026.01.14 05:40,L,0,0,1,3,4636.494,4.657,0.65,1.00,-93.74,L-BRK,5.45,0.47,22.1,9.6,0.82,-0.13,112.0,0.029,SL-LOSS
2026.01.14 07:00,L,0,0,1,3,4634.657,7.229,0.69,1.00,-86.79,L-BRK,3.53,0.89,23.6,16.1,0.45,-0.13,112.0,0.019,SL-LOSS
2026.01.15 01:25,S,0,0,1,2,4600.598,6.676,1.78,0.07,143.78,S-BRK,1.09,0.70,32.7,19.8,5.36,0.03,112.0,0.020,TP
2026.01.15 01:35,S,0,0,1,2,4596.466,8.439,0.19,1.00,-92.87,S-BRK,1.86,0.52,41.2,23.8,3.43,0.03,112.0,0.016,SL-LOSS
2026.01.15 03:05,S,0,0,1,3,4596.952,7.293,1.81,0.25,144.88,S-BRK,0.89,0.68,26.5,12.7,4.73,-0.13,112.0,0.018,TP
2026.01.15 03:20,S,0,0,1,3,4586.938,7.794,0.73,0.99,-93.86,S-BRK,2.02,0.02,37.8,25.9,3.63,-0.13,112.0,0.018,SL-LOSS
2026.01.15 03:45,S,0,0,1,3,4593.857,8.612,1.18,0.44,14.17,S-BRK,1.01,0.22,34.9,11.9,3.88,-0.13,112.0,0.016,SL-WIN
2026.01.15 05:30,S,0,0,1,3,4585.556,5.587,0.70,1.00,-89.85,S-BRK,2.49,0.92,27.6,9.5,5.53,-0.13,112.0,0.024,SL-LOSS
2026.01.15 14:00,S,0,0,1,1,4591.908,8.522,0.39,0.99,-93.98,S-BRK,2.98,0.30,50.4,18.7,1.14,-0.19,112.0,0.016,SL-LOSS
2026.01.16 02:55,S,0,0,1,2,4594.942,5.318,0.38,1.00,-90.94,S-BRK,1.15,0.68,36.5,13.3,2.58,-0.56,112.0,0.025,SL-LOSS
2026.01.16 15:25,S,0,0,1,1,4564.910,11.869,1.79,0.47,137.61,S-BRK,0.97,0.57,25.5,16.3,2.95,-0.34,112.0,0.011,TP
2026.01.16 15:30,S,0,0,1,1,4544.245,14.494,0.39,1.00,-87.10,S-BRK,3.10,0.84,28.5,25.2,2.86,-0.05,112.0,0.009,SL-LOSS
2026.01.16 17:20,S,0,0,1,1,4584.409,9.366,0.79,0.99,-84.43,S-BRK,1.42,0.96,24.8,17.2,6.09,-0.01,112.0,0.014,SL-LOSS
2026.01.16 19:00,S,0,0,1,1,4585.748,6.061,0.78,1.00,-85.70,S-BRK,2.52,0.91,27.2,8.3,9.00,0.11,112.0,0.021,SL-LOSS
2026.01.18 23:10,L,0,0,1,2,4654.144,8.680,1.88,0.03,145.36,L-BRK,4.81,0.47,37.1,30.6,0.53,-0.51,112.0,0.015,TP
2026.01.18 23:20,L,0,0,1,2,4673.044,11.353,1.56,0.09,12.42,L-BRK,5.71,0.57,47.0,36.4,1.51,0.21,112.0,0.012,SL-WIN
2026.01.18 23:35,L,0,0,1,2,4674.423,12.473,0.25,0.99,-87.32,L-BRK,5.73,0.14,56.5,29.2,1.40,-0.38,112.0,0.011,SL-LOSS
2026.01.19 03:10,L,0,0,1,3,4669.065,5.716,0.15,0.99,-86.42,L-BRK,9.93,0.73,25.5,21.3,4.76,-0.38,112.0,0.024,SL-LOSS
2026.01.19 05:00,L,0,0,1,3,4669.009,3.472,0.98,0.53,16.23,L-BRK,15.45,0.79,24.8,19.3,10.95,0.04,112.0,0.040,SL-WIN
2026.01.19 05:25,L,0,0,1,3,4669.274,3.662,1.37,0.08,13.26,L-BRK,16.36,0.57,41.5,18.9,6.52,0.04,112.0,0.037,SL-WIN
2026.01.19 05:35,L,0,0,1,3,4667.455,3.977,1.14,0.89,15.78,L-BRK,14.50,0.27,44.1,12.9,6.29,0.04,112.0,0.034,SL-WIN
2026.01.20 08:10,L,0,0,1,3,4724.626,4.855,0.14,1.00,-87.50,L-BRK,1.21,0.62,37.2,15.2,0.28,0.31,112.0,0.029,SL-LOSS
2026.01.20 08:50,L,0,0,1,3,4728.349,5.395,0.59,1.00,-86.56,L-BRK,2.51,0.42,24.0,19.9,1.11,0.97,112.0,0.026,SL-LOSS
2026.01.20 09:25,L,0,0,1,3,4733.248,5.785,0.72,0.98,-86.89,L-BRK,4.62,0.64,26.3,14.3,1.15,-0.09,112.0,0.024,SL-LOSS
2026.01.20 14:00,L,0,0,1,1,4741.283,8.272,0.26,1.00,-82.94,L-BRK,5.87,0.71,29.8,24.8,1.93,-0.00,112.0,0.016,SL-LOSS
2026.01.20 14:05,L,0,0,1,1,4737.304,9.146,1.52,0.22,10.11,L-BRK,5.02,0.31,32.1,17.4,1.11,-0.00,112.0,0.015,SL-WIN
2026.01.20 14:30,L,0,0,1,1,4731.161,10.728,1.62,0.24,11.59,L-BRK,4.74,0.80,43.8,14.6,0.07,0.00,112.0,0.013,SL-WIN
2026.01.20 16:50,L,0,0,1,1,4751.306,7.037,0.93,0.11,14.24,L-BRK,3.46,0.94,22.4,19.7,0.42,0.45,112.0,0.020,SL-WIN
2026.01.20 21:55,L,0,0,1,2,4762.740,2.054,0.00,1.00,-85.53,L-BRK,9.58,0.68,33.4,13.0,1.61,-0.21,112.0,0.050,SL-LOSS
2026.01.20 23:40,L,0,0,1,2,4774.046,4.177,1.67,0.46,125.30,L-BRK,8.61,0.94,23.2,20.8,3.86,-0.00,112.0,0.034,TP
2026.01.20 23:45,L,0,0,1,2,4778.505,4.818,0.14,0.99,-92.43,L-BRK,10.02,1.00,28.1,28.8,2.19,-0.00,112.0,0.029,SL-LOSS
2026.01.21 00:10,L,0,0,1,2,4776.859,5.159,1.70,0.59,127.07,L-BRK,8.18,0.92,31.0,13.8,1.15,-0.00,112.0,0.027,TP
2026.01.21 03:00,L,0,0,1,3,4844.136,10.068,0.58,1.00,-80.82,L-BRK,9.50,0.87,37.2,22.0,1.15,-0.00,112.0,0.014,SL-LOSS
2026.01.21 03:10,L,0,0,1,3,4833.658,10.103,1.78,0.65,133.88,L-BRK,11.53,0.10,36.4,9.7,0.71,-0.00,112.0,0.013,TP
2026.01.21 04:20,L,0,0,1,3,4853.678,7.171,1.73,0.56,135.91,L-BRK,14.17,0.75,41.1,25.7,0.61,-0.00,112.0,0.019,TP
2026.01.21 04:50,L,0,0,1,3,4866.138,6.191,0.79,0.99,-86.80,L-BRK,20.52,0.50,57.9,31.3,0.65,0.00,112.0,0.022,SL-LOSS
2026.01.22 17:25,L,0,0,1,1,4890.130,9.122,1.74,0.09,134.92,L-BRK,1.63,0.55,32.5,12.9,0.82,0.50,112.0,0.015,TP
2026.01.22 17:55,L,0,0,1,1,4904.616,9.301,1.80,0.35,141.43,L-BRK,2.99,0.20,50.9,20.9,0.22,0.63,112.0,0.014,TP
2026.01.22 19:05,L,0,0,1,1,4921.215,6.970,0.47,1.00,-91.24,L-BRK,7.52,0.79,68.3,27.7,0.68,1.00,112.0,0.020,SL-LOSS
2026.01.22 20:05,L,0,0,1,1,4922.612,6.183,0.94,0.17,12.78,L-BRK,8.22,0.97,35.8,10.9,0.53,1.00,112.0,0.022,SL-WIN
2026.01.22 21:55,L,0,0,1,2,4944.482,14.057,0.16,0.08,13.55,L-BRK,10.55,0.33,39.4,22.1,1.07,1.00,112.0,0.023,TP
2026.01.22 23:00,L,0,0,1,2,4952.476,6.915,1.08,0.34,14.21,L-BRK,11.52,0.10,42.9,29.6,3.34,0.16,112.0,0.020,SL-WIN
2026.01.22 23:10,L,0,0,1,2,4943.281,8.000,0.34,0.99,-88.05,L-BRK,13.68,0.40,47.4,25.0,0.72,0.16,112.0,0.017,SL-LOSS
2026.01.22 23:45,L,0,0,1,2,4950.993,9.540,1.30,0.26,6.09,L-BRK,8.59,0.82,29.0,14.1,3.01,0.16,112.0,0.014,SL-WIN
2026.01.23 04:40,L,0,0,1,3,4956.841,3.667,1.81,0.65,141.36,L-BRK,26.79,0.59,22.1,17.3,3.28,-0.01,112.0,0.036,TP
2026.01.23 05:45,L,0,0,1,3,4966.867,3.462,0.14,0.99,-90.19,L-BRK,36.69,0.83,31.1,29.4,2.57,0.01,112.0,0.041,SL-LOSS
2026.01.23 05:55,L,0,0,1,3,4960.737,3.687,0.62,0.99,-89.86,L-BRK,33.56,0.70,35.2,15.2,1.24,0.01,112.0,0.037,SL-LOSS
2026.01.25 23:05,L,0,0,1,2,5023.608,7.831,0.33,1.00,-86.71,L-BRK,5.74,0.24,25.0,14.6,0.87,-0.14,112.0,0.017,SL-LOSS
2026.01.25 23:10,L,0,0,1,2,5021.595,8.451,0.94,0.21,16.44,L-BRK,5.06,0.77,25.7,13.8,0.37,-0.14,112.0,0.016,SL-WIN
2026.01.25 23:15,L,0,0,1,2,5028.628,9.177,0.28,1.00,-82.94,L-BRK,5.08,0.16,27.2,16.6,1.12,-0.49,112.0,0.015,SL-LOSS
2026.01.25 23:35,L,0,0,1,2,5030.118,11.804,1.17,0.42,12.59,L-BRK,3.92,0.40,23.9,9.3,1.01,0.39,112.0,0.011,SL-WIN
2026.01.26 06:00,L,0,0,1,3,5079.301,10.415,0.00,1.00,-83.90,L-BRK,10.35,0.18,32.1,15.8,2.26,0.00,112.0,0.013,SL-LOSS
2026.01.26 06:30,L,0,0,1,3,5079.698,9.430,1.78,0.19,142.09,L-BRK,10.59,0.53,24.1,16.7,2.19,0.00,112.0,0.014,TP
2026.01.26 06:45,L,0,0,1,3,5106.939,10.130,0.42,0.99,-81.17,L-BRK,12.91,0.72,36.7,38.8,2.28,-0.00,112.0,0.013,SL-LOSS
2026.01.26 06:55,L,0,0,1,3,5077.875,11.332,1.73,0.33,146.80,L-BRK,9.00,0.62,39.6,17.1,1.37,0.00,112.0,0.012,TP
2026.01.27 20:00,L,0,0,1,1,5119.154,7.190,1.74,0.55,137.62,L-BRK,0.96,0.79,31.7,32.2,4.96,0.42,112.0,0.019,TP
2026.01.27 20:10,L,0,0,1,1,5141.683,8.621,0.08,1.00,-86.31,L-BRK,4.62,0.55,43.2,41.1,2.89,-0.53,112.0,0.016,SL-LOSS
2026.01.27 20:15,L,0,0,1,1,5140.160,9.060,1.26,0.17,17.51,L-BRK,6.21,0.82,48.2,35.6,0.21,-0.53,112.0,0.015,SL-WIN
2026.01.27 20:20,L,0,0,1,1,5138.008,9.844,1.10,0.45,11.25,L-BRK,5.67,0.15,52.9,38.8,1.54,0.26,112.0,0.014,SL-WIN
2026.01.27 21:55,L,0,0,1,2,5177.268,9.922,0.00,1.00,-90.28,L-BRK,6.41,0.88,52.8,13.3,1.12,-0.78,112.0,0.010,SL-LOSS
2026.01.27 23:50,L,0,0,1,2,5173.373,10.150,0.34,1.00,-85.71,L-BRK,8.97,0.78,25.7,10.9,2.41,-0.78,112.0,0.013,SL-LOSS
2026.01.28 00:35,L,0,0,1,2,5169.675,7.739,1.35,0.45,14.98,L-BRK,10.48,0.89,22.7,15.5,3.64,-0.78,112.0,0.018,SL-WIN
2026.01.28 01:00,L,0,0,1,2,5186.538,8.808,1.71,0.53,136.61,L-BRK,12.05,0.67,41.6,28.2,2.97,-0.78,112.0,0.016,TP
2026.01.28 03:00,L,0,0,1,3,5236.774,11.286,0.98,0.02,11.97,L-BRK,13.57,0.34,54.3,21.6,0.57,-0.00,112.0,0.012,SL-WIN
2026.01.28 03:25,L,0,0,1,3,5237.405,9.396,0.26,1.00,-84.59,L-BRK,18.07,0.00,55.0,9.7,0.98,-0.00,112.0,0.014,SL-LOSS
2026.01.28 03:50,L,0,0,1,3,5238.684,9.200,1.76,0.86,137.16,L-BRK,18.13,0.83,35.5,9.7,1.01,-0.00,112.0,0.015,TP
2026.01.28 05:10,L,0,0,1,3,5254.089,6.302,1.08,0.20,13.10,L-BRK,28.81,0.93,23.8,24.8,0.72,-0.00,112.0,0.022,SL-WIN
2026.01.28 15:40,L,0,0,1,1,5280.535,21.375,1.24,0.63,17.55,L-BRK,0.88,0.14,26.8,20.5,2.06,0.42,112.0,0.006,SL-WIN
2026.01.28 17:55,L,0,0,1,1,5298.421,11.131,1.73,0.52,144.49,L-BRK,3.49,0.87,23.0,10.6,1.11,0.42,112.0,0.012,TP
2026.01.28 18:20,L,0,0,1,1,5321.748,12.745,0.12,1.00,-89.33,L-BRK,4.18,0.81,24.9,22.4,1.63,0.46,112.0,0.011,SL-LOSS
2026.01.28 18:25,L,0,0,1,1,5305.849,13.969,0.18,0.99,-83.98,L-BRK,4.90,0.70,26.1,14.7,0.44,0.46,112.0,0.010,SL-LOSS
2026.01.28 23:00,L,0,0,1,2,5440.995,15.729,1.78,0.54,153.38,L-BRK,2.63,0.91,55.1,35.2,2.94,0.33,112.0,0.009,TP
2026.01.28 23:10,L,0,0,1,2,5475.119,17.697,1.18,0.06,16.93,L-BRK,4.62,0.49,61.6,37.3,1.66,0.33,112.0,0.008,SL-WIN
2026.01.28 23:20,L,0,0,1,2,5484.981,19.064,1.78,0.23,151.59,L-BRK,6.55,0.78,67.4,37.8,0.25,0.46,112.0,0.007,TP
2026.01.28 23:35,L,0,0,1,2,5555.392,10.148,0.16,0.99,-92.07,L-BRK,6.52,0.90,74.1,47.0,4.21,0.00,280.0,0.014,SL-LOSS
2026.01.29 03:10,L,0,0,1,3,5538.749,20.219,1.28,0.91,15.13,L-BRK,7.00,0.81,22.2,11.0,2.50,0.00,112.0,0.007,SL-WIN
2026.01.29 05:45,L,0,0,1,3,5558.300,15.246,1.77,0.41,147.58,L-BRK,15.01,0.38,22.2,10.5,1.72,0.00,112.0,0.009,TP
2026.01.29 06:05,L,0,0,1,3,5586.906,16.266,0.52,1.00,-97.79,L-BRK,14.56,0.89,34.3,26.6,0.40,0.00,112.0,0.008,SL-LOSS
2026.01.29 09:45,L,0,0,1,3,5522.146,17.109,0.00,1.00,-85.60,L-BRK,0.95,0.27,36.5,8.2,4.83,0.12,112.0,0.008,SL-LOSS
2026.01.29 15:45,S,0,0,1,1,5166.160,94.025,0.02,1.00,-94.12,S-BRK,1.41,0.85,67.4,25.5,0.35,-1.00,112.0,0.001,SL-LOSS
2026.01.30 02:15,S,0,0,1,2,5146.578,45.995,0.75,1.00,-92.09,S-BRK,2.40,0.77,42.5,36.7,3.36,-1.00,112.0,0.003,SL-LOSS
2026.01.30 02:35,S,0,0,1,2,5211.263,53.106,0.83,0.66,4.34,S-BRK,2.86,0.23,49.2,15.9,1.63,-1.00,112.0,0.003,SL-WIN
2026.01.30 03:35,S,0,0,1,3,5171.800,38.702,0.54,1.00,-77.43,S-BRK,2.88,0.43,30.8,10.4,2.58,-1.00,112.0,0.003,SL-LOSS
2026.01.30 05:50,S,0,0,1,3,5216.110,16.950,1.79,0.01,135.14,S-BRK,3.96,0.74,23.0,11.3,8.31,-1.00,112.0,0.008,TP
2026.01.30 05:55,S,0,0,1,3,5184.901,19.061,0.53,1.00,-95.65,S-BRK,4.43,0.39,26.3,21.7,8.61,-1.00,112.0,0.007,SL-LOSS
2026.01.30 06:10,S,0,0,1,3,5191.068,22.175,1.37,0.02,3.55,S-BRK,4.79,0.34,33.8,15.0,5.53,-1.00,112.0,0.006,SL-WIN
2026.01.30 14:55,S,0,0,1,1,5032.735,38.497,1.36,0.06,2.33,S-BRK,2.73,0.75,29.4,10.7,3.42,-0.37,112.0,0.004,SL-WIN
2026.01.30 17:10,S,0,0,1,1,4915.468,37.514,1.82,0.67,136.77,S-BRK,1.23,0.88,42.4,27.2,1.08,-0.66,112.0,0.004,TP
2026.01.30 17:40,S,0,0,1,1,4859.918,43.448,1.35,0.44,3.55,S-BRK,2.19,0.92,52.6,28.7,1.47,-0.13,112.0,0.003,SL-WIN
2026.01.30 18:00,S,0,0,1,1,4883.638,45.011,1.79,0.15,161.62,S-BRK,2.91,0.74,56.6,12.5,1.29,-0.10,112.0,0.003,TP
2026.02.01 23:10,S,0,0,1,2,4741.723,39.389,1.11,0.44,3.28,S-BRK,5.97,1.00,23.7,8.6,4.15,-0.00,112.0,0.003,SL-WIN
2026.02.01 23:20,S,0,0,1,2,4721.586,42.248,0.14,0.98,-85.09,S-BRK,7.21,0.39,23.8,9.3,1.00,-0.00,336.0,0.010,SL-LOSS
2026.02.02 00:55,S,0,0,1,2,4766.657,40.396,0.87,0.02,3.20,S-BRK,5.20,0.33,24.7,12.3,3.14,-0.00,112.0,0.003,SL-WIN
2026.02.02 01:00,S,0,0,1,2,4756.452,42.002,1.81,0.25,165.49,S-BRK,6.12,0.69,26.9,17.8,2.52,-0.00,112.0,0.003,TP
2026.02.02 03:15,S,0,0,1,3,4717.010,36.450,1.79,0.35,197.52,S-BRK,10.19,0.84,25.0,15.6,3.91,-0.00,112.0,0.004,TP
2026.02.02 03:35,S,0,0,1,3,4654.520,35.508,0.68,1.00,-107.06,S-BRK,10.34,0.80,32.5,30.2,3.05,-0.00,112.0,0.004,SL-LOSS
2026.02.02 03:45,S,0,0,1,3,4686.217,37.472,1.78,0.00,134.94,S-BRK,10.10,0.29,36.2,17.6,2.71,-0.00,112.0,0.004,TP
2026.02.02 04:00,S,0,0,1,3,4609.380,38.980,0.15,1.00,-78.00,S-BRK,10.83,0.48,40.8,30.3,2.04,-0.00,112.0,0.003,SL-LOSS
2026.02.02 20:30,S,0,0,1,1,4666.314,25.445,0.15,1.00,-102.06,S-BRK,0.87,0.63,23.7,12.4,12.52,0.45,112.0,0.005,SL-LOSS
2026.02.03 06:30,L,0,0,1,3,4875.845,18.312,1.01,0.34,17.55,L-BRK,1.21,0.68,38.1,24.8,9.65,1.00,168.0,0.011,SL-WIN
2026.02.03 06:45,L,0,0,1,3,4874.811,17.984,1.76,0.56,141.40,L-BRK,2.77,0.78,51.8,27.5,8.52,1.00,168.0,0.011,TP
2026.02.03 07:30,L,0,0,1,3,4917.983,17.211,0.91,0.07,16.49,L-BRK,4.59,0.70,56.8,31.3,3.56,-0.14,168.0,0.012,SL-WIN
2026.02.03 07:45,L,0,0,1,3,4920.062,17.801,0.42,1.00,-89.02,L-BRK,5.77,0.73,60.4,20.2,1.83,-0.14,252.0,0.017,SL-LOSS
2026.02.03 16:10,L,0,0,1,1,4944.337,16.503,1.75,0.18,158.88,L-BRK,5.42,0.26,24.9,16.9,1.02,0.75,168.0,0.012,TP
2026.02.03 16:20,L,0,0,1,1,4969.936,16.666,1.43,0.35,16.39,L-BRK,7.57,0.77,34.1,26.5,0.45,0.75,168.0,0.012,SL-WIN
2026.02.03 16:45,L,0,0,1,1,4976.821,16.229,0.00,1.00,-97.76,L-BRK,6.58,0.97,42.6,11.4,1.00,0.75,168.0,0.013,SL-LOSS
2026.02.03 19:45,L,0,0,1,1,4935.307,20.016,0.13,1.00,-100.56,L-BRK,2.35,0.15,26.2,8.7,3.16,-0.57,168.0,0.010,SL-LOSS
2026.02.04 00:55,L,0,0,1,2,5016.119,16.959,0.10,0.99,-103.74,L-BRK,3.22,0.17,45.4,32.0,0.80,0.12,168.0,0.012,SL-LOSS
2026.02.04 01:00,L,0,0,1,2,5015.247,18.422,1.73,0.12,142.96,L-BRK,3.93,0.95,44.3,19.5,0.16,0.12,252.0,0.017,TP
2026.02.04 01:10,L,0,0,1,2,5051.200,20.277,0.12,1.00,-101.44,L-BRK,1.46,0.62,46.7,32.3,1.35,0.35,252.0,0.015,SL-LOSS
2026.02.04 02:00,L,0,0,1,2,5058.583,22.935,1.17,1.00,52.72,L-BRK,2.41,0.76,27.6,17.3,0.93,0.35,252.0,0.013,SL-WIN
2026.02.04 05:40,L,0,0,1,3,5082.097,7.796,1.05,0.09,14.67,L-BRK,4.13,0.17,38.0,8.7,1.67,0.05,168.0,0.029,SL-WIN
2026.02.04 06:45,L,0,0,1,3,5075.843,13.246,0.50,1.00,-93.48,L-BRK,5.61,0.65,27.3,15.1,1.91,0.12,168.0,0.016,SL-LOSS
2026.02.04 07:25,L,0,0,1,3,5089.544,11.080,0.11,1.00,-89.11,L-BRK,7.25,0.98,24.9,19.0,0.94,0.12,252.0,0.028,SL-LOSS
2026.02.04 07:30,L,0,0,1,3,5073.903,11.460,1.57,0.62,11.64,L-BRK,8.54,0.86,25.3,11.6,0.16,0.12,252.0,0.027,SL-WIN
2026.02.04 23:15,L,0,0,1,2,5008.720,13.202,1.14,0.59,13.51,L-BRK,1.25,0.75,51.3,35.0,7.91,0.92,252.0,0.024,SL-WIN
2026.02.05 02:50,S,0,0,1,2,4845.493,33.669,1.67,0.27,3.97,S-BRK,1.88,0.64,41.8,34.1,1.87,-0.21,252.0,0.009,SL-WIN
2026.02.05 03:00,S,0,0,1,3,4837.302,40.202,0.25,1.00,-81.08,S-BRK,2.89,0.70,47.6,30.0,0.78,-0.70,168.0,0.005,SL-LOSS
2026.02.05 03:35,S,0,0,1,3,4860.492,40.011,0.85,0.77,-5.33,S-BRK,1.22,0.03,31.9,11.4,2.17,-0.70,168.0,0.005,SL-LOSS
2026.02.05 09:05,S,0,0,1,3,4879.470,17.587,1.45,0.17,16.82,S-BRK,1.12,0.86,29.7,23.6,6.82,-0.58,168.0,0.012,SL-WIN
2026.02.05 09:20,S,0,0,1,3,4876.651,19.030,1.43,0.92,18.28,S-BRK,2.34,0.15,43.5,25.7,5.03,-0.58,168.0,0.011,SL-WIN
2026.02.05 23:00,S,0,0,1,2,4777.079,20.547,1.68,0.25,150.97,S-BRK,2.21,0.04,49.5,16.7,1.05,-0.21,350.0,0.020,TP
2026.02.05 23:35,S,0,0,1,2,4739.249,19.836,1.82,0.80,161.12,S-BRK,3.57,0.12,53.1,29.2,1.26,-0.07,112.0,0.007,TP
2026.02.06 00:00,S,0,0,1,2,4686.807,19.153,0.10,1.00,-96.03,S-BRK,6.87,0.44,66.3,36.4,1.11,0.12,134.0,0.008,SL-LOSS
2026.02.06 00:10,S,0,0,1,2,4682.257,20.801,1.29,0.07,3.17,S-BRK,7.18,0.11,71.2,31.0,0.55,0.12,146.0,0.008,SL-WIN
2026.02.06 15:00,L,0,0,1,1,4943.017,19.168,1.14,0.01,18.74,L-BRK,2.63,0.63,24.1,18.3,0.77,0.41,202.0,0.013,SL-WIN
2026.02.06 17:00,L,0,0,1,1,4958.779,13.958,0.90,0.75,-17.42,L-BRK,2.39,0.68,25.7,9.5,1.12,0.41,168.0,0.015,SL-LOSS
2026.02.06 18:35,L,0,0,1,1,4965.108,10.568,0.30,1.00,-96.04,L-BRK,4.79,0.49,22.5,13.2,1.28,0.41,112.0,0.013,SL-LOSS
2026.02.06 21:55,L,0,0,1,2,4968.390,7.118,0.67,0.14,216.66,L-BRK,7.77,0.51,34.4,26.5,1.24,0.41,420.0,0.072,TP
2026.02.08 23:00,L,0,0,1,2,4987.919,8.212,0.35,0.99,-90.50,L-BRK,7.76,0.76,38.6,35.7,3.71,0.30,302.0,0.045,SL-LOSS
2026.02.08 23:05,L,0,0,1,2,4975.653,9.961,0.88,0.64,10.43,L-BRK,9.55,0.88,41.6,29.6,0.45,-0.21,350.0,0.043,SL-WIN
2026.02.08 23:10,L,0,0,1,2,4979.953,11.012,1.71,0.29,141.48,L-BRK,6.40,0.47,44.3,25.7,1.91,-0.21,252.0,0.028,TP
2026.02.09 03:05,L,0,0,1,3,5018.832,13.712,0.92,0.53,-28.29,L-BRK,5.02,0.64,22.4,10.3,2.54,-0.06,252.0,0.023,SL-LOSS
2026.02.09 05:25,L,0,0,1,3,5030.200,7.559,1.52,0.55,12.50,L-BRK,7.75,0.49,24.8,21.5,3.23,-0.01,168.0,0.026,SL-WIN
2026.02.09 05:45,L,0,0,1,3,5030.989,8.717,1.70,0.23,15.00,L-BRK,9.55,0.07,36.8,15.1,1.78,-0.01,168.0,0.023,SL-WIN
2026.02.09 08:15,L,0,0,1,3,5027.477,11.151,1.20,0.51,-27.72,L-BRK,5.65,0.61,24.4,17.6,2.96,-0.00,168.0,0.018,SL-LOSS
2026.02.09 15:35,L,0,0,1,1,5051.935,12.349,1.72,0.41,161.60,L-BRK,1.42,0.90,26.4,9.6,0.22,0.34,168.0,0.017,TP
2026.02.09 16:40,L,0,0,1,1,5078.359,9.133,0.27,1.00,-101.05,L-BRK,3.75,0.96,49.6,20.1,0.49,-0.38,168.0,0.023,SL-LOSS
2026.02.10 08:45,L,0,0,1,3,5051.363,7.906,0.00,0.96,-95.64,L-BRK,1.05,0.84,38.1,28.5,5.86,0.85,168.0,0.026,SL-LOSS
2026.02.10 14:20,L,0,0,1,1,5068.105,10.628,1.00,0.15,11.60,L-BRK,2.25,0.85,22.8,13.1,1.67,-0.05,252.0,0.029,SL-WIN
2026.02.11 03:45,L,0,0,1,3,5058.078,6.096,0.25,0.98,-92.73,L-BRK,0.95,0.79,34.1,22.2,5.73,-0.17,168.0,0.034,SL-LOSS
2026.02.11 05:40,L,0,0,1,3,5062.685,5.429,0.03,1.00,-95.24,L-BRK,1.21,0.82,32.5,25.3,5.70,0.18,168.0,0.039,SL-LOSS
2026.02.11 05:45,L,0,0,1,3,5054.360,6.150,0.01,1.00,-93.03,L-BRK,1.28,0.10,31.2,11.3,5.56,-0.05,252.0,0.053,SL-LOSS
2026.02.11 07:00,L,0,0,1,3,5063.426,7.314,0.77,1.00,-88.17,L-BRK,1.21,0.67,29.9,14.1,3.75,0.14,252.0,0.042,SL-LOSS
2026.02.11 17:15,L,0,0,1,1,5083.580,10.580,1.46,0.27,-12.17,L-BRK,2.55,0.90,24.2,17.8,4.03,0.32,168.0,0.019,SL-LOSS
2026.02.11 19:00,L,0,0,1,1,5087.405,9.375,0.74,0.98,-95.12,L-BRK,2.03,0.10,26.3,12.3,4.98,0.19,168.0,0.022,SL-LOSS
2026.02.12 16:15,S,0,0,1,1,4934.471,20.648,1.33,0.07,3.31,S-BRK,7.08,0.97,29.8,25.9,2.67,-0.00,252.0,0.015,SL-WIN
2026.02.12 16:20,S,0,0,1,1,4923.228,22.619,1.78,0.02,161.74,S-BRK,6.61,0.32,33.0,25.4,1.61,0.00,252.0,0.013,TP
2026.02.12 16:25,S,0,0,1,1,4897.208,26.334,0.10,1.00,-79.19,S-BRK,6.60,0.38,36.9,30.4,2.39,-0.00,252.0,0.012,SL-LOSS
2026.02.12 16:30,S,0,0,1,1,4938.047,29.517,0.16,0.99,-88.58,S-BRK,6.92,0.57,37.8,20.9,0.89,-0.00,252.0,0.010,SL-LOSS
2026.02.12 23:00,S,0,0,1,2,4892.880,10.360,0.31,1.00,-93.36,S-BRK,3.99,0.76,24.9,11.7,6.18,-0.15,350.0,0.040,SL-LOSS
2026.02.12 23:05,S,0,0,1,2,4908.025,11.553,0.23,1.00,-93.12,S-BRK,6.62,0.02,24.7,9.1,1.63,-0.15,420.0,0.044,SL-LOSS
2026.02.13 16:30,L,0,0,1,1,5019.289,15.636,1.72,0.86,80.00,L-BRK,1.51,0.70,29.1,21.6,4.42,0.34,168.0,0.013,SL-WIN
2026.02.15 23:15,L,0,0,1,2,5026.018,8.433,0.66,1.00,-85.06,L-BRK,2.15,0.28,22.1,15.1,9.32,0.34,252.0,0.036,SL-LOSS
2026.02.17 00:50,S,0,0,1,2,4952.268,7.869,1.73,0.14,145.35,S-BRK,1.08,0.69,45.6,31.4,6.50,-0.23,168.0,0.025,TP
2026.02.17 00:55,S,0,0,1,2,4935.934,9.321,1.38,0.96,18.57,S-BRK,2.07,0.82,49.7,38.1,3.13,-1.00,168.0,0.021,SL-WIN
2026.02.17 01:00,S,0,0,1,2,4934.314,10.993,0.00,0.99,-88.50,S-BRK,4.63,0.76,53.7,38.3,1.66,-0.72,168.0,0.018,SL-LOSS
2026.02.17 01:05,S,0,0,1,2,4947.907,11.603,0.28,1.00,-93.20,S-BRK,4.11,0.08,54.9,29.0,1.24,-0.72,168.0,0.017,SL-LOSS
2026.02.17 03:35,S,0,0,1,3,4951.096,6.092,0.17,0.99,-85.89,S-BRK,4.46,0.09,23.3,17.4,6.73,-0.95,168.0,0.035,SL-LOSS
2026.02.17 04:05,S,0,0,1,3,4949.607,6.334,0.00,1.00,-89.65,S-BRK,4.78,0.85,23.8,20.6,5.31,-0.95,168.0,0.032,SL-LOSS
2026.02.17 05:15,S,0,0,1,3,4901.041,9.617,1.27,0.31,10.06,S-BRK,8.93,0.91,25.8,32.0,5.51,-0.37,252.0,0.032,SL-WIN
2026.02.17 05:20,S,0,0,1,3,4897.500,10.754,0.82,0.01,11.04,S-BRK,9.00,0.83,30.8,34.1,1.59,-0.37,112.0,0.013,SL-WIN
2026.02.17 14:00,S,0,0,1,1,4871.671,15.527,0.29,1.00,-93.36,S-BRK,4.82,0.97,55.2,35.9,2.73,-0.08,252.0,0.019,SL-LOSS
2026.02.17 14:05,S,0,0,1,1,4892.870,17.852,1.81,0.81,143.56,S-BRK,3.97,0.04,52.9,20.7,2.34,-0.08,168.0,0.011,TP
2026.02.17 14:50,S,0,0,1,1,4874.284,24.556,1.03,0.22,2.63,S-BRK,2.68,0.30,45.5,20.7,1.26,-0.08,168.0,0.008,SL-WIN
2026.02.17 15:15,S,0,0,1,1,4874.566,20.719,1.05,0.17,3.24,S-BRK,2.93,0.03,49.5,11.4,0.90,-0.23,112.0,0.006,SL-WIN
2026.02.18 04:35,L,0,0,1,3,4933.562,4.950,1.36,0.41,14.46,L-BRK,1.45,0.63,64.1,29.3,19.97,0.08,112.0,0.030,SL-WIN
2026.02.18 04:55,L,0,0,1,3,4934.203,5.256,0.83,0.02,15.14,L-BRK,1.57,0.31,58.4,15.4,17.67,0.01,168.0,0.040,SL-WIN
2026.02.18 05:00,L,0,0,1,3,4934.841,5.393,0.81,0.92,15.64,L-BRK,0.89,0.64,55.4,18.4,17.78,0.01,168.0,0.038,SL-WIN
2026.02.18 05:25,L,0,0,1,3,4935.517,4.811,0.90,0.05,12.16,L-BRK,2.18,0.96,39.0,20.0,16.46,0.01,112.0,0.028,SL-WIN
2026.02.18 14:00,L,0,0,1,1,4958.861,10.031,1.68,0.66,150.88,L-BRK,3.90,0.47,35.8,12.6,2.13,0.96,168.0,0.021,TP
2026.02.18 14:30,L,0,0,1,1,4970.481,9.769,1.68,0.07,141.51,L-BRK,5.57,0.60,32.1,17.4,2.68,0.96,168.0,0.021,TP
2026.02.18 14:45,L,0,0,1,1,4984.486,10.798,1.66,0.03,137.15,L-BRK,6.44,0.28,40.4,21.1,0.87,0.96,168.0,0.020,TP
2026.02.18 15:00,L,0,0,1,1,5003.808,11.062,0.47,0.99,-89.83,L-BRK,7.95,0.28,51.0,29.8,1.97,0.46,168.0,0.018,SL-LOSS
2026.02.18 23:30,L,0,0,1,2,4981.992,6.608,0.27,0.99,-95.75,L-BRK,9.07,0.08,39.8,9.0,5.82,0.24,112.0,0.021,SL-LOSS
2026.02.19 01:50,L,0,0,1,2,4973.884,4.914,0.71,0.99,-89.22,L-BRK,6.83,0.33,24.0,22.8,9.46,0.03,168.0,0.042,SL-LOSS
2026.02.19 02:50,L,0,0,1,2,4972.828,4.957,0.11,0.99,-92.37,L-BRK,4.36,0.32,24.5,9.3,9.68,0.01,168.0,0.042,SL-LOSS
2026.02.19 03:30,L,0,0,1,3,4976.864,4.746,1.71,0.61,134.42,L-BRK,2.86,0.47,22.4,17.4,12.16,0.01,168.0,0.044,TP
2026.02.19 07:10,L,0,0,1,3,5018.104,4.714,0.46,0.99,-90.04,L-BRK,2.71,0.19,78.5,31.9,0.26,0.53,168.0,0.043,SL-LOSS
2026.02.20 06:00,L,0,0,1,3,5015.090,4.929,1.84,0.60,150.10,L-BRK,1.54,0.90,32.0,31.9,2.69,0.24,168.0,0.040,TP
2026.02.20 06:25,L,0,0,1,3,5022.391,5.571,1.39,0.33,15.96,L-BRK,3.64,0.79,50.5,40.2,1.83,0.31,168.0,0.037,SL-WIN
2026.02.20 06:55,L,0,0,1,3,5020.864,5.762,1.29,0.86,16.27,L-BRK,4.22,0.71,55.1,11.2,0.88,0.16,168.0,0.035,SL-WIN
2026.02.20 08:25,L,0,0,1,3,5018.491,7.197,1.67,0.13,132.97,L-BRK,1.08,0.34,23.0,12.6,2.63,0.12,168.0,0.029,TP
2026.02.20 14:00,L,0,0,1,1,5040.575,7.808,0.85,0.45,15.00,L-BRK,4.01,0.28,31.5,11.1,0.84,-0.36,168.0,0.026,SL-WIN
2026.02.20 14:45,L,0,0,1,1,5057.601,9.479,0.69,0.99,-98.04,L-BRK,3.91,0.54,23.6,15.2,0.93,0.98,168.0,0.021,SL-LOSS
2026.02.20 16:15,L,0,0,1,1,5049.673,17.184,1.56,0.29,63.29,L-BRK,1.03,0.69,24.7,14.7,0.62,0.25,168.0,0.012,SL-WIN
2026.02.20 19:50,L,0,0,1,1,5075.926,4.722,1.73,0.15,144.70,L-BRK,9.15,0.27,22.9,12.4,0.96,0.12,168.0,0.043,TP
2026.02.20 21:55,L,0,0,1,2,5112.199,11.981,0.30,0.09,33.42,L-BRK,13.93,0.07,67.5,25.3,0.92,-0.42,350.0,0.075,TP
2026.02.22 23:00,L,0,0,1,2,5118.073,6.322,1.85,0.07,159.59,L-BRK,13.57,0.37,70.2,33.2,3.27,0.13,350.0,0.065,TP
2026.02.22 23:05,L,0,0,1,2,5135.634,7.907,1.62,0.05,147.54,L-BRK,13.28,0.52,73.0,40.0,4.18,-0.64,252.0,0.040,TP
2026.02.22 23:15,L,0,0,1,2,5142.097,8.300,1.81,0.21,164.60,L-BRK,15.40,0.99,78.0,41.0,0.51,-0.57,252.0,0.036,TP
2026.02.23 03:00,L,0,0,1,3,5172.499,7.282,0.34,0.99,-94.72,L-BRK,17.19,0.06,51.7,20.3,0.48,-0.04,168.0,0.028,SL-LOSS
2026.02.23 03:05,L,0,0,1,3,5165.227,8.034,0.00,0.98,-96.81,L-BRK,18.50,0.35,47.3,8.3,0.76,-0.03,252.0,0.039,SL-LOSS
2026.02.23 03:25,L,0,0,1,3,5164.235,8.047,0.90,0.01,15.44,L-BRK,14.20,0.85,32.4,12.5,2.17,-0.03,168.0,0.026,SL-WIN
2026.02.23 06:20,L,0,0,1,3,5158.773,4.161,0.50,0.99,-96.85,L-BRK,24.09,0.62,26.7,10.4,4.63,-0.01,168.0,0.050,SL-LOSS
2026.02.24 14:00,S,0,0,1,1,5118.288,13.888,1.77,0.69,14.81,S-BRK,1.09,0.77,52.9,25.6,0.60,-0.52,252.0,0.022,SL-WIN
2026.02.24 14:20,S,0,0,1,1,5118.604,16.991,0.51,1.00,-102.39,S-BRK,3.26,0.32,53.3,11.9,0.67,-1.00,168.0,0.012,SL-LOSS
2026.02.25 05:50,L,0,0,1,3,5208.232,6.910,0.00,0.94,-97.40,L-BRK,1.21,0.74,59.5,32.6,7.92,1.00,252.0,0.046,SL-LOSS
2026.02.25 05:55,L,0,0,1,3,5202.060,7.001,0.00,1.00,-91.94,L-BRK,2.84,0.15,60.3,24.5,7.61,0.30,252.0,0.045,SL-LOSS
2026.02.25 16:40,L,0,0,1,1,5207.511,8.204,1.24,0.17,0.02,L-BRK,1.19,0.69,22.3,8.1,1.04,0.26,252.0,0.038,SL-WIN
2026.02.26 14:10,S,0,0,1,1,5166.067,8.050,1.79,0.82,144.66,S-BRK,0.89,0.34,24.8,12.5,2.47,-0.24,252.0,0.038,TP
2026.02.26 15:25,S,0,0,1,1,5141.195,15.983,0.03,1.00,-96.20,S-BRK,0.96,0.38,37.6,25.3,2.19,-0.09,252.0,0.020,SL-LOSS
2026.02.26 15:35,S,0,0,1,1,5168.866,17.317,0.15,1.00,-87.15,S-BRK,0.86,0.76,39.5,8.9,1.73,0.48,252.0,0.018,SL-LOSS
2026.02.27 14:00,L,0,0,1,1,5226.229,12.969,1.07,0.97,13.18,L-BRK,2.59,0.55,35.2,18.3,1.68,0.09,252.0,0.024,SL-WIN
2026.02.27 15:50,L,0,0,1,1,5235.058,12.519,0.92,0.06,13.00,L-BRK,3.64,0.63,24.8,18.5,0.78,0.09,252.0,0.025,SL-WIN
2026.02.27 16:00,L,0,0,1,1,5244.565,13.253,0.99,0.31,13.72,L-BRK,4.27,0.40,32.6,16.7,0.70,0.09,252.0,0.024,SL-WIN
2026.02.27 16:20,L,0,0,1,1,5229.877,14.095,1.78,0.66,137.31,L-BRK,5.07,0.37,41.6,8.0,0.69,-0.32,252.0,0.022,TP
2026.02.27 21:55,L,0,0,1,2,5319.662,46.200,0.00,0.01,0.24,L-BRK,11.30,0.67,49.0,25.7,0.20,-0.00,420.0,0.087,TP
2026.03.01 23:00,L,0,0,1,2,5333.520,22.982,0.11,0.12,11.54,L-BRK,11.05,0.29,52.6,35.1,8.83,0.02,420.0,0.055,TP
2026.03.01 23:05,L,0,0,1,2,5351.603,11.925,1.70,0.80,153.56,L-BRK,12.15,0.06,56.4,43.0,4.41,-0.00,350.0,0.036,TP
2026.03.01 23:35,L,0,0,1,2,5376.845,16.299,1.02,0.16,15.60,L-BRK,10.70,0.72,73.5,39.8,1.08,0.00,350.0,0.025,SL-WIN
2026.03.02 03:00,L,0,0,1,3,5353.477,12.353,1.12,0.29,7.18,L-BRK,10.07,0.17,34.3,17.5,4.68,-0.00,350.0,0.035,SL-WIN
2026.03.02 05:40,L,0,0,1,3,5361.066,9.226,1.57,0.20,134.36,L-BRK,10.45,0.53,26.3,13.7,5.00,-0.00,252.0,0.035,TP
2026.03.02 06:05,L,0,0,1,3,5376.421,8.442,0.82,0.33,16.58,L-BRK,7.15,0.19,34.7,21.3,4.83,0.34,252.0,0.037,SL-WIN
2026.03.02 06:40,L,0,0,1,3,5376.115,7.753,1.64,0.08,153.43,L-BRK,7.22,0.07,44.6,10.3,2.40,0.05,252.0,0.041,TP
2026.03.03 06:15,S,0,0,1,3,5302.558,18.270,0.63,1.00,-91.55,S-BRK,1.64,0.57,58.2,26.7,4.76,-0.81,252.0,0.017,SL-LOSS
2026.03.03 09:10,S,0,0,1,3,5296.304,13.652,1.74,0.50,157.53,S-BRK,1.64,0.49,36.7,9.5,4.70,-0.40,252.0,0.022,TP
2026.03.03 09:30,S,0,0,1,3,5266.131,19.972,0.34,1.00,-101.15,S-BRK,3.07,0.71,41.1,23.1,1.10,-0.46,252.0,0.015,SL-LOSS
2026.03.03 10:15,S,0,0,1,3,5269.549,20.800,1.79,0.57,166.03,S-BRK,0.99,0.29,25.6,8.4,2.68,-0.46,252.0,0.015,TP
2026.03.03 14:20,S,0,0,1,1,5125.233,23.124,0.99,0.99,3.81,S-BRK,5.78,0.89,22.2,17.8,3.39,0.23,350.0,0.018,SL-WIN
2026.03.03 14:35,S,0,0,1,1,5125.280,24.987,1.86,0.06,186.00,S-BRK,6.22,0.78,28.2,19.0,2.36,-0.31,252.0,0.012,TP
2026.03.03 14:40,S,0,0,1,1,5071.451,29.746,1.79,0.18,160.86,S-BRK,5.44,0.13,32.0,24.8,2.97,0.15,252.0,0.010,TP
2026.03.03 14:50,S,0,0,1,1,5048.246,32.368,1.61,0.70,4.50,S-BRK,7.56,0.57,40.6,34.4,1.66,0.23,350.0,0.013,SL-WIN
2026.03.05 03:00,L,0,0,1,3,5193.252,9.023,0.18,0.99,-102.31,L-BRK,0.99,0.73,27.8,18.2,1.97,-0.00,252.0,0.036,SL-LOSS
2026.03.05 14:00,S,0,0,1,1,5128.679,21.226,1.79,0.06,169.77,S-BRK,1.06,0.33,35.3,12.4,2.21,-0.17,252.0,0.014,TP
2026.03.05 15:05,S,0,0,1,1,5070.699,21.716,0.30,0.99,-108.75,S-BRK,1.93,0.21,31.6,9.6,2.32,-0.53,252.0,0.014,SL-LOSS
2026.03.05 15:25,S,0,0,1,1,5086.360,22.657,1.42,0.82,25.51,S-BRK,2.60,0.75,26.9,10.4,1.02,-0.53,252.0,0.013,SL-WIN
2026.03.05 17:30,S,0,0,1,1,5069.365,11.927,1.20,0.02,13.43,S-BRK,5.26,0.77,25.3,12.2,2.03,-0.94,168.0,0.017,SL-WIN
2026.03.06 00:00,S,0,0,1,2,5083.874,9.378,0.89,0.94,18.83,S-BRK,2.28,0.48,27.1,8.3,5.02,-0.22,252.0,0.033,SL-WIN
2026.03.06 00:40,S,0,0,1,2,5083.339,9.739,1.73,0.73,19.30,S-BRK,2.48,0.93,22.1,23.4,4.23,-0.22,252.0,0.032,SL-WIN
2026.03.06 15:10,L,0,0,1,1,5149.754,19.663,1.12,0.28,19.00,L-BRK,1.43,0.23,32.3,17.1,2.71,1.00,252.0,0.016,SL-WIN
2026.03.06 15:40,L,0,0,1,1,5154.540,20.622,0.14,0.98,-103.48,L-BRK,1.43,0.19,38.4,8.3,2.28,1.00,252.0,0.015,SL-LOSS
2026.03.06 18:25,L,0,0,1,1,5150.759,8.623,1.68,0.22,161.85,L-BRK,1.36,0.62,22.4,16.8,4.50,-0.07,252.0,0.036,TP
2026.03.06 18:45,L,0,0,1,1,5162.042,8.311,1.53,0.64,15.42,L-BRK,4.08,0.73,42.9,31.2,2.26,-0.07,252.0,0.038,SL-WIN
2026.03.08 22:00,L,0,0,1,2,5166.546,6.253,0.00,0.73,-113.44,L-BRK,8.51,0.48,23.4,9.4,1.25,-0.08,350.0,0.066,SL-LOSS
2026.03.09 00:15,S,0,0,1,2,5037.023,21.589,0.15,1.00,-108.75,S-BRK,1.50,0.61,58.2,24.9,0.44,-0.40,252.0,0.014,SL-LOSS
2026.03.09 00:50,S,0,0,1,2,5043.575,18.618,1.55,0.39,17.33,S-BRK,1.16,0.39,35.8,9.7,0.85,-0.40,252.0,0.016,SL-WIN
2026.03.09 19:25,L,0,0,1,1,5139.901,8.580,0.00,1.00,-103.74,L-BRK,1.27,0.49,59.4,30.6,5.84,1.00,252.0,0.037,SL-LOSS
2026.03.09 19:30,L,0,0,1,1,5131.400,8.847,1.75,0.71,154.60,L-BRK,1.34,0.07,56.7,17.9,5.89,-0.49,252.0,0.035,TP
2026.03.09 22:55,L,0,0,1,2,5153.039,11.656,0.14,0.99,-104.97,L-BRK,1.01,0.65,33.3,23.4,3.79,-0.03,252.0,0.026,SL-LOSS
2026.03.09 23:00,L,0,0,1,2,5142.825,12.963,1.02,0.52,-38.98,L-BRK,1.77,0.81,34.5,16.7,2.82,-0.03,252.0,0.024,SL-LOSS
2026.03.10 01:20,L,0,0,1,2,5159.073,10.720,0.82,0.14,12.05,L-BRK,1.10,0.80,26.5,16.7,3.54,0.05,252.0,0.029,SL-WIN
2026.03.10 01:25,L,0,0,1,2,5158.289,11.441,1.69,0.46,168.05,L-BRK,1.99,0.72,30.1,22.0,2.38,0.05,252.0,0.027,TP
2026.03.10 05:05,L,0,0,1,3,5168.103,4.964,1.26,0.34,13.05,L-BRK,5.55,0.75,25.1,16.3,4.81,0.67,252.0,0.065,SL-WIN
2026.03.10 05:30,L,0,0,1,3,5168.842,4.565,1.64,0.45,159.15,L-BRK,7.26,0.88,36.9,16.5,4.67,0.67,252.0,0.070,TP
2026.03.10 05:50,L,0,0,1,3,5175.695,5.131,1.06,0.21,19.96,L-BRK,6.60,0.60,49.9,28.9,3.61,0.67,252.0,0.063,SL-WIN
2026.03.10 06:05,L,0,0,1,3,5176.104,6.013,0.75,0.94,-105.25,L-BRK,7.15,0.13,58.0,23.3,2.27,0.67,252.0,0.056,SL-LOSS
2026.03.10 15:15,L,0,0,1,1,5226.183,10.114,1.23,0.36,23.02,L-BRK,6.00,0.64,23.9,16.1,0.60,0.00,252.0,0.030,SL-WIN
2026.03.10 19:20,L,0,0,1,1,5205.929,17.300,0.01,1.00,-104.60,L-BRK,1.30,0.86,22.0,12.0,2.35,0.40,252.0,0.018,SL-LOSS
2026.03.11 00:30,L,0,0,1,2,5209.994,7.273,1.67,0.37,158.54,L-BRK,3.77,0.30,22.7,16.7,4.58,-0.03,252.0,0.044,TP
2026.03.11 17:40,S,0,0,1,1,5163.081,6.944,0.24,1.00,-104.41,S-BRK,1.39,0.83,24.5,20.6,1.77,-0.52,252.0,0.043,SL-LOSS
2026.03.11 22:35,S,0,0,1,2,5160.639,5.206,1.36,0.44,19.14,S-BRK,1.15,0.89,25.2,19.3,4.25,-0.75,252.0,0.058,SL-WIN
2026.03.11 22:45,S,0,0,1,2,5167.939,6.433,1.83,0.20,170.08,S-BRK,2.26,0.18,30.1,13.2,2.02,-0.75,252.0,0.046,TP
2026.03.11 22:55,S,0,0,1,2,5139.148,9.857,0.40,1.00,-109.11,S-BRK,2.10,0.84,34.0,24.5,4.24,0.08,252.0,0.031,SL-LOSS
2026.03.11 23:00,S,0,0,1,2,5147.327,10.861,1.79,0.99,174.87,S-BRK,3.71,0.60,36.6,21.2,1.15,0.08,252.0,0.028,TP
2026.03.12 03:00,S,0,0,1,3,5152.781,7.100,1.70,0.38,69.91,S-BRK,2.84,0.17,44.0,22.8,4.44,-0.46,252.0,0.043,SL-WIN
2026.03.12 05:20,S,0,0,1,3,5141.392,4.892,0.80,1.00,-109.48,S-BRK,5.44,0.21,33.1,8.8,6.00,-0.46,252.0,0.064,SL-LOSS
2026.03.12 14:20,S,0,0,1,1,5152.975,11.850,1.11,0.23,12.35,S-BRK,0.97,0.60,45.0,17.0,3.17,-0.43,252.0,0.027,SL-WIN
2026.03.12 14:45,S,0,0,1,1,5142.392,11.376,1.77,0.25,171.18,S-BRK,1.61,0.43,52.7,13.3,2.61,-0.43,252.0,0.027,TP
2026.03.12 15:10,S,0,0,1,1,5124.418,12.132,0.52,0.99,-109.87,S-BRK,2.10,0.15,53.5,26.3,2.27,-0.35,252.0,0.025,SL-LOSS
2026.03.12 17:25,S,0,0,1,1,5118.784,7.463,1.79,0.21,174.30,S-BRK,4.85,0.32,22.6,12.1,1.70,-0.87,252.0,0.040,TP
2026.03.12 22:00,S,0,0,1,2,5083.332,9.887,0.40,0.95,-110.30,S-BRK,8.78,0.37,49.6,12.7,3.36,0.02,252.0,0.031,SL-LOSS
2026.03.13 02:20,S,0,0,1,2,5118.000,7.278,1.61,0.63,31.13,S-BRK,1.72,0.64,28.3,9.4,11.93,1.00,252.0,0.044,SL-WIN
2026.03.13 04:20,S,0,0,1,3,5104.797,5.412,0.34,0.99,-111.24,S-BRK,3.63,0.87,25.3,16.5,14.09,1.00,252.0,0.060,SL-LOSS
2026.03.13 05:40,S,0,0,1,3,5100.831,4.673,0.48,1.00,-107.99,S-BRK,4.46,0.18,22.1,10.1,15.02,0.00,252.0,0.064,SL-LOSS
2026.03.13 06:15,S,0,0,1,3,5099.971,5.931,1.92,0.14,192.72,S-BRK,2.90,0.38,22.1,13.9,9.68,-0.05,252.0,0.048,TP
2026.03.13 06:35,S,0,0,1,3,5093.744,7.741,1.28,0.17,16.05,S-BRK,4.27,0.37,38.7,24.7,6.36,-0.05,252.0,0.040,SL-WIN
2026.03.13 15:00,S,0,0,1,1,5049.406,13.647,0.03,1.00,-109.81,S-BRK,1.81,0.77,68.3,37.6,0.62,-0.99,252.0,0.022,SL-LOSS
2026.03.13 15:05,S,0,0,1,1,5064.346,14.214,1.78,0.52,163.80,S-BRK,1.05,0.58,65.0,21.2,1.26,-0.25,252.0,0.021,TP
2026.03.13 15:55,S,0,0,1,1,5034.697,17.539,0.89,0.21,17.85,S-BRK,1.50,0.68,50.7,23.2,0.40,-0.59,252.0,0.017,SL-WIN
2026.03.13 16:05,S,0,0,1,1,5037.070,16.171,0.78,1.00,-113.47,S-BRK,2.23,0.50,56.3,27.5,0.66,-0.41,252.0,0.019,SL-LOSS
2026.03.15 22:25,S,0,0,1,2,5012.757,10.237,0.40,1.00,-115.02,S-BRK,3.57,0.09,22.8,11.1,1.08,-0.06,252.0,0.031,SL-LOSS
2026.03.15 23:25,S,0,0,1,2,4989.869,12.472,0.85,0.24,13.42,S-BRK,5.73,0.48,23.3,17.4,1.65,-0.49,168.0,0.016,SL-WIN
2026.03.15 23:35,S,0,0,1,2,4986.366,12.801,1.09,0.10,13.70,S-BRK,6.38,0.57,29.6,16.1,1.46,-0.49,252.0,0.024,SL-WIN
2026.03.15 23:50,S,0,0,1,2,4985.664,13.915,0.00,0.99,-111.37,S-BRK,6.74,0.73,39.4,18.0,0.76,-0.49,168.0,0.015,SL-LOSS
2026.03.16 04:50,S,0,0,1,3,5014.739,4.975,1.61,0.26,157.84,S-BRK,5.38,0.90,40.2,10.2,11.20,0.00,168.0,0.043,TP
2026.03.16 05:30,S,0,0,1,3,5004.224,4.831,0.14,0.99,-106.70,S-BRK,4.68,0.14,49.1,20.5,11.27,-0.01,252.0,0.061,SL-LOSS
2026.03.16 05:35,S,0,0,1,3,5011.883,5.511,0.18,1.00,-105.68,S-BRK,6.18,0.97,49.9,16.3,9.11,-0.01,168.0,0.037,SL-LOSS
2026.03.16 06:45,S,0,0,1,3,5012.665,7.027,0.98,0.22,18.58,S-BRK,0.96,0.55,27.4,16.2,9.70,-0.23,252.0,0.041,SL-WIN
2026.03.17 04:45,L,0,0,1,3,5039.196,4.483,0.61,1.00,-107.04,L-BRK,1.63,0.66,38.9,22.7,11.14,0.00,196.0,0.055,SL-LOSS
2026.03.17 05:15,L,0,0,1,3,5037.941,5.563,0.23,1.00,-107.46,L-BRK,2.12,0.69,33.8,13.0,6.91,1.00,196.0,0.044,SL-LOSS
2026.03.17 15:40,S,0,0,1,1,4984.307,10.760,0.04,1.00,-107.60,S-BRK,1.75,0.82,24.8,26.1,1.44,-1.00,196.0,0.022,SL-LOSS
2026.03.18 04:35,S,0,0,1,3,4983.300,3.583,0.41,0.99,-110.21,S-BRK,1.51,0.42,37.7,23.4,5.41,-0.32,196.0,0.065,SL-LOSS
2026.03.18 04:55,S,0,0,1,3,4986.916,3.930,0.53,0.91,-103.06,S-BRK,2.89,0.62,41.0,12.0,3.26,-0.32,196.0,0.060,SL-LOSS
2026.03.18 08:20,S,0,0,1,3,4985.653,5.696,0.23,1.00,-98.86,S-BRK,0.89,0.42,50.2,32.3,3.96,-0.18,196.0,0.041,SL-LOSS
2026.03.18 08:30,S,0,0,1,3,4991.511,5.897,1.82,0.13,167.22,S-BRK,1.19,0.68,50.2,13.5,3.17,-0.18,196.0,0.039,TP
2026.03.18 14:20,S,0,0,1,1,4866.883,16.540,0.61,0.99,-99.36,S-BRK,6.65,0.77,27.4,12.5,2.72,0.00,140.0,0.010,SL-LOSS
2026.03.18 18:25,S,0,0,1,1,4885.901,9.473,1.41,0.26,18.18,S-BRK,1.00,0.46,24.5,8.9,6.20,-0.30,196.0,0.025,SL-WIN
2026.03.18 18:35,S,0,0,1,1,4876.016,10.666,1.78,0.67,160.92,S-BRK,1.30,0.57,29.2,9.9,5.08,-0.20,196.0,0.022,TP
2026.03.18 18:55,S,0,0,1,1,4852.827,12.007,0.77,1.00,-96.24,S-BRK,1.68,0.52,45.7,30.0,3.29,-0.20,140.0,0.014,SL-LOSS
2026.03.19 03:50,S,0,0,1,3,4852.856,6.377,0.86,0.03,17.54,S-BRK,1.15,0.18,23.6,12.7,9.50,-0.30,140.0,0.027,SL-WIN
2026.03.19 04:20,S,0,0,1,3,4852.603,4.080,1.03,0.32,16.35,S-BRK,2.92,0.18,34.5,8.0,12.97,-0.07,140.0,0.039,SL-WIN
2026.03.19 04:45,S,0,0,1,3,4846.275,3.676,0.00,0.99,-99.60,S-BRK,3.86,0.25,29.5,17.2,14.75,-0.07,140.0,0.045,SL-LOSS
2026.03.19 04:50,S,0,0,1,3,4849.513,3.745,0.57,0.99,-98.98,S-BRK,4.76,0.85,31.1,14.6,13.56,-0.27,140.0,0.045,SL-LOSS
2026.03.20 08:25,L,0,0,1,3,4723.168,9.202,0.00,0.99,-101.78,L-BRK,1.32,0.60,71.3,42.6,22.62,0.54,196.0,0.026,SL-LOSS
2026.03.20 14:30,S,0,0,1,1,4580.258,24.656,1.31,0.22,3.92,S-BRK,0.88,0.59,58.0,25.3,2.81,-0.15,196.0,0.009,SL-WIN
2026.03.20 18:45,S,0,0,1,1,4510.887,15.628,1.77,0.48,152.33,S-BRK,1.75,0.82,45.7,33.8,1.91,-0.89,196.0,0.015,TP
2026.03.20 18:55,S,0,0,1,1,4499.679,17.945,2.79,0.97,103.42,S-BRK,3.48,0.47,55.4,44.0,1.88,-0.69,196.0,0.013,SL-WIN
2026.03.22 23:05,S,0,0,1,2,4495.348,23.787,1.81,0.21,172.15,S-BRK,1.91,0.08,22.6,13.0,2.67,0.45,196.0,0.010,TP
2026.03.23 00:00,S,0,0,1,2,4440.329,19.811,1.79,0.66,158.02,S-BRK,5.71,0.53,52.3,26.1,2.13,-0.58,196.0,0.012,TP
2026.03.23 00:15,S,0,0,1,2,4424.911,21.843,1.79,0.94,174.39,S-BRK,6.51,0.22,60.9,32.9,1.90,-0.17,196.0,0.011,TP
2026.03.23 00:35,S,0,0,1,2,4349.711,31.358,0.96,0.58,3.92,S-BRK,6.72,0.68,64.1,35.5,3.31,-0.01,196.0,0.008,SL-WIN
2026.03.23 03:00,S,0,0,1,3,4367.134,24.369,1.32,0.29,-8.20,S-BRK,6.98,0.07,53.3,13.8,2.07,-0.32,196.0,0.010,SL-LOSS
2026.03.23 04:50,S,0,0,1,3,4354.236,12.388,0.13,1.00,-99.28,S-BRK,11.67,0.68,22.7,10.1,4.95,-0.08,182.0,0.017,SL-LOSS
2026.03.23 04:55,S,0,0,1,3,4367.296,12.584,0.10,1.00,-101.33,S-BRK,12.64,0.79,23.1,8.8,3.31,-0.08,196.0,0.019,SL-LOSS
2026.03.23 05:25,S,0,0,1,3,4356.391,12.367,1.85,0.02,170.24,S-BRK,9.79,0.97,23.9,18.0,3.31,-0.05,182.0,0.017,TP
2026.03.24 20:25,L,0,0,1,1,4455.830,14.647,1.17,0.55,15.31,L-BRK,1.42,0.93,25.7,22.8,4.89,0.34,255.0,0.021,SL-WIN
2026.03.24 20:40,L,0,0,1,1,4460.183,18.717,1.36,0.20,17.05,L-BRK,0.98,0.75,33.3,14.6,2.92,0.36,255.0,0.017,SL-WIN
2026.03.24 22:55,L,0,0,1,2,4484.702,12.601,1.78,0.94,168.87,L-BRK,2.59,0.53,25.3,8.2,4.02,0.42,255.0,0.024,TP
2026.03.24 23:25,L,0,0,1,2,4510.021,12.337,1.79,0.45,187.05,L-BRK,6.57,0.50,37.9,27.4,1.08,-0.07,255.0,0.025,TP
2026.03.24 23:35,L,0,0,1,2,4546.767,15.799,1.65,0.96,165.71,L-BRK,6.57,0.52,47.6,35.2,3.96,0.38,255.0,0.020,TP
2026.03.25 01:05,L,0,0,1,2,4576.423,13.717,1.74,0.61,179.19,L-BRK,11.26,0.03,45.4,11.7,1.17,0.00,255.0,0.023,TP
2026.03.25 07:15,L,0,0,1,3,4562.231,8.967,0.12,1.00,-108.01,L-BRK,15.69,0.59,29.2,13.6,5.84,0.00,196.0,0.027,SL-LOSS
2026.03.25 08:15,L,0,0,1,3,4563.350,10.568,0.42,1.00,-105.70,L-BRK,14.67,0.70,25.7,12.0,5.24,0.00,196.0,0.023,SL-LOSS
2026.03.25 14:50,L,0,0,1,1,4568.523,13.548,0.13,1.00,-108.70,L-BRK,2.66,0.85,25.3,19.0,2.67,0.21,196.0,0.018,SL-LOSS
2026.03.26 05:30,S,0,0,1,3,4493.899,7.396,1.05,0.00,21.46,S-BRK,1.64,0.71,41.4,36.0,22.07,-0.15,196.0,0.032,SL-WIN
2026.03.26 05:35,S,0,0,1,3,4489.809,8.028,1.79,0.70,186.07,S-BRK,1.43,0.00,44.6,29.1,19.57,-0.15,196.0,0.029,TP
2026.03.26 05:45,S,0,0,1,3,4473.242,10.006,1.78,0.33,177.96,S-BRK,2.71,0.56,51.4,36.8,15.16,-0.15,196.0,0.024,TP
2026.03.26 05:55,S,0,0,1,3,4439.232,12.451,0.89,0.92,13.20,S-BRK,4.36,0.66,58.9,44.7,9.79,-0.15,196.0,0.019,SL-WIN
2026.03.26 16:00,S,0,0,1,1,4436.700,13.023,1.68,0.49,191.07,S-BRK,1.33,0.62,41.5,22.3,2.33,-0.27,196.0,0.019,TP
2026.03.26 16:20,S,0,0,1,1,4401.060,14.408,1.79,0.02,197.73,S-BRK,2.26,0.70,44.4,26.9,3.74,-0.20,196.0,0.016,TP
2026.03.26 16:35,S,0,0,1,1,4375.541,17.757,0.09,1.00,-124.93,S-BRK,4.08,0.19,53.7,30.3,1.95,-0.99,196.0,0.013,SL-LOSS
2026.03.26 17:25,S,0,0,1,1,4383.704,17.736,0.89,0.54,-21.29,S-BRK,3.38,0.72,32.5,13.9,1.26,-0.99,196.0,0.013,SL-LOSS
2026.03.27 14:55,L,0,0,1,1,4510.050,18.956,1.73,0.44,180.60,L-BRK,1.46,0.59,34.3,30.5,3.21,0.84,196.0,0.013,TP
2026.03.27 15:20,L,0,0,1,1,4545.411,19.552,0.38,1.00,-117.74,L-BRK,4.21,0.42,56.0,35.8,1.45,0.17,196.0,0.012,SL-LOSS
2026.03.27 18:15,L,0,0,1,1,4509.675,11.038,1.73,0.61,20.61,L-BRK,3.40,0.43,31.6,10.2,6.17,0.17,196.0,0.021,SL-WIN
2026.03.27 19:20,L,0,0,1,1,4521.413,9.918,0.49,0.99,-119.80,L-BRK,6.26,0.83,27.8,11.6,4.00,0.17,196.0,0.023,SL-LOSS
2026.03.30 03:20,L,0,0,1,3,4511.950,13.614,0.06,1.00,-109.27,L-BRK,3.04,0.34,22.2,18.6,4.55,0.85,196.0,0.018,SL-LOSS
2026.03.30 05:00,L,0,0,1,3,4499.433,6.657,1.65,0.15,170.78,L-BRK,5.77,0.67,32.9,13.0,11.24,0.45,196.0,0.037,TP
2026.03.30 05:15,L,0,0,1,3,4511.779,6.333,0.65,0.99,-114.05,L-BRK,7.58,0.12,40.6,30.4,10.09,0.45,196.0,0.038,SL-LOSS
2026.03.30 05:25,L,0,0,1,3,4505.794,7.135,1.32,0.34,21.07,L-BRK,9.04,0.53,43.7,20.2,7.83,0.45,196.0,0.034,SL-WIN
2026.03.31 01:25,L,0,0,1,2,4581.727,17.139,1.77,0.25,197.40,L-BRK,1.08,0.78,34.9,26.1,0.06,1.00,196.0,0.014,TP
2026.03.31 01:40,L,0,0,1,2,4617.906,17.798,0.09,1.00,-125.32,L-BRK,1.34,0.54,41.9,32.5,2.35,0.78,196.0,0.013,SL-LOSS
2026.03.31 01:45,L,0,0,1,2,4603.821,18.066,0.62,0.99,-109.24,L-BRK,3.65,0.95,44.4,28.5,0.14,0.99,196.0,0.013,SL-LOSS
2026.03.31 04:55,L,0,0,1,3,4564.723,6.365,0.94,0.12,17.54,L-BRK,1.20,0.83,46.8,21.9,9.88,0.43,196.0,0.036,SL-WIN
2026.03.31 05:05,L,0,0,1,3,4562.148,7.212,0.03,0.99,-116.37,L-BRK,1.79,0.83,47.0,11.5,9.23,0.43,196.0,0.033,SL-LOSS
2026.03.31 05:35,L,0,0,1,3,4577.641,9.121,0.46,0.98,-109.63,L-BRK,1.30,0.80,37.7,23.4,6.14,0.29,196.0,0.027,SL-LOSS
2026.03.31 08:30,L,0,0,1,3,4569.434,7.672,0.74,0.99,-115.26,L-BRK,0.99,0.58,33.3,14.0,7.59,0.09,196.0,0.032,SL-LOSS
2026.03.31 14:00,L,0,0,1,1,4614.476,13.928,1.14,0.84,15.51,L-BRK,3.04,0.05,25.6,23.9,1.74,0.71,196.0,0.017,SL-WIN
2026.03.31 14:35,L,0,0,1,1,4609.220,16.106,1.00,0.90,15.73,L-BRK,3.68,0.12,33.7,9.8,0.74,0.14,196.0,0.015,SL-WIN
2026.03.31 15:45,L,0,0,1,1,4616.059,10.526,1.76,0.87,186.41,L-BRK,3.89,0.25,22.4,13.3,1.04,0.71,196.0,0.023,TP
2026.03.31 16:45,L,0,0,1,1,4641.330,12.006,1.21,0.53,13.20,L-BRK,5.62,0.46,24.6,16.7,1.10,0.14,196.0,0.020,SL-WIN
2026.03.31 22:35,L,0,0,1,2,4694.417,11.374,0.18,0.96,-115.44,L-BRK,8.84,0.31,23.7,12.7,2.60,-0.00,252.0,0.025,SL-LOSS
2026.03.31 23:35,L,0,0,1,2,4692.449,12.853,1.71,0.31,182.80,L-BRK,7.49,0.71,22.2,23.1,0.85,-0.02,196.0,0.019,TP
2026.04.01 00:20,L,0,0,1,2,4714.482,8.593,0.94,0.12,16.69,L-BRK,14.60,0.43,50.5,27.6,1.04,-0.00,252.0,0.036,SL-WIN
2026.04.01 00:30,L,0,0,1,2,4706.027,10.087,1.33,0.61,17.75,L-BRK,15.42,0.87,53.3,23.9,0.12,-0.00,252.0,0.031,SL-WIN
2026.04.01 03:15,L,0,0,1,3,4690.473,8.302,0.14,1.00,-116.95,L-BRK,10.01,0.35,24.4,13.2,4.95,-0.00,196.0,0.029,SL-LOSS
2026.04.01 04:50,L,0,0,1,3,4677.224,6.002,1.53,0.69,163.53,L-BRK,7.51,0.23,36.3,9.6,10.29,0.00,196.0,0.043,TP
2026.04.01 05:15,L,0,0,1,3,4685.876,5.349,0.81,0.99,20.78,L-BRK,9.13,0.46,29.8,22.3,9.64,0.00,196.0,0.045,SL-WIN
2026.04.01 05:25,L,0,0,1,3,4686.515,5.993,1.59,0.02,168.75,L-BRK,8.86,0.25,31.9,20.1,8.77,0.00,196.0,0.042,TP
2026.04.01 15:05,L,0,0,1,1,4773.219,14.552,1.36,0.79,65.30,L-BRK,4.90,0.45,40.0,22.4,0.60,0.00,196.0,0.016,SL-WIN
2026.04.01 23:30,L,0,0,1,2,4793.610,8.843,0.03,0.99,-115.26,L-BRK,1.81,0.37,50.6,26.7,0.82,0.58,252.0,0.036,SL-LOSS
2026.04.02 00:15,L,0,0,1,2,4795.735,8.641,0.22,1.00,-113.23,L-BRK,1.44,0.62,26.3,12.5,1.07,0.52,252.0,0.036,SL-LOSS
2026.04.02 04:15,S,0,0,1,3,4668.244,8.988,1.21,0.48,18.09,S-BRK,1.11,0.36,32.4,14.0,9.54,-0.40,196.0,0.026,SL-WIN
2026.04.02 05:50,S,0,0,1,3,4604.165,16.743,1.76,0.25,190.48,S-BRK,5.79,0.97,23.9,21.1,0.43,-0.92,196.0,0.014,TP
2026.04.02 06:05,S,0,0,1,3,4568.109,20.301,0.69,0.99,-121.82,S-BRK,3.10,0.45,35.2,29.1,1.54,-1.00,196.0,0.012,SL-LOSS
2026.04.02 06:15,S,0,0,1,3,4590.472,23.034,0.41,1.00,-116.24,S-BRK,5.21,0.46,39.2,17.0,1.45,0.25,196.0,0.010,SL-LOSS
2026.04.07 02:15,S,0,0,1,2,4630.713,16.247,0.22,0.99,-113.87,S-BRK,0.89,0.46,26.6,8.5,3.18,-0.48,252.0,0.019,SL-LOSS
2026.04.07 08:35,L,0,0,1,3,4682.008,11.594,1.09,0.26,22.58,L-BRK,1.01,0.64,37.8,15.7,2.22,1.00,196.0,0.021,SL-WIN
2026.04.07 14:05,S,0,0,1,1,4612.126,13.769,0.16,1.00,-110.69,S-BRK,1.16,0.84,23.8,20.9,1.62,-0.07,252.0,0.022,SL-LOSS
2026.04.07 18:15,L,0,0,1,1,4684.816,8.813,0.17,0.99,-115.13,L-BRK,0.93,0.72,49.5,23.0,3.05,0.25,196.0,0.027,SL-LOSS
2026.04.07 19:20,L,0,0,1,1,4689.666,10.578,1.76,0.76,169.60,L-BRK,1.62,0.86,29.8,12.0,2.08,0.63,196.0,0.022,TP
2026.04.07 19:50,L,0,0,1,1,4699.769,14.569,1.19,0.22,298.87,L-BRK,2.21,0.58,24.1,12.2,1.12,0.63,196.0,0.016,TP
2026.04.07 22:00,L,0,0,1,2,4744.557,12.135,0.64,0.98,-109.88,L-BRK,2.40,0.25,38.2,15.7,4.63,0.43,350.0,0.034,SL-LOSS
2026.04.07 22:30,L,0,0,1,2,4760.739,16.646,1.77,0.52,190.65,L-BRK,5.21,0.77,27.8,12.3,2.75,-0.05,252.0,0.018,TP
2026.04.07 22:50,L,0,0,1,2,4793.920,20.751,1.72,0.05,196.13,L-BRK,5.67,0.16,29.2,16.0,1.93,0.19,252.0,0.015,TP
2026.04.07 23:55,L,0,0,1,2,4833.553,18.726,1.29,0.17,14.19,L-BRK,9.20,0.51,33.1,20.3,1.19,0.49,252.0,0.016,SL-WIN
2026.04.08 05:15,L,0,0,1,3,4809.808,6.750,1.72,0.23,192.18,L-BRK,21.19,0.27,23.0,11.7,8.58,0.07,196.0,0.036,TP
2026.04.08 05:30,L,0,0,1,3,4822.339,7.562,1.59,0.68,174.77,L-BRK,22.81,0.74,36.7,30.2,7.61,0.06,252.0,0.043,TP
2026.04.08 05:50,L,0,0,1,3,4836.842,7.907,0.00,1.00,-119.07,L-BRK,24.07,0.80,55.1,40.5,4.50,0.05,252.0,0.039,SL-LOSS
2026.04.08 05:55,L,0,0,1,3,4827.545,8.097,0.88,0.06,22.33,L-BRK,22.43,0.40,55.9,28.9,3.21,0.05,252.0,0.037,SL-WIN
2026.04.09 16:05,L,0,0,1,1,4792.726,10.656,0.81,0.80,-29.99,L-BRK,1.26,0.40,42.7,18.1,5.44,0.45,196.0,0.023,SL-LOSS
2026.04.12 22:10,S,0,0,1,2,4676.826,12.956,1.77,0.49,195.22,S-BRK,7.98,0.20,46.7,22.5,0.04,-0.43,252.0,0.024,TP
2026.04.12 22:25,S,0,0,1,2,4647.668,15.876,0.19,0.99,-127.91,S-BRK,6.98,0.62,52.9,32.8,1.11,-0.12,196.0,0.015,SL-LOSS
2026.04.13 03:05,S,0,0,1,3,4714.500,7.130,0.27,1.00,-121.52,S-BRK,4.67,0.71,26.2,9.9,11.98,-0.12,196.0,0.035,SL-LOSS
2026.04.13 04:05,S,0,0,1,3,4712.741,5.158,0.71,0.98,-124.99,S-BRK,6.95,0.63,22.2,17.4,17.17,-0.12,196.0,0.044,SL-LOSS
2026.04.13 09:30,S,0,0,1,3,4713.995,7.681,0.72,1.00,-123.74,S-BRK,1.60,0.82,34.2,11.6,12.04,-0.12,196.0,0.032,SL-LOSS
2026.04.14 00:40,L,0,0,1,2,4770.357,5.880,0.30,0.99,-117.80,L-BRK,1.37,0.83,30.8,23.8,4.90,0.91,196.0,0.039,SL-LOSS
2026.04.14 01:10,L,0,0,1,2,4776.225,7.103,0.09,1.00,-114.66,L-BRK,1.80,0.82,28.1,8.6,3.52,0.35,196.0,0.034,SL-LOSS
2026.04.14 04:20,L,0,0,1,3,4774.517,3.732,0.64,0.97,-116.84,L-BRK,2.90,0.97,22.3,26.0,7.42,0.05,196.0,0.067,SL-LOSS
2026.04.14 06:50,L,0,0,1,3,4778.823,5.960,1.74,0.06,181.23,L-BRK,2.13,0.58,25.2,26.3,2.02,-0.15,252.0,0.052,TP
2026.04.14 07:00,L,0,0,1,3,4786.870,5.872,1.64,0.06,22.55,L-BRK,3.48,0.73,35.4,33.5,1.70,0.05,252.0,0.050,SL-WIN
2026.04.14 07:10,L,0,0,1,3,4790.169,6.607,0.22,0.94,-119.86,L-BRK,5.98,0.68,45.0,32.3,0.56,-0.22,196.0,0.036,SL-LOSS
2026.04.14 14:00,L,0,0,1,1,4795.788,9.500,1.74,0.31,183.41,L-BRK,3.20,0.29,40.8,22.9,1.18,-0.00,196.0,0.025,TP
2026.04.14 14:30,L,0,0,1,1,4813.725,11.078,0.37,0.97,-121.88,L-BRK,4.39,0.73,50.3,24.8,0.79,-0.00,196.0,0.021,SL-LOSS
2026.04.14 14:35,L,0,0,1,1,4804.483,12.184,0.18,0.99,-122.08,L-BRK,4.65,0.46,50.6,17.8,0.44,0.00,196.0,0.020,SL-LOSS
2026.04.14 15:20,L,0,0,1,1,4803.927,10.026,1.66,0.32,172.12,L-BRK,3.58,0.73,23.1,9.8,2.11,0.00,196.0,0.024,TP
2026.04.15 01:10,L,0,0,1,2,4850.203,7.372,1.71,0.29,185.15,L-BRK,4.26,0.69,26.7,17.4,2.26,-0.08,252.0,0.042,TP
2026.04.15 01:15,L,0,0,1,2,4864.489,9.008,0.12,1.00,-117.68,L-BRK,5.00,0.70,30.3,25.7,3.59,-0.00,252.0,0.035,SL-LOSS
2026.04.15 01:20,L,0,0,1,2,4844.017,10.750,0.95,0.02,21.34,L-BRK,6.08,0.61,31.9,19.0,1.01,-0.00,252.0,0.029,SL-WIN
2026.04.15 01:35,L,0,0,1,2,4846.006,11.048,0.69,0.96,-121.72,L-BRK,3.04,0.53,33.8,9.2,2.58,-0.00,252.0,0.028,SL-LOSS
2026.04.16 05:00,L,0,0,1,3,4836.584,3.399,0.56,0.97,-123.53,L-BRK,1.53,0.76,35.8,28.1,14.59,0.56,196.0,0.072,SL-LOSS
2026.04.16 05:20,L,0,0,1,3,4832.843,3.164,0.42,0.99,-126.87,L-BRK,2.41,0.78,44.5,13.0,12.68,0.56,196.0,0.072,SL-LOSS
2026.04.16 14:40,S,0,0,1,1,4787.038,13.212,0.12,1.00,-119.08,S-BRK,0.96,0.83,26.4,20.9,1.66,-0.12,252.0,0.023,SL-LOSS
2026.04.16 16:35,S,0,0,1,1,4796.122,7.410,1.82,0.04,181.23,S-BRK,1.49,0.55,32.2,19.5,3.06,0.12,196.0,0.031,TP
2026.04.16 17:35,S,0,0,1,1,4782.718,7.227,0.05,0.93,-126.96,S-BRK,2.40,0.15,39.6,15.8,1.88,-0.19,196.0,0.032,SL-LOSS
2026.04.16 17:55,S,0,0,1,1,4788.967,6.455,0.46,0.99,-119.59,S-BRK,2.33,0.48,33.1,8.7,2.79,-0.19,196.0,0.037,SL-LOSS
2026.04.17 00:00,S,0,0,1,2,4788.504,3.096,0.80,0.98,-113.76,S-BRK,1.30,0.83,24.7,25.3,7.52,-0.48,196.0,0.075,SL-LOSS
2026.04.17 00:10,S,0,0,1,2,4789.943,3.565,0.64,0.96,-112.29,S-BRK,1.49,0.39,32.7,20.7,6.11,-0.48,252.0,0.085,SL-LOSS
2026.04.17 01:05,S,0,0,1,2,4783.456,5.498,1.73,0.30,187.92,S-BRK,1.24,0.64,26.1,17.3,3.99,-0.50,252.0,0.056,TP
2026.04.17 01:10,S,0,0,1,2,4778.869,6.502,1.72,0.98,19.10,S-BRK,0.90,0.71,29.2,26.7,3.19,-0.49,252.0,0.047,SL-WIN
2026.04.17 03:00,S,0,0,1,3,4791.738,4.927,0.00,0.98,-115.99,S-BRK,0.95,0.82,30.1,9.2,4.07,0.01,196.0,0.048,SL-LOSS
2026.04.17 14:00,L,0,0,1,1,4876.223,17.878,0.39,1.00,-107.69,L-BRK,3.77,0.40,45.2,22.6,0.65,-0.37,252.0,0.017,SL-LOSS
2026.04.17 18:00,L,0,0,1,1,4862.613,6.413,0.87,0.59,18.41,L-BRK,5.03,0.28,24.5,13.1,5.21,1.00,252.0,0.049,SL-WIN
2026.04.19 23:45,S,0,0,1,2,4744.009,9.144,0.01,0.99,-110.78,S-BRK,1.52,0.63,63.8,33.5,2.25,0.06,252.0,0.033,SL-LOSS
2026.04.19 23:55,S,0,0,1,2,4755.329,9.078,1.10,0.04,18.39,S-BRK,1.27,0.94,62.2,17.7,2.00,0.06,252.0,0.032,SL-WIN
2026.04.20 00:10,S,0,0,1,2,4752.154,10.273,0.01,1.00,-113.27,S-BRK,1.16,0.33,57.2,13.9,1.88,0.06,252.0,0.030,SL-LOSS
2026.04.21 06:40,S,0,0,1,3,4780.340,7.192,1.03,0.48,20.57,S-BRK,1.14,0.08,37.2,12.3,6.79,-0.37,196.0,0.033,SL-WIN
2026.04.21 14:35,S,0,0,1,1,4761.782,9.429,1.89,0.20,177.11,S-BRK,1.13,0.42,34.9,23.7,1.02,-0.45,252.0,0.031,TP
2026.04.21 14:40,S,0,0,1,1,4745.042,10.877,1.78,0.10,174.70,S-BRK,1.83,0.71,39.1,31.8,2.22,0.19,252.0,0.028,TP
2026.04.21 14:45,S,0,0,1,1,4727.868,11.335,0.37,0.99,-113.91,S-BRK,3.68,0.83,43.8,39.5,2.40,-0.51,196.0,0.021,SL-LOSS
2026.04.21 14:50,S,0,0,1,1,4738.455,12.189,0.85,0.31,14.06,S-BRK,5.32,0.77,47.8,34.2,0.46,-0.51,196.0,0.020,SL-WIN
2026.04.22 16:20,S,0,0,1,1,4725.294,5.880,0.23,0.99,-112.06,S-BRK,0.93,0.90,25.0,10.2,11.71,-0.16,196.0,0.040,SL-LOSS
2026.04.23 00:15,S,0,0,1,2,4722.649,7.883,0.03,1.00,-111.07,S-BRK,2.55,0.93,31.7,19.6,6.72,0.13,196.0,0.030,SL-LOSS
2026.04.23 02:15,S,0,0,1,2,4710.686,8.111,1.53,0.92,54.28,S-BRK,1.07,0.89,40.6,30.6,5.92,-0.74,196.0,0.029,SL-WIN
2026.04.23 04:45,S,0,0,1,3,4702.081,4.201,0.16,0.97,-114.37,S-BRK,3.41,0.53,23.6,16.2,10.07,-0.52,196.0,0.056,SL-LOSS
2026.04.23 08:45,S,0,0,1,3,4705.806,6.664,1.67,0.26,161.88,S-BRK,1.11,0.62,34.0,18.7,6.79,-0.58,196.0,0.037,TP
2026.04.23 10:05,S,0,0,1,3,4691.604,6.201,0.99,0.26,19.53,S-BRK,3.34,0.64,47.0,14.4,4.62,-0.21,196.0,0.038,SL-WIN
2026.04.23 10:15,S,0,0,1,3,4688.477,5.932,0.69,0.97,-107.60,S-BRK,5.50,0.35,52.4,19.7,0.71,-0.58,196.0,0.039,SL-LOSS
2026.04.23 17:40,S,0,0,1,1,4677.747,12.698,1.06,0.08,14.16,S-BRK,1.16,0.80,30.3,21.0,2.78,-0.26,196.0,0.018,SL-WIN
2026.04.23 17:45,S,0,0,1,1,4683.152,14.226,0.30,1.00,-114.84,S-BRK,2.12,0.81,33.8,23.8,1.28,-0.23,196.0,0.016,SL-LOSS
2026.04.23 17:50,S,0,0,1,1,4695.971,16.611,0.09,1.00,-116.43,S-BRK,1.44,0.25,32.2,10.3,1.60,-0.01,196.0,0.014,SL-LOSS
2026.04.23 20:15,S,0,0,1,1,4691.541,6.130,0.52,0.32,-143.90,S-BRK,0.88,0.85,26.3,19.2,5.19,-0.09,196.0,0.037,SL-LOSS
2026.04.24 02:30,S,0,0,1,2,4689.170,7.444,1.80,0.05,176.49,S-BRK,1.01,0.27,34.5,14.0,3.27,-0.03,196.0,0.031,TP
2026.04.24 02:45,S,0,0,1,2,4676.095,7.247,1.00,0.45,17.45,S-BRK,1.10,0.04,39.4,26.2,3.38,-0.38,196.0,0.033,SL-WIN
2026.04.24 03:55,S,0,0,1,3,4672.068,5.024,0.91,0.06,18.56,S-BRK,5.41,0.64,24.8,14.8,2.24,-0.30,196.0,0.049,SL-WIN
2026.04.24 04:00,S,0,0,1,3,4670.782,5.140,1.64,0.80,166.06,S-BRK,6.89,0.68,29.0,24.1,2.04,-0.21,196.0,0.047,TP
2026.04.24 04:20,S,0,0,1,3,4661.479,5.090,0.72,1.00,-107.98,S-BRK,7.82,0.30,35.7,27.6,2.10,-0.21,196.0,0.048,SL-LOSS
2026.04.24 06:20,S,0,0,1,3,4674.015,5.244,1.35,0.43,20.50,S-BRK,2.61,0.66,34.0,11.3,4.70,-0.68,196.0,0.044,SL-WIN
2026.04.26 22:10,S,0,0,1,2,4685.359,5.624,1.89,0.64,185.31,S-BRK,1.43,0.99,38.1,23.8,4.94,-0.99,252.0,0.052,TP
2026.04.27 00:05,S,0,0,1,2,4675.806,4.982,0.02,0.99,-104.79,S-BRK,2.73,0.21,51.7,20.7,5.77,-0.23,196.0,0.048,SL-LOSS
2026.04.27 00:15,S,0,0,1,2,4678.627,4.741,0.37,0.98,-111.11,S-BRK,2.41,0.92,49.2,9.3,5.69,-0.23,196.0,0.050,SL-LOSS
2026.04.27 14:55,S,0,0,1,1,4678.245,7.347,1.50,0.20,21.79,S-BRK,1.51,0.84,34.6,23.6,3.56,-0.15,196.0,0.031,SL-WIN
2026.04.27 15:15,S,0,0,1,1,4677.573,8.376,1.21,0.59,16.89,S-BRK,1.90,0.57,40.5,12.5,2.37,-0.03,196.0,0.028,SL-WIN
2026.04.27 17:15,S,0,0,1,1,4671.341,3.833,0.30,0.98,-107.77,S-BRK,4.73,0.05,23.3,18.8,5.22,-0.03,196.0,0.061,SL-LOSS
2026.04.27 17:20,S,0,0,1,1,4674.631,4.200,0.02,1.00,-106.50,S-BRK,6.02,0.35,24.5,11.8,4.23,-0.15,196.0,0.055,SL-LOSS
2026.04.28 01:45,S,0,0,1,2,4685.071,4.629,1.75,0.18,169.97,S-BRK,1.07,0.63,42.3,15.8,5.33,-0.41,196.0,0.052,TP
2026.04.28 01:55,S,0,0,1,2,4670.895,5.471,0.77,0.99,-109.90,S-BRK,2.07,0.86,47.6,34.8,3.54,-0.45,196.0,0.043,SL-LOSS
2026.04.28 02:05,S,0,0,1,2,4675.403,5.998,1.45,0.74,26.90,S-BRK,3.72,0.25,49.4,21.1,1.23,-0.41,196.0,0.039,SL-WIN
2026.04.28 03:55,S,0,0,1,3,4670.949,3.373,1.75,0.19,172.98,S-BRK,5.85,0.78,23.1,11.9,1.19,-0.59,196.0,0.071,TP
2026.04.28 05:05,S,0,0,1,3,4654.000,4.073,1.18,0.33,19.12,S-BRK,7.58,0.67,27.5,22.4,5.79,-0.34,196.0,0.057,SL-WIN
2026.04.28 05:15,S,0,0,1,3,4655.111,4.373,0.00,0.99,-110.15,S-BRK,4.46,0.27,35.2,16.0,1.09,-0.59,196.0,0.053,SL-LOSS
2026.04.28 05:30,S,0,0,1,3,4644.568,5.981,1.77,0.06,174.11,S-BRK,6.03,0.30,28.5,13.1,3.93,-0.20,196.0,0.040,TP
2026.04.28 14:05,S,0,0,1,1,4569.742,12.891,0.96,0.67,13.58,S-BRK,5.50,0.91,22.1,10.0,1.06,-0.00,196.0,0.018,SL-WIN
2026.04.29 14:00,S,0,0,1,1,4525.131,9.846,0.73,0.99,-109.68,S-BRK,3.64,0.10,40.2,10.9,1.41,-0.28,196.0,0.024,SL-LOSS
2026.04.29 18:10,S,0,0,1,1,4525.623,7.434,0.06,0.99,-111.81,S-BRK,2.07,0.73,23.3,16.8,4.06,-0.03,196.0,0.032,SL-LOSS
2026.04.29 18:15,S,0,0,1,1,4531.669,8.166,1.35,0.75,16.65,S-BRK,3.14,0.72,23.8,10.6,2.55,-0.03,196.0,0.029,SL-WIN
2026.04.29 18:35,S,0,0,1,1,4528.740,10.604,1.00,0.04,20.15,S-BRK,3.08,0.82,29.8,12.6,1.48,-0.13,196.0,0.023,SL-WIN
2026.04.30 07:10,L,0,0,1,3,4591.923,6.749,0.28,0.99,-109.39,L-BRK,1.36,0.96,50.9,28.7,2.77,0.43,196.0,0.035,SL-LOSS
2026.04.30 07:45,L,0,0,1,3,4600.781,7.266,1.67,0.57,164.70,L-BRK,1.77,0.81,42.6,22.3,2.48,0.00,196.0,0.034,TP
2026.04.30 08:00,L,0,0,1,3,4627.258,9.804,0.26,1.00,-108.85,L-BRK,1.53,0.21,48.9,30.4,4.87,0.30,252.0,0.032,SL-LOSS
2026.04.30 08:05,L,0,0,1,3,4620.158,10.461,1.10,0.78,11.06,L-BRK,4.68,0.92,51.7,28.0,0.36,0.30,196.0,0.024,SL-WIN
2026.05.01 08:25,S,0,0,1,3,4567.339,6.817,1.08,0.85,-13.47,S-BRK,0.90,0.61,60.7,36.3,9.05,-1.00,196.0,0.035,SL-LOSS
2026.05.01 14:15,L,0,0,1,1,4654.587,13.582,0.27,0.98,-108.72,L-BRK,1.09,0.84,39.4,26.8,0.40,1.00,196.0,0.017,SL-LOSS
2026.05.04 01:10,S,0,0,1,2,4600.513,7.711,0.98,0.57,15.95,S-BRK,1.15,0.36,22.4,9.0,5.84,-0.24,196.0,0.030,SL-WIN
2026.05.04 01:35,S,0,0,1,2,4600.190,6.409,0.15,1.00,-104.16,S-BRK,1.36,0.64,25.1,10.2,7.07,-0.24,196.0,0.036,SL-LOSS
2026.05.04 02:25,S,0,0,1,2,4593.200,6.576,0.29,1.00,-105.78,S-BRK,1.54,0.80,23.1,15.5,7.30,-0.24,196.0,0.036,SL-LOSS
2026.05.04 07:55,S,0,0,1,3,4579.137,5.893,0.88,0.39,17.94,S-BRK,0.85,0.83,28.1,15.6,4.48,-0.19,196.0,0.040,SL-WIN
2026.05.04 08:35,S,0,0,1,3,4579.030,5.720,0.55,0.96,-102.98,S-BRK,1.78,0.54,37.1,10.1,3.62,-0.19,196.0,0.041,SL-LOSS
2026.05.04 09:55,S,0,0,1,3,4575.538,4.287,1.74,0.15,170.89,S-BRK,1.23,0.61,22.7,14.5,6.16,-0.37,196.0,0.056,TP
2026.05.04 10:00,S,0,0,1,3,4560.076,6.223,1.74,0.07,169.15,S-BRK,3.32,0.46,26.3,23.9,7.02,-0.13,196.0,0.038,TP
2026.05.04 15:20,S,0,0,1,1,4521.875,13.491,0.46,1.00,-108.02,S-BRK,1.79,0.47,37.9,33.7,2.62,-0.29,196.0,0.018,SL-LOSS
2026.05.04 15:25,S,0,0,1,1,4538.015,14.045,1.82,0.37,167.76,S-BRK,3.22,0.67,42.1,29.2,0.70,-0.29,196.0,0.017,TP
2026.05.04 16:05,S,0,0,1,1,4510.515,16.725,0.58,1.00,-100.78,S-BRK,2.49,0.11,59.9,32.0,1.31,0.05,252.0,0.018,SL-LOSS
2026.05.04 16:20,S,0,0,1,1,4521.821,17.723,0.81,0.47,-27.82,S-BRK,2.05,0.71,58.4,15.8,1.44,0.05,196.0,0.013,SL-LOSS
2026.05.04 22:50,S,0,0,1,2,4516.611,3.279,0.24,1.00,-106.02,S-BRK,10.87,0.41,22.4,18.0,6.31,-0.29,196.0,0.073,SL-LOSS
2026.05.05 04:20,S,0,0,1,3,4530.778,3.245,0.81,0.21,17.85,S-BRK,1.87,0.65,45.7,24.5,11.60,-0.07,196.0,0.074,SL-WIN
2026.05.05 23:15,L,0,0,1,2,4586.266,7.757,1.58,0.89,154.06,L-BRK,1.21,0.72,32.4,20.7,0.34,1.00,196.0,0.033,TP
2026.05.06 00:20,L,0,0,1,2,4602.540,6.895,1.69,0.36,158.61,L-BRK,2.31,0.47,39.4,22.6,1.12,1.00,196.0,0.035,TP
2026.05.06 00:55,L,0,0,1,2,4618.819,6.135,0.63,0.97,-111.53,L-BRK,5.30,0.56,60.6,35.0,1.87,0.99,196.0,0.039,SL-LOSS
2026.05.06 01:05,L,0,0,1,2,4612.752,6.676,1.75,0.50,170.88,L-BRK,6.13,0.34,62.5,22.8,1.33,0.69,196.0,0.036,TP
2026.05.06 03:00,L,0,0,1,3,4641.081,5.418,1.72,0.14,168.45,L-BRK,12.44,0.61,55.0,26.5,0.44,-0.10,196.0,0.045,TP
2026.05.06 03:10,L,0,0,1,3,4647.837,5.985,1.45,0.88,6.86,L-BRK,16.19,0.67,59.9,34.8,1.31,-0.06,196.0,0.041,SL-WIN
2026.05.06 05:50,L,0,0,1,3,4653.139,5.736,1.64,0.23,165.48,L-BRK,14.35,0.20,23.0,9.5,1.56,-0.03,196.0,0.043,TP
2026.05.06 05:55,L,0,0,1,3,4663.019,6.252,0.87,0.97,18.15,L-BRK,14.42,0.91,26.6,20.1,2.46,-0.03,196.0,0.039,SL-WIN
2026.05.06 14:00,L,0,0,1,1,4706.209,11.952,0.95,0.74,13.00,L-BRK,3.33,0.34,33.4,17.9,2.20,-0.31,196.0,0.020,SL-WIN
2026.05.06 14:25,L,0,0,1,1,4706.268,10.476,0.79,0.99,-116.79,L-BRK,3.77,0.54,37.2,8.7,1.64,-0.31,196.0,0.023,SL-LOSS
2026.05.06 18:20,L,0,0,1,1,4687.753,3.760,1.79,0.80,181.88,L-BRK,0.98,0.53,37.2,24.7,11.21,0.04,196.0,0.062,TP
2026.05.06 19:05,L,0,0,1,1,4694.371,4.038,1.46,0.19,12.78,L-BRK,1.88,0.71,34.0,17.0,10.25,0.04,196.0,0.061,SL-WIN
2026.05.07 06:35,L,0,0,1,3,4742.795,7.722,0.98,0.37,21.97,L-BRK,2.79,0.87,41.6,41.6,2.09,-0.05,196.0,0.032,SL-WIN
2026.05.07 06:45,L,0,0,1,3,4738.363,7.895,1.57,0.88,16.47,L-BRK,3.77,0.33,50.1,35.3,0.74,0.06,196.0,0.030,SL-WIN
2026.05.07 08:00,L,0,0,1,3,4749.821,8.066,0.46,0.96,-114.49,L-BRK,4.14,0.43,23.0,12.5,1.33,-0.12,196.0,0.030,SL-LOSS
2026.05.07 14:55,L,0,0,1,1,4762.777,8.761,0.24,1.00,-114.31,L-BRK,5.08,0.44,22.1,19.3,0.39,-0.00,196.0,0.028,SL-LOSS
2026.05.08 14:00,L,0,0,1,1,4740.105,9.655,0.00,1.00,-106.88,L-BRK,1.62,0.92,30.3,14.2,2.07,0.99,252.0,0.031,SL-LOSS
2026.05.10 22:05,S,0,0,1,2,4688.371,6.294,0.02,1.00,-108.05,S-BRK,2.47,0.38,52.5,22.7,1.66,1.00,252.0,0.047,SL-LOSS
2026.05.10 22:10,S,0,0,1,2,4687.446,7.000,0.75,1.00,-114.81,S-BRK,2.05,0.13,49.4,10.4,1.71,1.00,252.0,0.044,SL-LOSS
2026.05.11 00:00,S,0,0,1,2,4687.335,5.177,1.85,0.60,181.07,S-BRK,1.87,0.69,24.4,19.2,3.17,0.62,196.0,0.044,TP
2026.05.11 00:15,S,0,0,1,2,4677.772,5.856,0.29,0.99,-115.33,S-BRK,3.10,0.48,36.4,27.1,1.34,-0.20,252.0,0.052,SL-LOSS
2026.05.11 03:55,S,0,0,1,3,4678.580,6.747,1.47,0.20,22.06,S-BRK,3.55,0.72,22.7,15.9,1.30,0.35,196.0,0.036,SL-WIN
2026.05.11 05:45,S,0,0,1,3,4661.090,5.820,1.82,0.16,188.78,S-BRK,7.22,0.82,23.3,14.2,1.11,-0.44,196.0,0.040,TP
2026.05.11 05:55,S,0,0,1,3,4652.511,6.675,0.46,0.99,-113.85,S-BRK,8.25,0.71,31.1,26.9,1.19,-0.01,196.0,0.034,SL-LOSS
2026.05.11 06:00,S,0,0,1,3,4659.515,7.497,0.30,1.00,-114.58,S-BRK,8.20,0.34,32.1,17.5,0.73,-0.01,196.0,0.032,SL-LOSS
2026.05.11 23:30,L,0,0,1,2,4755.987,5.921,1.52,0.42,152.22,L-BRK,2.30,0.21,35.6,13.5,1.22,-0.06,196.0,0.044,TP
2026.05.12 00:15,L,0,0,1,2,4771.005,7.256,0.25,0.97,-110.79,L-BRK,4.06,0.28,45.7,18.4,1.14,0.18,252.0,0.043,SL-LOSS
2026.05.12 15:00,S,0,0,1,1,4669.784,10.519,1.85,0.45,173.14,S-BRK,0.99,0.45,51.2,28.9,2.85,-0.32,196.0,0.022,TP
2026.05.12 15:20,S,0,0,1,1,4643.122,10.796,0.45,0.99,-109.27,S-BRK,1.50,0.27,64.1,39.5,3.05,-0.32,196.0,0.022,SL-LOSS
2026.05.12 15:25,S,0,0,1,1,4655.975,11.612,0.16,1.00,-104.63,S-BRK,3.44,0.79,67.2,34.4,0.55,-0.32,196.0,0.020,SL-LOSS
2026.05.12 15:35,S,0,0,1,1,4666.889,12.464,0.25,1.00,-112.33,S-BRK,1.11,0.69,59.1,11.3,2.44,-0.32,196.0,0.019,SL-LOSS
2026.05.14 07:35,L,0,0,1,3,4712.267,7.243,0.33,0.99,-112.97,L-BRK,0.86,0.62,37.9,28.5,3.05,0.87,252.0,0.042,SL-LOSS
2026.05.14 16:35,S,0,0,1,1,4673.209,5.169,0.09,0.96,-103.74,S-BRK,2.58,0.62,23.3,22.3,1.79,-0.08,196.0,0.044,SL-LOSS
2026.05.14 18:45,S,0,0,1,1,4669.761,4.047,1.79,0.59,170.79,S-BRK,4.72,0.49,23.7,21.3,0.65,-0.03,196.0,0.058,TP
2026.05.14 19:30,S,0,0,1,1,4664.526,3.943,1.72,0.12,167.83,S-BRK,6.89,0.78,32.0,17.2,0.60,-0.08,196.0,0.061,TP
2026.05.14 19:40,S,0,0,1,1,4656.418,4.597,1.63,0.61,166.64,S-BRK,6.30,0.89,38.4,26.4,1.12,-0.08,196.0,0.054,TP
2026.05.14 22:00,S,0,0,1,2,4653.142,4.387,0.26,0.97,-112.70,S-BRK,8.90,0.02,48.5,13.7,2.07,-0.43,252.0,0.068,SL-LOSS
2026.05.14 23:15,S,0,0,1,2,4658.936,3.425,0.92,0.19,19.86,S-BRK,6.70,0.48,24.9,14.0,5.06,-0.43,196.0,0.069,SL-WIN
2026.05.14 23:30,S,0,0,1,2,4651.181,4.863,0.88,0.47,18.26,S-BRK,5.06,0.92,24.9,9.1,6.47,-0.43,196.0,0.049,SL-WIN
2026.05.14 23:35,S,0,0,1,2,4652.952,5.081,1.83,0.97,176.97,S-BRK,7.03,0.84,26.4,14.8,1.74,-0.43,196.0,0.046,TP
2026.05.15 03:30,S,0,0,1,3,4609.026,6.826,0.04,1.00,-109.66,S-BRK,11.52,0.41,25.0,19.9,1.10,0.01,196.0,0.036,SL-LOSS
2026.05.15 03:45,S,0,0,1,3,4615.642,6.629,1.78,0.93,183.56,S-BRK,10.87,0.44,26.4,8.8,1.08,0.01,196.0,0.035,TP
2026.05.15 05:00,S,0,0,1,3,4600.230,6.384,1.80,0.23,179.95,S-BRK,11.80,0.59,30.3,23.7,1.41,-0.00,196.0,0.036,TP
2026.05.15 05:10,S,0,0,1,3,4592.043,7.024,1.73,0.47,176.30,S-BRK,13.14,0.76,38.5,36.4,0.88,0.00,196.0,0.034,TP
2026.05.15 14:00,S,0,0,1,1,4533.448,13.493,0.00,0.98,-121.91,S-BRK,2.96,0.08,28.3,11.9,2.00,0.00,196.0,0.017,SL-LOSS
2026.05.18 00:35,S,0,0,1,2,4490.673,11.779,0.86,0.28,22.43,S-BRK,1.79,0.74,50.7,26.5,0.51,-0.96,196.0,0.019,SL-WIN
2026.05.18 00:45,S,0,0,1,2,4494.049,14.166,0.53,1.00,-113.90,S-BRK,2.69,0.65,56.7,25.6,0.13,-0.96,196.0,0.017,SL-LOSS
2026.05.18 22:05,L,0,0,1,2,4572.069,4.365,1.55,0.37,165.19,L-BRK,2.93,0.07,44.5,26.9,4.16,0.30,196.0,0.058,TP
2026.05.18 23:00,L,0,0,1,2,4581.113,3.963,1.69,0.50,185.24,L-BRK,3.52,0.10,45.3,16.3,3.72,0.61,196.0,0.061,TP
2026.05.18 23:20,L,0,0,1,2,4586.343,4.327,0.34,0.99,-116.85,L-BRK,6.95,0.13,46.8,23.6,0.94,0.30,196.0,0.058,SL-LOSS
2026.05.19 14:20,S,0,0,1,1,4486.964,18.276,0.13,0.99,-110.32,S-BRK,2.38,0.23,32.4,13.2,2.02,0.02,196.0,0.013,SL-LOSS
2026.05.19 17:45,S,0,0,1,1,4500.954,4.621,1.64,0.67,23.42,S-BRK,8.00,0.56,22.5,10.5,10.34,0.02,196.0,0.050,SL-WIN
2026.05.19 18:45,S,0,0,1,1,4499.195,4.103,1.83,0.17,190.73,S-BRK,8.96,0.22,33.3,8.1,9.73,0.02,196.0,0.057,TP
2026.05.19 18:55,S,0,0,1,1,4493.630,4.420,1.73,0.98,187.25,S-BRK,11.48,0.84,38.6,24.1,8.22,0.02,196.0,0.054,TP
2026.05.19 22:00,S,0,0,1,2,4484.847,2.770,2.37,0.51,251.86,S-BRK,17.78,0.28,38.4,11.5,6.40,0.02,252.0,0.091,TP
2026.05.19 22:30,S,0,0,1,2,4483.302,3.372,0.98,0.74,13.60,S-BRK,19.79,0.68,38.2,9.4,5.63,0.02,196.0,0.069,SL-WIN
2026.05.20 00:05,S,0,0,1,2,4483.974,5.814,0.37,1.00,-123.06,S-BRK,8.97,0.41,34.8,10.9,4.84,-0.09,196.0,0.041,SL-LOSS
2026.05.20 01:05,S,0,0,1,2,4495.041,9.620,1.80,0.57,193.18,S-BRK,1.52,0.42,25.0,8.4,3.74,-0.75,196.0,0.024,TP
2026.05.20 03:05,S,0,0,1,3,4456.696,9.788,0.05,0.97,-118.69,S-BRK,4.10,0.23,24.3,14.1,1.32,-0.34,196.0,0.025,SL-LOSS
2026.05.20 04:45,S,0,0,1,3,4460.005,5.389,0.10,0.99,-118.73,S-BRK,6.55,0.14,22.4,13.7,2.07,-0.34,196.0,0.042,SL-LOSS
2026.05.20 09:30,S,0,0,1,3,4482.122,6.699,0.26,0.99,-121.53,S-BRK,1.22,0.77,24.5,8.8,3.78,0.09,196.0,0.035,SL-LOSS
2026.05.20 14:50,L,0,0,1,1,4529.610,12.925,1.74,0.49,191.53,L-BRK,1.06,0.13,26.9,10.6,4.40,1.00,196.0,0.019,TP
2026.05.20 15:20,L,0,0,1,1,4536.488,15.003,0.94,0.83,60.66,L-BRK,1.66,0.65,29.0,13.6,1.49,-0.18,196.0,0.016,SL-WIN
2026.05.20 22:45,L,0,0,1,2,4541.383,4.144,0.47,0.99,-121.69,L-BRK,10.14,0.15,23.0,8.4,3.40,-0.21,196.0,0.058,SL-LOSS
2026.05.20 23:55,L,0,0,1,2,4546.624,4.390,0.54,1.00,-120.34,L-BRK,9.80,0.25,22.3,11.7,2.32,-0.21,196.0,0.057,SL-LOSS
2026.05.21 00:15,L,0,0,1,2,4545.967,5.552,0.06,0.97,-119.24,L-BRK,8.96,0.13,22.2,12.7,2.28,-0.21,196.0,0.043,SL-LOSS
2026.05.21 00:20,L,0,0,1,2,4541.612,6.061,1.19,0.74,17.90,L-BRK,7.91,0.06,23.6,9.7,1.70,-0.21,196.0,0.040,SL-WIN
2026.05.21 04:25,L,0,0,1,3,4540.048,4.655,0.08,1.00,-117.20,L-BRK,3.30,0.67,29.1,17.5,8.88,-0.02,196.0,0.053,SL-LOSS
2026.05.21 04:40,L,0,0,1,3,4537.561,4.725,0.61,0.94,-119.40,L-BRK,2.62,0.09,27.9,9.2,9.27,-0.16,196.0,0.056,SL-LOSS
2026.05.21 17:50,L,0,0,1,1,4556.751,9.013,0.29,1.00,-117.28,L-BRK,1.14,0.55,66.0,38.4,2.53,1.00,196.0,0.027,SL-LOSS
2026.05.22 14:15,S,0,0,1,1,4498.092,9.429,0.67,1.00,-114.23,S-BRK,0.89,0.63,40.5,20.2,1.22,-0.39,196.0,0.025,SL-LOSS
2026.05.24 22:05,L,0,0,1,2,4554.498,7.399,1.68,0.77,167.93,L-BRK,2.73,0.57,23.9,23.9,1.54,-0.00,252.0,0.043,TP
2026.05.24 23:00,L,0,0,1,2,4568.355,8.991,1.30,0.08,35.83,L-BRK,3.06,0.77,43.3,24.7,0.50,-0.00,196.0,0.026,SL-WIN
2026.05.25 00:35,L,0,0,1,2,4574.938,5.419,0.90,0.78,20.25,L-BRK,8.77,0.42,30.4,8.7,1.43,-0.07,196.0,0.044,SL-WIN
2026.05.25 00:50,L,0,0,1,2,4573.480,6.250,0.16,0.99,-114.25,L-BRK,8.59,0.61,28.7,8.3,0.65,-0.07,196.0,0.038,SL-LOSS
2026.05.25 04:25,L,0,0,1,3,4565.185,3.530,0.07,0.95,-114.59,L-BRK,9.29,0.79,22.7,20.8,5.82,0.02,196.0,0.071,SL-LOSS
2026.05.25 04:30,L,0,0,1,3,4560.964,3.735,1.41,0.40,21.41,L-BRK,9.45,0.48,22.3,8.5,5.43,0.02,196.0,0.066,SL-WIN
2026.05.25 06:45,L,0,0,1,3,4557.805,4.178,1.63,0.36,171.33,L-BRK,1.70,0.28,25.6,10.8,7.28,0.22,196.0,0.060,TP
2026.05.25 07:00,L,0,0,1,3,4564.153,4.096,0.09,0.98,-116.36,L-BRK,3.66,0.79,33.8,21.8,5.49,0.22,196.0,0.060,SL-LOSS
2026.05.25 14:15,L,0,0,1,1,4568.504,4.169,1.48,0.86,-18.86,L-BRK,2.19,0.62,24.0,13.5,3.38,-0.22,196.0,0.059,SL-LOSS
2026.05.25 15:45,L,0,0,1,1,4570.485,3.736,1.87,0.70,187.92,L-BRK,2.15,0.19,24.9,8.1,3.37,-0.22,196.0,0.061,TP
2026.05.26 08:25,S,0,0,1,3,4522.392,6.199,1.63,0.83,18.03,S-BRK,1.45,0.55,24.3,20.9,4.60,-0.56,196.0,0.038,SL-WIN
2026.05.26 14:10,S,0,0,1,1,4510.783,8.074,0.25,1.00,-113.95,S-BRK,2.21,0.30,24.1,10.9,2.30,0.71,196.0,0.030,SL-LOSS
2026.05.26 14:55,S,0,0,1,1,4515.367,6.865,1.85,0.06,184.69,S-BRK,1.92,0.80,24.0,12.5,2.63,0.12,196.0,0.034,TP
2026.05.26 15:35,S,0,0,1,1,4507.428,5.814,1.29,0.61,21.73,S-BRK,4.52,0.08,45.3,19.1,1.09,0.12,196.0,0.040,SL-WIN
2026.05.26 16:45,S,0,0,1,1,4503.551,4.404,1.74,0.97,185.64,S-BRK,4.63,0.57,24.7,9.6,1.87,-0.11,196.0,0.053,TP
2026.05.27 05:45,S,0,0,1,3,4498.089,6.876,1.80,0.65,195.05,S-BRK,0.89,0.69,31.2,16.3,2.06,0.02,196.0,0.034,TP
2026.05.27 06:20,S,0,0,1,3,4486.720,7.694,0.87,0.36,22.87,S-BRK,1.55,0.50,34.3,20.9,1.24,0.07,196.0,0.032,SL-WIN
2026.05.27 06:40,S,0,0,1,3,4487.507,7.387,1.56,0.38,26.61,S-BRK,1.93,0.02,44.3,12.6,0.54,0.07,196.0,0.032,SL-WIN
2026.05.27 10:20,S,0,0,1,3,4479.804,4.627,1.66,0.11,189.73,S-BRK,4.54,0.83,25.1,24.6,1.12,0.09,196.0,0.054,TP
2026.05.27 14:55,S,0,0,1,1,4434.008,10.596,0.54,1.00,-127.64,S-BRK,4.28,0.38,28.1,13.9,4.24,-0.00,196.0,0.022,SL-LOSS
2026.05.28 01:15,S,0,0,1,2,4433.659,7.866,1.81,0.21,190.91,S-BRK,1.02,0.74,31.1,13.0,5.88,-0.34,196.0,0.030,TP
2026.05.28 01:25,S,0,0,1,2,4419.275,8.584,1.76,0.87,200.28,S-BRK,1.96,0.28,35.5,25.4,4.43,-0.34,196.0,0.028,TP
2026.05.28 02:10,S,0,0,1,2,4402.567,9.867,1.82,0.80,214.23,S-BRK,4.54,0.63,58.4,27.8,1.35,-0.38,196.0,0.024,TP
2026.05.28 03:40,S,0,0,1,3,4376.805,7.870,1.05,0.33,22.27,S-BRK,1.05,0.60,62.4,28.0,0.51,-0.64,196.0,0.029,SL-WIN
2026.05.28 04:20,S,0,0,1,3,4371.369,9.283,0.46,0.99,-130.18,S-BRK,3.20,0.83,55.8,20.8,0.43,-0.30,196.0,0.026,SL-LOSS
2026.05.28 16:55,L,0,0,1,1,4511.036,6.977,0.52,0.98,-160.26,L-BRK,1.02,0.53,67.0,27.4,1.64,1.00,196.0,0.035,SL-LOSS
2026.05.28 17:10,L,0,0,1,1,4504.327,7.512,1.64,0.46,40.27,L-BRK,1.29,0.09,59.8,9.5,1.29,0.13,252.0,0.042,SL-WIN
2026.05.28 18:15,L,0,0,1,1,4509.739,5.920,0.21,1.00,-125.35,L-BRK,1.38,0.56,42.5,11.6,1.97,0.30,196.0,0.042,SL-LOSS
2026.05.29 00:15,L,0,0,1,2,4499.213,4.033,0.38,1.00,-126.26,L-BRK,4.91,0.57,22.7,13.3,5.84,0.48,196.0,0.058,SL-LOSS
2026.05.29 01:10,L,0,0,1,2,4515.259,6.854,0.82,0.12,20.58,L-BRK,8.02,0.74,23.4,22.2,1.52,0.28,196.0,0.037,SL-WIN
2026.05.29 01:20,L,0,0,1,2,4513.092,6.922,0.07,0.99,-125.07,L-BRK,9.91,0.55,32.6,23.6,0.41,0.28,196.0,0.035,SL-LOSS
2026.05.29 01:25,L,0,0,1,2,4505.445,7.337,0.79,0.98,-125.07,L-BRK,8.62,0.75,30.5,8.3,1.40,0.28,196.0,0.033,SL-LOSS
2026.05.29 04:00,L,0,0,1,3,4502.895,4.263,1.59,0.30,175.79,L-BRK,4.95,0.56,28.0,8.9,5.94,0.22,196.0,0.060,TP
2026.05.29 04:20,L,0,0,1,3,4510.509,3.995,1.25,0.62,23.06,L-BRK,13.74,0.79,30.9,21.6,5.44,0.04,196.0,0.061,SL-WIN
2026.05.29 05:00,L,0,0,1,3,4510.335,4.412,0.61,0.97,-129.98,L-BRK,11.83,0.76,36.9,13.8,2.05,0.10,196.0,0.057,SL-LOSS
2026.05.29 06:00,L,0,0,1,3,4519.007,5.848,0.21,1.00,-117.18,L-BRK,7.77,0.02,24.5,11.3,1.78,0.02,196.0,0.041,SL-LOSS
2026.05.29 14:05,L,0,0,1,1,4551.017,8.827,0.21,0.99,-114.87,L-BRK,5.24,0.78,47.0,27.9,0.64,0.00,196.0,0.027,SL-LOSS
2026.05.29 14:50,L,0,0,1,1,4557.246,11.890,1.73,0.12,186.76,L-BRK,3.08,0.23,26.5,14.3,3.76,0.00,196.0,0.020,TP
2026.05.29 15:00,L,0,0,1,1,4578.228,12.687,1.34,0.37,14.11,L-BRK,4.84,0.50,30.1,19.3,1.40,0.00,196.0,0.018,SL-WIN
