entryTimeUTC,dir,rev,retest,regimeTrend,session,entry,riskPrice,mfeR,maeR,realizedUsd,entryReason,brkDistAtr,bodyPct,adx,diSpread,runwayAtr,nodeNet,spreadPips,spreadAtr,exitTag
2026.01.05 15:05,L,0,0,1,1,4454.470,8.945,0.04,1.00,-98.39,L-BRK,2.11,0.90,62.2,31.7,0.51,0.65,11.2,0.015,SL-LOSS
2026.01.05 15:10,L,0,0,1,1,4449.270,9.191,0.35,1.00,-101.10,L-BRK,2.46,0.38,60.5,20.3,0.19,0.65,11.2,0.015,SL-LOSS
2026.01.05 16:00,L,0,0,1,1,4448.714,8.680,0.03,1.00,-104.16,L-BRK,1.04,0.66,27.7,9.9,1.00,-0.08,11.2,0.016,SL-LOSS
2026.01.06 05:05,L,0,0,1,3,4467.905,3.739,1.71,0.28,16.98,L-BRK,3.23,0.69,22.9,12.2,0.25,0.76,11.2,0.037,SL-WIN
2026.01.06 05:35,L,0,0,1,3,4464.105,4.270,0.48,1.02,-102.47,L-BRK,4.50,0.33,33.1,9.8,0.97,-0.00,11.2,0.033,SL-LOSS
2026.01.06 06:35,L,0,0,1,3,4464.446,4.868,0.81,0.68,18.04,L-BRK,1.63,0.58,27.4,16.2,2.42,-0.40,11.2,0.028,SL-WIN
2026.01.06 07:00,L,0,0,1,3,4465.462,4.550,1.10,0.25,17.64,L-BRK,2.09,0.38,33.0,20.7,2.27,-0.40,11.2,0.030,SL-WIN
2026.01.06 14:40,L,0,0,1,1,4479.817,6.791,0.88,0.05,18.83,L-BRK,1.56,0.02,23.8,14.0,0.75,0.43,11.2,0.020,SL-WIN
2026.01.06 14:50,L,0,0,1,1,4488.035,7.001,0.41,1.01,-98.02,L-BRK,1.91,0.41,30.0,19.4,1.06,0.43,11.2,0.019,SL-LOSS
2026.01.06 16:40,L,0,0,1,1,4488.247,6.874,0.86,0.96,18.31,L-BRK,0.92,0.32,31.3,23.7,0.73,0.20,11.2,0.020,SL-WIN
2026.01.06 18:20,L,0,0,1,1,4488.601,5.080,0.31,1.00,-96.52,L-BRK,2.44,0.02,27.6,9.9,0.77,0.20,11.2,0.027,SL-LOSS
2026.01.06 21:00,L,0,0,1,2,4493.328,4.135,1.75,0.38,30.24,L-BRK,3.06,0.48,28.0,19.2,0.92,-0.22,11.2,0.034,SL-WIN
2026.01.07 15:20,S,0,0,1,1,4430.767,9.130,0.00,1.00,-91.30,S-BRK,2.17,0.27,22.7,11.0,0.18,0.00,11.2,0.015,SL-LOSS
2026.01.08 02:35,S,0,0,1,2,4439.057,5.899,0.25,1.00,-94.38,S-BRK,0.96,0.76,58.0,32.2,2.72,-0.35,11.2,0.022,SL-LOSS
2026.01.08 04:45,S,0,0,1,3,4431.188,4.234,3.67,0.55,108.01,S-BRK,1.22,0.74,39.5,29.3,2.36,-0.65,11.2,0.032,SL-WIN
2026.01.08 05:55,S,0,0,1,3,4425.457,5.907,1.60,0.67,17.64,S-BRK,3.51,0.48,60.6,10.8,0.74,0.12,11.2,0.023,SL-WIN
2026.01.08 08:35,S,0,0,1,3,4421.178,5.752,0.21,1.00,-92.04,S-BRK,1.11,0.49,44.4,23.6,1.78,-0.30,11.2,0.023,SL-LOSS
2026.01.08 10:15,S,0,0,1,3,4424.392,4.679,0.26,1.01,-93.57,S-BRK,0.88,0.22,23.8,18.0,3.69,0.10,11.2,0.029,SL-LOSS
2026.01.08 20:30,L,0,0,1,1,4476.262,5.138,1.55,0.83,17.56,L-BRK,1.05,0.57,40.7,37.4,1.99,0.94,11.2,0.027,SL-WIN
2026.01.08 23:05,L,0,0,1,2,4478.436,4.643,0.12,1.01,-97.50,L-BRK,3.02,0.62,42.3,17.7,1.90,0.37,11.2,0.030,SL-LOSS
2026.01.09 02:00,L,0,0,1,2,4475.645,5.496,0.16,1.01,-93.44,L-BRK,1.21,0.60,46.9,26.8,3.52,0.16,11.2,0.025,SL-LOSS
2026.01.09 02:15,L,0,0,1,2,4470.674,5.269,0.94,0.11,19.27,L-BRK,1.83,0.59,45.4,9.7,2.79,0.16,11.2,0.026,SL-WIN
2026.01.09 14:25,L,0,0,1,1,4494.492,8.502,0.02,1.00,-93.52,L-BRK,3.36,0.76,22.1,11.1,0.36,0.99,11.2,0.016,SL-LOSS
2026.01.09 15:25,L,0,0,1,1,4505.429,9.709,1.21,0.02,18.31,L-BRK,1.40,0.61,22.1,12.4,0.28,-0.10,11.2,0.014,SL-WIN
2026.01.09 17:00,L,0,0,1,1,4507.278,7.212,0.45,1.00,-93.75,L-BRK,5.72,0.37,27.4,11.6,1.84,0.00,11.2,0.019,SL-LOSS
2026.01.09 21:20,L,0,0,1,2,4510.036,3.997,9.81,0.97,720.78,L-BRK,1.12,0.71,32.1,21.3,2.08,0.05,11.2,0.034,TP
2026.01.12 00:05,L,0,0,1,2,4550.336,6.144,8.29,0.31,429.90,L-BRK,7.62,0.54,53.4,26.7,1.22,-0.23,11.2,0.022,SL-WIN
2026.01.12 01:05,L,0,0,1,2,4586.451,10.230,0.47,1.00,-102.30,L-BRK,9.41,0.10,68.2,15.1,1.63,0.00,11.2,0.013,SL-LOSS
2026.01.12 02:40,L,0,0,1,2,4578.997,8.663,0.37,1.00,-103.95,L-BRK,8.12,0.44,24.5,9.9,3.86,0.00,11.2,0.016,SL-LOSS
2026.01.12 05:20,L,0,0,1,3,4572.651,4.814,2.59,0.61,36.58,L-BRK,15.01,0.64,23.2,8.9,7.15,0.00,11.2,0.029,SL-WIN
2026.01.12 07:20,L,0,0,1,3,4584.016,4.794,0.26,1.01,-100.67,L-BRK,14.64,0.74,23.9,18.0,3.96,0.00,11.2,0.028,SL-LOSS
2026.01.12 07:45,L,0,0,1,3,4585.307,5.049,0.88,0.22,18.50,L-BRK,10.73,0.14,24.1,14.1,4.12,0.00,11.2,0.027,SL-WIN
2026.01.12 08:00,L,0,0,1,3,4587.230,5.007,0.16,1.01,-100.14,L-BRK,10.91,0.41,35.0,20.7,3.34,0.00,11.2,0.028,SL-LOSS
2026.01.12 14:00,L,0,0,1,1,4600.394,7.194,0.56,1.00,-100.71,L-BRK,7.02,0.78,58.2,13.3,0.94,0.00,11.2,0.019,SL-LOSS
2026.01.13 14:05,L,0,0,1,1,4614.509,6.774,1.38,0.36,18.78,L-BRK,1.14,0.05,43.9,11.5,3.43,0.43,11.2,0.020,SL-WIN
2026.01.13 14:40,L,0,0,1,1,4625.876,7.691,1.15,0.15,21.77,L-BRK,1.60,0.26,35.3,10.1,2.11,0.51,11.2,0.017,SL-WIN
2026.01.13 14:50,L,0,0,1,1,4624.418,8.585,1.00,0.16,16.34,L-BRK,3.50,0.83,37.8,15.5,0.15,0.21,11.2,0.016,SL-WIN
2026.01.13 20:35,S,0,0,1,1,4576.736,7.690,0.23,1.00,-92.29,S-BRK,0.92,0.90,22.3,19.9,0.49,-0.13,11.2,0.017,SL-LOSS
2026.01.14 01:05,L,0,0,1,2,4611.555,5.029,2.40,0.21,48.13,L-BRK,1.12,0.63,34.0,16.0,4.76,0.66,11.2,0.027,SL-WIN
2026.01.14 05:00,L,0,0,1,3,4638.866,4.239,0.01,1.00,-97.49,L-BRK,4.48,0.10,24.1,16.2,3.47,-0.13,11.2,0.032,SL-LOSS
2026.01.14 05:05,L,0,0,1,3,4635.571,4.423,0.13,1.01,-101.72,L-BRK,6.51,0.92,26.4,14.0,0.25,-0.13,11.2,0.032,SL-LOSS
2026.01.14 05:40,L,0,0,1,3,4636.494,4.557,0.67,1.00,-95.69,L-BRK,5.51,0.47,22.1,9.6,0.83,-0.13,11.2,0.030,SL-LOSS
2026.01.14 07:00,L,0,0,1,3,4634.657,5.955,0.83,0.55,16.70,L-BRK,4.37,0.89,23.6,16.1,0.56,-0.13,11.2,0.023,SL-WIN
2026.01.15 01:25,S,0,0,1,2,4600.598,6.915,2.44,0.07,35.83,S-BRK,1.03,0.70,32.7,19.8,5.04,0.03,11.2,0.019,SL-WIN
2026.01.15 01:35,S,0,0,1,2,4596.499,8.079,0.20,1.00,-96.95,S-BRK,1.84,0.52,41.2,23.8,3.41,0.03,11.2,0.017,SL-LOSS
2026.01.15 03:10,S,0,0,1,3,4591.338,8.064,1.25,0.44,15.94,S-BRK,1.06,0.21,30.1,20.0,4.26,-0.13,11.2,0.017,SL-WIN
2026.01.15 03:45,S,0,0,1,3,4593.857,8.308,0.81,0.16,15.69,S-BRK,1.05,0.22,34.9,11.9,4.03,-0.13,11.2,0.016,SL-WIN
2026.01.15 04:10,S,0,0,1,3,4594.015,7.322,1.76,0.49,20.55,S-BRK,2.64,0.42,37.4,9.2,3.00,-0.13,11.2,0.018,SL-WIN
2026.01.15 05:30,S,0,0,1,3,4585.556,6.513,0.60,1.00,-97.69,S-BRK,2.16,0.92,27.6,9.5,4.79,-0.13,11.2,0.021,SL-LOSS
2026.01.15 14:00,S,0,0,1,1,4591.908,7.054,0.47,1.00,-91.70,S-BRK,3.56,0.30,50.4,18.7,1.36,-0.19,11.2,0.019,SL-LOSS
2026.01.16 02:55,S,0,0,1,2,4594.942,5.086,0.40,1.01,-91.55,S-BRK,1.18,0.68,36.5,13.3,2.64,-0.56,11.2,0.026,SL-LOSS
2026.01.16 15:25,S,0,0,1,1,4564.910,11.342,2.47,0.49,35.30,S-BRK,1.00,0.57,25.5,16.3,3.03,-0.34,11.2,0.012,SL-WIN
2026.01.16 17:20,S,0,0,1,1,4584.455,10.819,0.69,1.00,-86.55,S-BRK,1.23,0.96,24.8,17.2,5.27,-0.01,11.2,0.012,SL-LOSS
2026.01.16 19:00,S,0,0,1,1,4585.590,7.219,0.63,1.01,-86.63,S-BRK,2.09,0.91,27.2,8.3,7.47,0.11,11.2,0.019,SL-LOSS
2026.01.16 20:30,S,0,0,1,1,4584.094,5.128,0.20,1.00,-87.17,S-BRK,1.04,0.57,30.6,17.8,12.51,0.05,11.2,0.026,SL-LOSS
2026.01.18 23:10,L,0,0,1,2,4654.430,8.860,4.10,0.06,123.66,L-BRK,4.86,0.47,37.1,30.6,0.54,-0.51,11.2,0.015,SL-WIN
2026.01.18 23:40,L,0,0,1,2,4671.832,11.120,0.93,0.97,19.93,L-BRK,6.14,0.32,52.8,14.9,1.83,-0.38,11.2,0.012,SL-WIN
2026.01.19 03:10,L,0,0,1,3,4669.065,6.621,0.13,1.00,-92.69,L-BRK,8.62,0.73,25.5,21.3,4.13,-0.38,11.2,0.021,SL-LOSS
2026.01.19 05:00,L,0,0,1,3,4669.009,4.321,0.79,0.43,15.92,L-BRK,11.90,0.79,24.8,19.3,8.43,0.04,11.2,0.032,SL-WIN
2026.01.19 05:25,L,0,0,1,3,4669.274,4.046,1.24,0.07,18.47,L-BRK,14.50,0.57,41.5,18.9,5.78,0.04,11.2,0.034,SL-WIN
2026.01.19 05:35,L,0,0,1,3,4667.529,4.304,1.03,0.84,16.18,L-BRK,13.49,0.27,44.1,12.9,5.85,0.04,11.2,0.032,SL-WIN
2026.01.20 08:10,L,0,0,1,3,4724.626,5.185,0.13,1.00,-93.33,L-BRK,1.13,0.62,37.2,15.2,0.26,0.31,11.2,0.027,SL-LOSS
2026.01.20 08:50,L,0,0,1,3,4728.349,5.353,0.59,1.00,-91.00,L-BRK,2.45,0.42,24.0,19.9,1.08,0.97,11.2,0.026,SL-LOSS
2026.01.20 09:25,L,0,0,1,3,4733.248,5.615,0.74,1.00,-89.84,L-BRK,4.66,0.64,26.3,14.3,1.17,-0.09,11.2,0.024,SL-LOSS
2026.01.20 14:00,L,0,0,1,1,4741.283,7.131,0.30,1.00,-85.58,L-BRK,6.66,0.71,29.8,24.8,2.18,-0.00,11.2,0.019,SL-LOSS
2026.01.20 14:05,L,0,0,1,1,4737.276,7.633,1.82,0.26,14.54,L-BRK,5.84,0.31,32.1,17.4,1.29,-0.00,11.2,0.018,SL-WIN
2026.01.20 14:30,L,0,0,1,1,4731.161,8.979,1.94,0.28,17.07,L-BRK,6.02,0.80,43.8,14.6,0.09,0.00,11.2,0.015,SL-WIN
2026.01.20 16:50,L,0,0,1,1,4751.279,7.864,0.84,0.10,14.94,L-BRK,3.14,0.94,22.4,19.7,0.39,0.45,11.2,0.017,SL-WIN
2026.01.20 21:00,L,0,0,1,2,4759.107,5.335,0.92,0.36,14.51,L-BRK,4.17,0.38,29.5,10.8,2.16,-0.21,11.2,0.026,SL-WIN
2026.01.20 23:40,L,0,0,1,2,4774.046,4.479,1.58,0.42,15.79,L-BRK,7.82,0.94,23.2,20.8,3.51,-0.00,11.2,0.031,SL-WIN
2026.01.20 23:55,L,0,0,1,2,4775.965,4.826,0.00,1.01,-86.86,L-BRK,9.14,0.37,34.3,18.4,1.07,-0.00,11.2,0.028,SL-LOSS
2026.01.21 00:10,L,0,0,1,2,4776.832,4.871,9.65,0.62,672.36,L-BRK,8.83,0.92,31.0,13.8,1.24,-0.00,11.2,0.029,TP
2026.01.21 03:00,L,0,0,1,3,4844.136,9.953,0.59,1.00,-89.57,L-BRK,10.46,0.87,37.2,22.0,1.27,-0.00,11.2,0.014,SL-LOSS
2026.01.21 03:10,L,0,0,1,3,4833.658,10.318,5.32,0.63,288.28,L-BRK,11.35,0.10,36.4,9.7,0.70,-0.00,11.2,0.013,SL-WIN
2026.01.21 06:35,L,0,0,1,3,4868.518,8.548,0.06,1.00,-94.03,L-BRK,17.50,0.40,29.9,8.2,1.12,0.00,11.2,0.016,SL-LOSS
2026.01.21 08:05,L,0,0,1,3,4860.049,8.972,1.07,0.43,17.13,L-BRK,11.31,0.74,23.9,22.4,3.79,0.00,11.2,0.015,SL-WIN
2026.01.22 17:25,L,0,0,1,1,4890.094,9.282,3.71,0.09,163.90,L-BRK,1.61,0.55,32.5,12.9,0.81,0.50,11.2,0.015,SL-WIN
2026.01.22 20:05,L,0,0,1,1,4922.570,6.596,0.89,0.16,18.26,L-BRK,7.50,0.97,35.8,10.9,0.49,1.00,11.2,0.021,SL-WIN
2026.01.22 21:30,L,0,0,1,2,4936.059,6.321,3.77,0.36,113.45,L-BRK,9.19,0.72,23.6,22.1,2.38,0.45,11.2,0.021,SL-WIN
2026.01.22 23:10,L,0,0,1,2,4943.281,8.085,0.34,1.00,-97.03,L-BRK,13.24,0.40,47.4,25.0,0.70,0.16,11.2,0.017,SL-LOSS
2026.01.22 23:45,L,0,0,1,2,4951.100,8.665,1.42,0.29,16.53,L-BRK,9.38,0.82,29.0,14.1,3.28,0.16,11.2,0.016,SL-WIN
2026.01.23 00:55,L,0,0,1,2,4965.221,8.180,0.29,1.00,-98.16,L-BRK,13.69,0.76,22.7,24.5,1.20,-0.12,11.2,0.017,SL-LOSS
2026.01.23 04:40,L,0,0,1,3,4956.988,5.121,2.02,0.49,43.11,L-BRK,21.78,0.59,22.1,17.3,2.66,-0.01,11.2,0.027,SL-WIN
2026.01.25 23:05,L,0,0,1,2,5023.660,8.512,0.30,1.01,-93.63,L-BRK,5.15,0.24,25.0,14.6,0.78,-0.14,11.2,0.016,SL-LOSS
2026.01.25 23:10,L,0,0,1,2,5021.678,9.054,0.87,0.20,17.65,L-BRK,4.69,0.77,25.7,13.8,0.35,-0.14,11.2,0.015,SL-WIN
2026.01.25 23:15,L,0,0,1,2,5028.589,9.332,0.28,1.00,-93.32,L-BRK,4.78,0.16,27.2,16.6,1.06,-0.49,11.2,0.015,SL-LOSS
2026.01.25 23:35,L,0,0,1,2,5030.118,10.376,2.12,0.48,44.80,L-BRK,4.30,0.40,23.9,9.3,1.11,0.39,11.2,0.013,SL-WIN
2026.01.26 06:00,L,0,0,1,3,5079.337,9.425,0.00,1.00,-94.25,L-BRK,11.16,0.18,32.1,15.8,2.43,0.00,11.2,0.014,SL-LOSS
2026.01.26 06:30,L,0,0,1,3,5079.698,8.747,3.60,0.21,102.71,L-BRK,11.66,0.53,24.1,16.7,2.41,0.00,11.2,0.015,SL-WIN
2026.01.26 06:55,L,0,0,1,3,5077.759,11.658,1.76,0.31,50.00,L-BRK,8.99,0.62,39.6,17.1,1.37,0.00,11.2,0.012,SL-WIN
2026.01.26 09:15,L,0,0,1,3,5093.666,6.793,0.74,1.00,-95.10,L-BRK,7.64,0.47,23.3,10.5,3.50,-0.00,11.2,0.020,SL-LOSS
2026.01.26 21:40,S,0,0,1,2,5004.913,16.871,0.03,1.49,-101.22,S-BRK,1.29,0.42,42.5,26.0,7.39,-0.72,11.2,0.008,SL-LOSS
2026.01.27 20:05,L,0,0,1,1,5125.516,8.187,7.94,0.25,351.92,L-BRK,3.79,0.87,37.5,34.7,1.24,-0.33,11.2,0.017,SL-WIN
2026.01.27 23:50,L,0,0,1,2,5173.373,10.866,0.32,1.00,-97.80,L-BRK,8.05,0.78,25.7,10.9,2.16,-0.78,11.2,0.012,SL-LOSS
2026.01.28 00:35,L,0,0,1,2,5169.584,9.137,1.15,0.37,16.98,L-BRK,9.11,0.89,22.7,15.5,3.16,-0.78,11.2,0.015,SL-WIN
2026.01.28 01:00,L,0,0,1,2,5186.422,9.738,1.64,0.47,18.19,L-BRK,10.51,0.67,41.6,28.2,2.59,-0.78,11.2,0.014,SL-WIN
2026.01.28 01:10,L,0,0,1,2,5190.813,11.746,10.01,0.79,724.52,L-BRK,10.54,0.51,48.0,25.4,0.64,-0.13,11.2,0.011,TP
2026.01.28 08:30,L,0,0,1,3,5305.647,9.092,0.15,1.00,-109.11,L-BRK,22.82,0.77,53.6,28.7,1.72,-0.00,11.2,0.015,SL-LOSS
2026.01.28 08:35,L,0,0,1,3,5297.094,9.347,0.24,1.00,-102.82,L-BRK,22.23,0.44,54.2,22.1,0.82,-0.00,11.2,0.015,SL-LOSS
2026.01.28 10:10,L,0,0,1,3,5282.462,9.755,0.00,1.00,-97.55,L-BRK,13.34,0.58,25.3,8.8,3.63,0.00,11.2,0.014,SL-LOSS
2026.01.28 15:35,L,0,0,1,1,5274.585,17.810,2.90,0.43,134.00,L-BRK,0.96,0.36,22.5,15.8,2.54,0.42,11.2,0.008,SL-WIN
2026.01.28 19:15,L,0,0,1,1,5296.872,16.158,9.91,0.98,812.97,L-BRK,1.98,0.86,24.6,19.6,2.11,0.46,11.2,0.008,TP
2026.01.28 23:10,L,0,0,1,2,5475.081,19.136,1.09,0.05,18.99,L-BRK,4.21,0.49,61.6,37.3,1.51,0.33,11.2,0.007,SL-WIN
2026.01.28 23:20,L,0,0,1,2,5484.981,20.100,4.23,0.22,181.56,L-BRK,6.21,0.78,67.4,37.8,0.24,0.46,11.2,0.007,SL-WIN
2026.01.28 23:45,L,0,0,1,2,5496.509,28.339,1.19,0.43,25.91,L-BRK,6.36,0.77,73.5,26.6,1.77,0.00,11.2,0.005,SL-WIN
2026.01.29 00:00,L,0,0,1,2,5485.567,33.421,1.25,0.66,29.16,L-BRK,4.70,0.56,60.5,12.0,2.28,0.00,11.2,0.004,SL-WIN
2026.01.29 03:10,L,0,0,1,3,5538.714,24.000,1.08,0.77,21.67,L-BRK,6.43,0.81,22.2,11.0,2.30,0.00,11.2,0.006,SL-WIN
2026.01.29 05:45,L,0,0,1,3,5558.300,16.015,2.31,0.39,35.36,L-BRK,13.51,0.38,22.2,10.5,1.55,0.00,11.2,0.008,SL-WIN
2026.01.29 09:40,L,0,0,1,3,5525.061,15.454,0.17,1.00,-108.18,L-BRK,0.91,0.33,39.1,17.2,5.52,0.12,11.2,0.009,SL-LOSS
2026.01.29 15:45,S,0,0,1,1,5166.160,74.752,0.03,1.00,-74.75,S-BRK,1.73,0.85,67.4,25.5,0.43,-1.00,11.2,0.002,SL-LOSS
2026.01.30 02:15,S,0,0,1,2,5146.670,40.248,0.86,0.45,35.48,S-BRK,2.75,0.77,42.5,36.7,3.84,-1.00,11.2,0.003,SL-WIN
2026.01.30 02:20,S,0,0,1,2,5162.987,43.201,0.54,1.00,-129.60,S-BRK,3.93,0.88,46.9,37.3,1.54,-1.00,11.2,0.003,SL-LOSS
2026.01.30 02:35,S,0,0,1,2,5211.328,47.279,0.93,0.74,39.52,S-BRK,3.13,0.23,49.2,15.9,1.78,-1.00,11.2,0.003,SL-WIN
2026.01.30 03:35,S,0,0,1,3,5171.800,39.439,0.53,1.00,-118.32,S-BRK,2.91,0.43,30.8,10.4,2.60,-1.00,11.2,0.003,SL-LOSS
2026.01.30 05:50,S,0,0,1,3,5216.110,21.847,4.21,0.01,158.12,S-BRK,3.13,0.74,23.0,11.3,6.55,-1.00,11.2,0.006,SL-WIN
2026.01.30 07:30,S,0,0,1,3,5152.191,25.877,1.33,0.01,24.02,S-BRK,4.11,0.47,28.3,10.4,3.79,-1.00,11.2,0.005,SL-WIN
2026.01.30 07:40,S,0,0,1,3,5147.095,26.782,0.15,1.00,-107.13,S-BRK,5.01,0.10,32.1,15.8,2.39,-1.00,11.2,0.005,SL-LOSS
2026.01.30 14:55,S,0,0,1,1,5032.998,37.737,1.39,0.05,32.99,S-BRK,2.85,0.75,29.4,10.7,3.57,-0.37,11.2,0.004,SL-WIN
2026.01.30 17:10,S,0,0,1,1,4915.468,37.532,3.04,0.67,84.19,S-BRK,1.23,0.88,42.4,27.2,1.08,-0.66,11.2,0.004,SL-WIN
2026.01.30 18:05,S,0,0,1,1,4812.642,47.007,2.74,0.33,52.53,S-BRK,2.12,0.94,54.2,17.5,2.30,-0.10,11.2,0.003,SL-WIN
2026.01.30 20:40,S,0,0,1,1,4861.825,43.106,1.22,0.42,38.07,S-BRK,3.06,0.49,22.5,9.7,4.90,-0.01,11.2,0.003,SL-WIN
2026.01.30 21:00,S,0,0,1,2,4859.210,42.553,3.79,0.80,161.97,S-BRK,3.45,0.20,28.6,11.5,4.57,-0.00,11.2,0.003,SL-WIN
2026.02.02 00:55,S,0,0,1,2,4766.791,41.481,0.85,0.02,36.44,S-BRK,5.24,0.33,24.7,12.3,3.17,-0.00,11.2,0.003,SL-WIN
2026.02.02 01:00,S,0,0,1,2,4756.240,42.994,3.97,0.25,157.38,S-BRK,5.94,0.69,26.9,17.8,2.44,-0.00,11.2,0.003,SL-WIN
2026.02.02 01:15,S,0,0,1,2,4678.276,54.474,0.60,1.00,-108.95,S-BRK,7.36,0.16,34.7,18.7,1.32,-0.00,11.2,0.002,SL-LOSS
2026.02.02 03:15,S,0,0,1,3,4717.045,41.204,2.75,0.31,85.82,S-BRK,8.62,0.84,25.0,15.6,3.31,-0.00,11.2,0.003,SL-WIN
2026.02.02 05:25,S,0,0,1,3,4658.417,32.936,7.78,0.00,316.88,S-BRK,10.29,0.29,23.3,10.0,2.86,-0.00,11.2,0.004,SL-WIN
2026.02.02 10:25,S,0,0,1,3,4682.806,32.321,0.79,1.01,-129.28,S-BRK,0.92,0.65,33.2,9.8,10.56,-0.00,11.2,0.004,SL-LOSS
2026.02.02 20:30,S,0,0,1,1,4666.314,25.540,0.15,1.00,-127.70,S-BRK,0.86,0.63,23.7,12.4,12.42,0.45,11.2,0.005,SL-LOSS
2026.02.03 06:30,L,0,0,1,3,4875.845,17.290,1.07,0.36,17.56,L-BRK,1.24,0.68,38.1,24.8,9.92,1.00,16.8,0.012,SL-WIN
2026.02.03 06:45,L,0,0,1,3,4874.811,17.999,4.17,0.56,255.87,L-BRK,2.80,0.78,51.8,27.5,8.59,1.00,16.8,0.011,SL-WIN
2026.02.03 16:10,L,0,0,1,1,4944.337,16.946,2.92,0.18,83.67,L-BRK,5.45,0.26,24.9,16.9,1.03,0.75,16.8,0.012,SL-WIN
2026.02.03 19:45,L,0,0,1,1,4935.420,20.830,0.12,1.01,-124.98,L-BRK,2.23,0.15,26.2,8.7,3.01,-0.57,16.8,0.010,SL-LOSS
2026.02.04 00:55,L,0,0,1,2,5015.813,17.123,0.12,1.01,-119.86,L-BRK,3.12,0.17,45.4,32.0,0.78,0.12,16.8,0.012,SL-LOSS
2026.02.04 01:00,L,0,0,1,2,5015.169,18.891,2.03,0.11,18.37,L-BRK,3.82,0.95,44.3,19.5,0.16,0.12,25.2,0.016,SL-WIN
2026.02.04 02:00,L,0,0,1,2,5058.583,20.540,0.33,1.02,-123.24,L-BRK,2.64,0.76,27.6,17.3,1.02,0.35,25.2,0.015,SL-LOSS
2026.02.04 03:35,L,0,0,1,3,5070.482,16.126,0.93,0.87,15.08,L-BRK,3.99,0.95,22.7,22.8,0.67,0.12,25.2,0.019,SL-WIN
2026.02.04 05:40,L,0,0,1,3,5081.553,9.504,0.92,0.02,25.37,L-BRK,3.10,0.17,38.0,8.7,1.26,0.05,16.8,0.022,SL-WIN
2026.02.04 06:45,L,0,0,1,3,5075.843,11.844,0.56,1.01,-118.44,L-BRK,6.30,0.65,27.3,15.1,2.14,0.12,16.8,0.018,SL-LOSS
2026.02.04 07:25,L,0,0,1,3,5089.639,11.342,0.10,1.00,-113.42,L-BRK,7.59,0.98,24.9,19.0,0.98,0.12,25.2,0.027,SL-LOSS
2026.02.04 23:15,L,0,0,1,2,5008.633,15.137,1.00,0.51,26.71,L-BRK,1.05,0.75,51.3,35.0,6.66,0.92,25.2,0.020,SL-WIN
2026.02.05 02:50,S,0,0,1,2,4845.610,30.742,1.84,0.29,28.18,S-BRK,2.03,0.64,41.8,34.1,2.02,-0.21,25.2,0.010,SL-WIN
2026.02.05 03:00,S,0,0,1,3,4837.302,34.851,0.29,1.01,-104.55,S-BRK,3.24,0.70,47.6,30.0,0.87,-0.70,16.8,0.006,SL-LOSS
2026.02.05 03:35,S,0,0,1,3,4860.492,32.729,1.03,0.94,28.31,S-BRK,1.45,0.03,31.9,11.4,2.58,-0.70,16.8,0.006,SL-WIN
2026.02.05 05:35,S,0,0,1,3,4853.262,24.097,0.08,1.00,-120.48,S-BRK,2.97,0.64,33.7,12.4,2.68,-0.70,16.8,0.008,SL-LOSS
2026.02.05 09:05,S,0,0,1,3,4879.470,18.209,1.40,0.16,18.21,S-BRK,1.03,0.86,29.7,23.6,6.30,-0.58,16.8,0.011,SL-WIN
2026.02.05 21:30,S,0,0,1,2,4767.895,18.975,0.23,1.01,-113.85,S-BRK,1.02,0.04,47.6,26.3,2.93,-0.38,25.2,0.016,SL-LOSS
2026.02.05 21:35,S,0,0,1,2,4766.124,19.734,5.61,0.82,332.35,S-BRK,3.03,0.82,50.3,23.1,0.42,-0.21,25.2,0.015,SL-WIN
2026.02.06 00:20,S,0,0,1,2,4703.883,23.062,0.28,1.00,-115.31,S-BRK,7.33,0.38,71.3,25.0,0.90,1.00,21.0,0.011,SL-LOSS
2026.02.06 00:25,S,0,0,1,2,4724.164,24.328,0.66,1.00,-121.64,S-BRK,5.21,0.91,64.9,11.6,2.50,1.00,11.2,0.005,SL-LOSS
2026.02.06 15:00,L,0,0,1,1,4943.017,17.932,1.21,0.01,17.53,L-BRK,2.74,0.63,24.1,18.3,0.81,0.41,20.2,0.014,SL-WIN
2026.02.06 17:00,L,0,0,1,1,4958.779,15.342,0.82,0.68,14.89,L-BRK,2.18,0.68,25.7,9.5,1.02,0.41,16.8,0.013,SL-WIN
2026.02.06 18:35,L,0,0,1,1,4965.108,11.352,0.28,1.00,-113.52,L-BRK,4.32,0.49,22.5,13.2,1.16,0.41,11.2,0.012,SL-LOSS
2026.02.06 21:35,L,0,0,1,2,4962.537,8.109,3.49,0.55,153.35,L-BRK,5.89,0.30,24.4,26.3,2.60,0.41,25.2,0.039,SL-WIN
2026.02.08 23:05,L,0,0,1,2,4975.653,10.490,0.83,0.60,19.65,L-BRK,8.94,0.88,41.6,29.6,0.42,-0.21,35.0,0.041,SL-WIN
2026.02.08 23:10,L,0,0,1,2,4979.953,11.284,5.94,0.29,305.40,L-BRK,6.07,0.47,44.3,25.7,1.81,-0.21,25.2,0.028,SL-WIN
2026.02.09 02:30,L,0,0,1,2,5005.447,17.049,0.00,1.01,-119.35,L-BRK,3.26,0.46,23.2,9.4,3.26,-0.09,25.2,0.018,SL-LOSS
2026.02.09 03:05,L,0,0,1,3,5018.713,15.791,0.81,0.45,15.47,L-BRK,4.50,0.64,22.4,10.3,2.28,-0.06,25.2,0.020,SL-WIN
2026.02.09 03:35,L,0,0,1,3,5022.663,13.250,0.40,1.01,-119.25,L-BRK,4.89,0.15,25.4,9.2,2.05,-0.04,16.8,0.015,SL-LOSS
2026.02.09 05:25,L,0,0,1,3,5030.522,9.376,1.19,0.48,18.80,L-BRK,7.12,0.49,24.8,21.5,2.97,-0.01,16.8,0.022,SL-WIN
2026.02.09 05:45,L,0,0,1,3,5031.025,9.682,1.53,0.21,19.73,L-BRK,8.37,0.07,36.8,15.1,1.56,-0.01,16.8,0.021,SL-WIN
2026.02.09 15:35,L,0,0,1,1,5051.935,11.616,2.49,0.44,71.69,L-BRK,1.52,0.90,26.4,9.6,0.23,0.34,16.8,0.018,SL-WIN
2026.02.10 08:45,L,0,0,1,3,5051.363,8.248,0.00,1.02,-115.48,L-BRK,1.03,0.84,38.1,28.5,5.72,0.85,16.8,0.025,SL-LOSS
2026.02.10 14:20,L,0,0,1,1,5068.105,10.262,1.04,0.16,19.50,L-BRK,2.34,0.85,22.8,13.1,1.74,-0.05,25.2,0.030,SL-WIN
2026.02.11 05:40,L,0,0,1,3,5062.685,5.421,0.04,1.03,-119.25,L-BRK,1.18,0.82,32.5,25.3,5.53,0.18,16.8,0.039,SL-LOSS
2026.02.11 05:45,L,0,0,1,3,5054.281,6.012,0.03,1.00,-120.25,L-BRK,1.28,0.10,31.2,11.3,5.57,-0.05,25.2,0.053,SL-LOSS
2026.02.11 07:00,L,0,0,1,3,5063.426,6.892,0.82,0.45,19.43,L-BRK,1.32,0.67,29.9,14.1,4.07,0.14,25.2,0.045,SL-WIN
2026.02.11 07:10,L,0,0,1,3,5059.377,7.406,0.91,0.07,20.75,L-BRK,1.26,0.13,36.2,14.7,4.07,0.14,25.2,0.042,SL-WIN
2026.02.11 17:15,L,0,0,1,1,5083.580,11.896,1.30,0.24,21.91,L-BRK,2.22,0.90,24.2,17.8,3.52,0.32,16.8,0.017,SL-WIN
2026.02.11 19:00,L,0,0,1,1,5087.405,9.766,0.71,1.00,-117.20,L-BRK,1.88,0.10,26.3,12.3,4.62,0.21,16.8,0.021,SL-LOSS
2026.02.11 21:20,L,0,0,1,2,5091.828,6.284,0.00,1.01,-125.68,L-BRK,3.26,0.72,22.7,17.1,5.68,-0.21,25.2,0.053,SL-LOSS
2026.02.12 16:15,S,0,0,1,1,4934.354,21.449,1.27,0.08,20.58,S-BRK,6.60,0.97,29.8,25.9,2.49,-0.00,25.2,0.014,SL-WIN
2026.02.12 16:20,S,0,0,1,1,4923.228,22.457,1.98,0.02,21.47,S-BRK,6.40,0.32,33.0,25.4,1.56,0.00,25.2,0.014,SL-WIN
2026.02.12 16:30,S,0,0,1,1,4937.887,26.983,0.17,1.02,-107.93,S-BRK,7.29,0.57,37.8,20.9,0.94,-0.00,25.2,0.011,SL-LOSS
2026.02.12 16:45,S,0,0,1,1,4936.015,27.270,0.19,1.00,-109.08,S-BRK,4.16,0.22,29.7,10.2,3.31,-0.00,16.8,0.007,SL-LOSS
2026.02.12 21:00,S,0,0,1,2,4919.997,12.961,2.47,0.56,83.80,S-BRK,3.32,0.46,45.4,17.7,3.39,-0.15,25.2,0.023,SL-WIN
2026.02.12 23:05,S,0,0,1,2,4908.025,12.960,0.21,1.00,-103.68,S-BRK,5.86,0.02,24.7,9.1,1.44,-0.15,42.0,0.039,SL-LOSS
2026.02.13 16:30,L,0,0,1,1,5019.289,15.710,1.71,0.86,58.09,L-BRK,1.46,0.70,29.1,21.6,4.28,0.34,16.8,0.013,SL-WIN
2026.02.13 21:45,L,0,0,1,2,5042.821,6.622,0.13,2.41,-112.57,L-BRK,6.10,0.87,22.1,20.5,8.93,0.34,25.2,0.048,SL-LOSS
2026.02.13 21:55,L,0,0,1,2,5027.300,9.191,0.00,0.01,156.24,L-BRK,6.55,0.12,27.4,16.1,7.63,0.34,42.0,0.081,SL-WIN
2026.02.15 23:15,L,0,0,1,2,5026.130,9.048,0.60,1.00,-108.57,L-BRK,1.97,0.28,22.1,15.1,8.52,0.34,25.2,0.034,SL-LOSS
2026.02.17 00:50,S,0,0,1,2,4952.268,7.445,3.92,0.15,129.66,S-BRK,1.14,0.69,45.6,31.4,6.87,-0.23,16.8,0.027,SL-WIN
2026.02.17 01:05,S,0,0,1,2,4947.907,10.421,0.32,1.00,-104.21,S-BRK,4.51,0.08,54.9,29.0,1.36,-0.72,16.8,0.019,SL-LOSS
2026.02.17 03:35,S,0,0,1,3,4951.096,6.808,0.16,1.01,-115.74,S-BRK,3.88,0.09,23.3,17.4,5.86,-0.95,16.8,0.031,SL-LOSS
2026.02.17 04:05,S,0,0,1,3,4949.607,6.296,0.00,1.00,-107.04,S-BRK,4.74,0.85,23.8,20.6,5.26,-0.95,16.8,0.032,SL-LOSS
2026.02.17 05:15,S,0,0,1,3,4901.041,9.800,1.25,0.30,19.03,S-BRK,8.50,0.91,25.8,32.0,5.24,-0.37,25.2,0.031,SL-WIN
2026.02.17 05:20,S,0,0,1,3,4897.570,10.531,0.86,0.01,19.60,S-BRK,8.83,0.83,30.8,34.1,1.56,-0.37,11.2,0.013,SL-WIN
2026.02.17 14:00,S,0,0,1,1,4871.671,14.257,0.31,1.01,-99.80,S-BRK,5.08,0.97,55.2,35.9,2.88,-0.08,25.2,0.021,SL-LOSS
2026.02.17 14:05,S,0,0,1,1,4892.870,16.062,2.73,0.90,17.03,S-BRK,4.32,0.04,52.9,20.7,2.55,-0.08,16.8,0.012,SL-WIN
2026.02.17 17:05,S,0,0,1,1,4865.506,13.482,1.13,0.14,24.61,S-BRK,2.21,0.23,23.9,12.6,2.21,-0.27,11.2,0.010,SL-WIN
2026.02.17 17:25,S,0,0,1,1,4864.867,13.026,0.84,0.30,23.46,S-BRK,2.38,0.75,39.3,16.7,1.66,-0.06,11.2,0.010,SL-WIN
2026.02.18 04:35,L,0,0,1,3,4933.487,5.558,1.23,0.35,18.61,L-BRK,1.21,0.63,64.1,29.3,16.59,0.08,11.2,0.026,SL-WIN
2026.02.18 04:55,L,0,0,1,3,4934.203,5.371,0.81,0.02,19.07,L-BRK,1.49,0.31,58.4,15.4,16.72,0.01,16.8,0.039,SL-WIN
2026.02.18 05:00,L,0,0,1,3,4934.841,5.344,0.82,0.92,19.41,L-BRK,0.87,0.64,55.4,18.4,17.38,0.01,16.8,0.039,SL-WIN
2026.02.18 05:25,L,0,0,1,3,4935.517,4.931,0.88,0.05,19.55,L-BRK,2.14,0.96,39.0,20.0,16.16,0.01,11.2,0.027,SL-WIN
2026.02.18 14:00,L,0,0,1,1,4958.861,8.278,6.30,0.80,370.92,L-BRK,4.65,0.47,35.8,12.6,2.54,0.96,16.8,0.025,SL-WIN
2026.02.18 18:05,L,0,0,1,1,5001.251,5.382,0.03,1.02,-107.64,L-BRK,16.49,0.76,23.4,10.6,1.95,0.46,16.8,0.037,SL-LOSS
2026.02.18 19:15,L,0,0,1,1,4994.687,6.715,0.13,1.01,-114.15,L-BRK,12.05,0.42,28.0,8.7,3.49,0.46,16.8,0.031,SL-LOSS
2026.02.18 20:40,L,0,0,1,1,4985.630,6.814,0.14,1.00,-115.84,L-BRK,9.55,0.39,22.6,14.9,4.99,0.39,11.2,0.021,SL-LOSS
2026.02.18 23:30,L,0,0,1,2,4981.992,6.596,0.27,1.04,-112.13,L-BRK,8.60,0.08,39.8,9.0,5.51,0.24,11.2,0.021,SL-LOSS
2026.02.19 01:50,L,0,0,1,2,4973.884,5.753,0.61,1.00,-109.31,L-BRK,6.01,0.33,24.0,22.8,8.32,0.03,16.8,0.036,SL-LOSS
2026.02.19 02:50,L,0,0,1,2,4972.828,5.225,0.10,1.01,-109.72,L-BRK,4.08,0.32,24.5,9.3,9.05,0.01,16.8,0.040,SL-LOSS
2026.02.19 03:30,L,0,0,1,3,4977.022,5.405,1.56,0.57,18.40,L-BRK,2.52,0.47,22.4,17.4,10.69,0.01,16.8,0.040,SL-WIN
2026.02.19 07:10,L,0,0,1,3,5018.104,4.567,0.47,1.01,-105.05,L-BRK,2.76,0.19,78.5,31.9,0.27,0.53,16.8,0.045,SL-LOSS
2026.02.20 06:00,L,0,0,1,3,5015.090,5.049,2.98,0.58,76.83,L-BRK,1.45,0.90,32.0,31.9,2.53,0.24,16.8,0.039,SL-WIN
2026.02.20 07:05,L,0,0,1,3,5025.582,5.793,0.47,1.01,-104.28,L-BRK,3.48,0.06,44.1,10.5,1.91,0.16,16.8,0.035,SL-LOSS
2026.02.20 08:25,L,0,0,1,3,5018.491,6.761,3.57,0.13,143.40,L-BRK,1.13,0.34,23.0,12.6,2.74,0.12,16.8,0.031,SL-WIN
2026.02.20 10:35,L,0,0,1,3,5036.768,6.244,0.09,1.00,-106.15,L-BRK,3.58,0.88,28.3,9.8,1.84,0.04,16.8,0.033,SL-LOSS
2026.02.20 14:00,L,0,0,1,1,5040.575,7.829,0.85,0.45,21.09,L-BRK,3.80,0.28,31.5,11.1,0.79,-0.36,16.8,0.026,SL-WIN
2026.02.20 14:45,L,0,0,1,1,5057.601,8.774,0.30,1.00,-105.29,L-BRK,4.28,0.54,23.6,15.2,1.01,0.98,16.8,0.023,SL-LOSS
2026.02.20 16:15,L,0,0,1,1,5049.673,15.794,1.70,0.32,43.24,L-BRK,1.28,0.69,24.7,14.7,0.77,0.25,16.8,0.013,SL-WIN
2026.02.20 19:50,L,0,0,1,1,5075.926,6.564,9.91,0.11,858.89,L-BRK,6.84,0.27,22.9,12.4,0.72,0.12,16.8,0.031,TP
2026.02.22 23:05,L,0,0,1,2,5135.634,8.246,4.41,0.04,210.53,L-BRK,13.57,0.52,73.0,40.0,4.28,-0.64,25.2,0.038,SL-WIN
2026.02.23 00:00,L,0,0,1,2,5148.800,11.484,0.25,1.01,-114.84,L-BRK,15.65,0.05,81.5,22.6,0.86,-0.33,25.2,0.028,SL-LOSS
2026.02.23 00:10,L,0,0,1,2,5138.594,12.375,1.81,0.73,22.17,L-BRK,11.01,0.08,70.2,11.9,2.38,-0.29,25.2,0.025,SL-WIN
2026.02.23 01:00,L,0,0,1,2,5149.346,12.417,2.21,0.31,76.47,L-BRK,9.77,0.07,34.1,11.2,2.77,-0.15,25.2,0.025,SL-WIN
2026.02.23 03:25,L,0,0,1,3,5164.235,8.906,0.81,0.01,23.65,L-BRK,12.99,0.85,32.4,12.5,1.99,-0.03,16.8,0.023,SL-WIN
2026.02.23 06:20,L,0,0,1,3,5158.773,4.837,0.43,1.04,-116.10,L-BRK,21.38,0.62,26.7,10.4,4.11,-0.01,16.8,0.043,SL-LOSS
2026.02.23 08:55,L,0,0,1,3,5140.462,7.812,2.96,0.15,135.91,L-BRK,7.44,0.77,31.4,16.0,6.21,-0.00,25.2,0.041,SL-WIN
2026.02.24 14:00,S,0,0,1,1,5118.288,12.755,1.93,0.75,24.08,S-BRK,1.19,0.77,52.9,25.6,0.66,-0.52,25.2,0.024,SL-WIN
2026.02.24 14:20,S,0,0,1,1,5118.604,14.463,0.60,1.00,-115.70,S-BRK,3.70,0.32,53.3,11.9,0.76,-1.00,16.8,0.014,SL-LOSS
2026.02.25 05:50,L,0,0,1,3,5208.232,7.249,0.00,1.03,-115.99,L-BRK,1.10,0.74,59.5,32.6,7.21,1.00,25.2,0.044,SL-LOSS
2026.02.25 16:40,L,0,0,1,1,5207.511,8.612,0.75,0.06,22.34,L-BRK,1.18,0.69,22.3,8.1,1.03,0.26,25.2,0.037,SL-WIN
2026.02.25 16:45,L,0,0,1,1,5208.620,8.659,1.04,0.15,22.16,L-BRK,1.34,0.89,26.1,18.7,0.99,0.26,25.2,0.036,SL-WIN
2026.02.26 14:10,S,0,0,1,1,5166.067,7.450,3.50,0.89,136.09,S-BRK,1.00,0.34,24.8,12.5,2.79,-0.24,25.2,0.041,SL-WIN
2026.02.26 15:25,S,0,0,1,1,5141.393,13.280,0.06,1.03,-119.52,S-BRK,1.14,0.38,37.6,25.3,2.59,-0.09,25.2,0.024,SL-LOSS
2026.02.26 15:30,S,0,0,1,1,5153.849,13.223,0.07,1.00,-105.79,S-BRK,2.20,0.46,41.9,21.9,1.07,-0.09,25.2,0.023,SL-LOSS
2026.02.26 15:35,S,0,0,1,1,5168.866,13.876,0.19,1.00,-111.01,S-BRK,1.04,0.76,39.5,8.9,2.10,0.48,25.2,0.022,SL-LOSS
2026.02.27 14:00,L,0,0,1,1,5226.229,9.832,1.01,0.92,18.58,L-BRK,3.32,0.55,35.2,18.3,2.15,0.09,25.2,0.031,SL-WIN
2026.02.27 14:25,L,0,0,1,1,5231.803,10.131,0.09,1.00,-111.44,L-BRK,5.41,0.46,30.9,12.1,0.96,0.76,25.2,0.031,SL-LOSS
2026.02.27 15:50,L,0,0,1,1,5234.898,12.028,0.97,0.05,21.46,L-BRK,3.88,0.63,24.8,18.5,0.83,0.09,25.2,0.026,SL-WIN
2026.02.27 16:00,L,0,0,1,1,5244.565,12.726,1.04,0.32,21.32,L-BRK,4.36,0.40,32.6,16.7,0.71,0.09,25.2,0.025,SL-WIN
2026.02.27 21:00,L,0,0,1,2,5260.205,6.205,9.51,0.48,894.13,L-BRK,9.85,0.07,48.7,11.4,0.48,0.14,25.2,0.051,TP
2026.02.27 21:55,L,0,0,1,2,5319.662,46.313,0.00,0.01,-138.96,L-BRK,10.91,0.67,49.0,25.7,0.19,-0.00,42.0,0.086,SL-LOSS
2026.03.01 23:00,L,0,0,1,2,5333.362,22.776,0.00,0.01,-15.36,L-BRK,10.84,0.29,52.6,35.1,8.66,0.02,42.0,0.055,SL-LOSS
2026.03.01 23:05,L,0,0,1,2,5351.603,11.674,3.59,0.82,120.80,L-BRK,12.21,0.06,56.4,43.0,4.43,-0.00,35.0,0.037,SL-WIN
2026.03.02 03:00,L,0,0,1,3,5353.477,14.167,0.97,0.25,24.68,L-BRK,8.72,0.17,34.3,17.5,4.06,-0.00,35.0,0.030,SL-WIN
2026.03.02 05:40,L,0,0,1,3,5361.066,9.130,6.36,0.20,444.60,L-BRK,10.41,0.53,26.3,13.7,4.98,-0.00,25.2,0.036,SL-WIN
2026.03.03 06:15,S,0,0,1,3,5302.558,15.826,0.00,1.00,-126.61,S-BRK,1.84,0.57,58.2,26.7,5.35,-0.81,25.2,0.019,SL-LOSS
2026.03.03 09:10,S,0,0,1,3,5296.304,13.000,5.40,0.52,314.30,S-BRK,1.69,0.49,36.7,9.5,4.85,-0.40,25.2,0.024,SL-WIN
2026.03.03 09:30,S,0,0,1,3,5266.212,19.023,0.36,1.01,-133.16,S-BRK,3.22,0.71,41.1,23.1,1.15,-0.46,25.2,0.016,SL-LOSS
2026.03.03 10:15,S,0,0,1,3,5269.549,17.159,6.37,0.69,444.65,S-BRK,1.19,0.29,25.6,8.4,3.21,-0.46,25.2,0.018,SL-WIN
2026.03.03 14:20,S,0,0,1,1,5125.147,25.250,0.90,0.91,24.42,S-BRK,5.51,0.89,22.2,17.8,3.23,0.23,35.0,0.017,SL-WIN
2026.03.03 14:35,S,0,0,1,1,5125.193,26.556,4.86,0.06,245.49,S-BRK,5.73,0.78,28.2,19.0,2.18,-0.31,25.2,0.011,SL-WIN
2026.03.03 17:00,S,0,0,1,1,5087.152,24.552,0.89,0.93,23.43,S-BRK,2.17,0.28,27.8,8.5,5.55,-0.31,16.8,0.008,SL-WIN
2026.03.03 19:25,S,0,0,1,1,5106.981,16.492,0.46,1.02,-131.94,S-BRK,1.44,0.36,26.2,13.9,8.79,0.87,25.2,0.018,SL-LOSS
2026.03.05 03:00,L,0,0,1,3,5193.252,8.945,0.18,1.00,-143.12,L-BRK,0.99,0.73,27.8,18.2,1.97,-0.00,25.2,0.037,SL-LOSS
2026.03.05 14:00,S,0,0,1,1,5128.679,15.665,4.37,0.09,189.91,S-BRK,1.41,0.33,35.3,12.4,2.93,-0.17,25.2,0.019,SL-WIN
2026.03.05 16:25,S,0,0,1,1,5064.017,17.497,0.56,1.00,-122.48,S-BRK,4.33,0.83,24.1,14.1,0.32,-0.53,25.2,0.017,SL-LOSS
2026.03.05 17:30,S,0,0,1,1,5069.365,13.624,1.05,0.02,26.26,S-BRK,4.78,0.77,25.3,12.2,1.84,-0.94,16.8,0.015,SL-WIN
2026.03.05 17:40,S,0,0,1,1,5063.678,14.152,0.90,0.42,26.28,S-BRK,5.38,0.14,31.0,17.2,1.14,-0.94,25.2,0.022,SL-WIN
2026.03.06 00:00,S,0,0,1,2,5083.874,9.198,0.91,0.96,25.63,S-BRK,2.25,0.48,27.1,8.3,4.95,-0.22,25.2,0.033,SL-WIN
2026.03.06 00:40,S,0,0,1,2,5083.423,8.916,1.90,0.79,25.78,S-BRK,2.64,0.93,22.1,23.4,4.51,-0.22,25.2,0.034,SL-WIN
2026.03.06 15:10,L,0,0,1,1,5149.670,19.409,1.14,0.28,19.55,L-BRK,1.49,0.23,32.3,17.1,2.81,1.00,25.2,0.016,SL-WIN
2026.03.06 15:40,L,0,0,1,1,5154.432,18.259,0.16,1.03,-127.81,L-BRK,1.62,0.19,38.4,8.3,2.57,1.00,25.2,0.017,SL-LOSS
2026.03.06 18:25,L,0,0,1,1,5150.759,10.042,2.39,0.19,64.09,L-BRK,1.19,0.62,22.4,16.8,3.94,-0.07,25.2,0.031,SL-WIN
2026.03.06 21:05,L,0,0,1,2,5163.148,7.907,2.13,0.10,62.26,L-BRK,3.70,0.72,22.7,8.1,3.07,-0.07,25.2,0.039,SL-WIN
2026.03.09 00:15,S,0,0,1,2,5037.023,20.859,0.16,1.00,-125.15,S-BRK,1.52,0.61,58.2,24.9,0.45,-0.40,25.2,0.014,SL-LOSS
2026.03.09 00:50,S,0,0,1,2,5043.500,18.390,1.57,0.40,20.15,S-BRK,1.26,0.39,35.8,9.7,0.92,-0.40,25.2,0.016,SL-WIN
2026.03.09 19:25,L,0,0,1,1,5139.901,8.476,0.00,1.00,-135.62,L-BRK,1.29,0.49,59.4,30.6,5.92,1.00,25.2,0.037,SL-LOSS
2026.03.09 19:30,L,0,0,1,1,5131.400,8.627,2.15,0.72,68.87,L-BRK,1.36,0.07,56.7,17.9,5.96,-0.49,25.2,0.036,SL-WIN
2026.03.09 22:55,L,0,0,1,2,5153.039,9.759,0.17,1.01,-126.87,L-BRK,1.18,0.65,33.3,23.4,4.40,-0.03,25.2,0.031,SL-LOSS
2026.03.09 23:00,L,0,0,1,2,5142.825,10.838,1.22,0.38,19.31,L-BRK,2.12,0.81,34.5,16.7,3.38,-0.03,25.2,0.030,SL-WIN
2026.03.10 01:20,L,0,0,1,2,5159.073,10.730,0.82,0.14,21.17,L-BRK,1.06,0.80,26.5,16.7,3.42,0.05,25.2,0.028,SL-WIN
2026.03.10 01:25,L,0,0,1,2,5158.289,11.160,2.59,0.47,88.22,L-BRK,1.99,0.72,30.1,22.0,2.38,0.05,25.2,0.028,SL-WIN
2026.03.10 05:05,L,0,0,1,3,5168.103,5.868,1.07,0.28,24.74,L-BRK,4.60,0.75,25.1,16.3,3.99,0.67,25.2,0.055,SL-WIN
2026.03.10 05:30,L,0,0,1,3,5168.842,5.802,2.12,0.35,24.80,L-BRK,5.55,0.88,36.9,16.5,3.57,0.67,25.2,0.055,SL-WIN
2026.03.10 07:45,L,0,0,1,3,5178.664,6.960,0.94,0.35,23.88,L-BRK,5.23,0.65,31.9,8.6,1.93,0.67,25.2,0.046,SL-WIN
2026.03.10 08:00,L,0,0,1,3,5177.566,6.344,1.05,0.44,26.31,L-BRK,6.44,0.76,35.2,18.5,1.19,0.67,25.2,0.046,SL-WIN
2026.03.10 15:15,L,0,0,1,1,5226.259,10.260,1.21,0.28,28.51,L-BRK,6.36,0.64,23.9,16.1,0.63,0.00,25.2,0.030,SL-WIN
2026.03.10 16:25,L,0,0,1,1,5232.537,8.768,0.32,1.00,-131.52,L-BRK,8.25,0.81,26.3,13.6,0.81,0.00,25.2,0.036,SL-LOSS
2026.03.10 19:20,L,0,0,1,1,5205.929,12.075,0.01,1.01,-132.83,L-BRK,1.86,0.86,22.0,12.0,3.38,0.40,25.2,0.026,SL-LOSS
2026.03.11 00:30,L,0,0,1,2,5209.994,7.852,1.66,0.34,21.18,L-BRK,3.43,0.30,22.7,16.7,4.16,-0.03,25.2,0.040,SL-WIN
2026.03.11 17:40,S,0,0,1,1,5163.081,7.855,0.21,1.01,-125.67,S-BRK,1.23,0.83,24.5,20.6,1.56,-0.52,25.2,0.038,SL-LOSS
2026.03.11 22:35,S,0,0,1,2,5160.639,5.297,1.33,0.43,25.30,S-BRK,1.07,0.89,25.2,19.3,3.99,-0.75,25.2,0.057,SL-WIN
2026.03.11 22:45,S,0,0,1,2,5167.939,6.067,6.27,0.21,421.03,S-BRK,2.31,0.18,30.1,13.2,2.07,-0.75,25.2,0.049,SL-WIN
2026.03.11 23:00,S,0,0,1,2,5147.327,9.447,0.11,1.02,-132.26,S-BRK,4.12,0.60,36.6,21.2,1.28,0.08,25.2,0.032,SL-LOSS
2026.03.11 23:45,S,0,0,1,2,5142.902,8.571,2.01,0.28,24.79,S-BRK,3.25,0.42,24.0,17.5,2.47,0.08,25.2,0.035,SL-WIN
2026.03.12 03:00,S,0,0,1,3,5152.781,7.735,1.98,0.35,73.04,S-BRK,2.57,0.17,44.0,22.8,4.01,-0.46,25.2,0.040,SL-WIN
2026.03.12 14:20,S,0,0,1,1,5152.975,9.849,1.34,0.27,25.38,S-BRK,1.13,0.60,45.0,17.0,3.71,-0.43,25.2,0.032,SL-WIN
2026.03.12 14:45,S,0,0,1,1,5142.392,10.558,3.09,0.27,111.47,S-BRK,1.77,0.43,52.7,13.3,2.87,-0.43,25.2,0.029,SL-WIN
2026.03.12 15:40,S,0,0,1,1,5131.060,11.055,0.87,0.39,21.79,S-BRK,2.00,0.51,45.1,12.2,2.44,-0.35,25.2,0.028,SL-WIN
2026.03.12 17:25,S,0,0,1,1,5118.707,8.351,4.70,0.20,316.96,S-BRK,4.24,0.32,22.6,12.1,1.49,-0.87,25.2,0.036,SL-WIN
2026.03.12 22:00,S,0,0,1,2,5083.451,9.070,0.45,1.03,-136.05,S-BRK,9.21,0.37,49.6,12.7,3.53,0.02,25.2,0.034,SL-LOSS
2026.03.13 02:20,S,0,0,1,2,5118.000,6.895,1.70,0.67,23.71,S-BRK,1.83,0.64,28.3,9.4,12.65,1.00,25.2,0.046,SL-WIN
2026.03.13 04:20,S,0,0,1,3,5104.797,5.845,0.32,1.00,-140.29,S-BRK,3.41,0.87,25.3,16.5,13.24,1.00,25.2,0.055,SL-LOSS
2026.03.13 05:40,S,0,0,1,3,5100.831,5.141,0.44,1.02,-128.52,S-BRK,3.92,0.18,22.1,10.1,13.21,1.00,25.2,0.058,SL-LOSS
2026.03.13 06:15,S,0,0,1,3,5099.971,5.426,5.15,0.15,252.31,S-BRK,3.13,0.38,22.1,13.9,10.46,-0.05,25.2,0.053,SL-WIN
2026.03.13 07:55,S,0,0,1,3,5085.228,6.849,3.45,0.02,106.22,S-BRK,4.82,0.33,25.9,9.0,4.80,-0.23,25.2,0.042,SL-WIN
2026.03.13 15:00,S,0,0,1,1,5049.574,12.366,0.04,1.01,-136.03,S-BRK,1.92,0.77,68.3,37.6,0.66,-0.99,25.2,0.024,SL-LOSS
2026.03.13 15:05,S,0,0,1,1,5064.346,13.001,3.48,0.56,123.92,S-BRK,1.15,0.58,65.0,21.2,1.38,-0.25,25.2,0.023,SL-WIN
2026.03.13 19:35,S,0,0,1,1,5029.608,7.778,2.55,0.08,48.99,S-BRK,1.42,0.50,22.6,15.7,2.05,-0.21,16.8,0.026,SL-WIN
2026.03.15 22:25,S,0,0,1,2,5013.054,10.035,0.43,1.01,-140.49,S-BRK,3.48,0.09,22.8,11.1,1.06,-0.06,25.2,0.030,SL-LOSS
2026.03.15 23:25,S,0,0,1,2,4989.869,12.026,0.88,0.25,24.42,S-BRK,6.21,0.48,23.3,17.4,1.79,-0.49,16.8,0.017,SL-WIN
2026.03.15 23:35,S,0,0,1,2,4986.366,12.318,1.13,0.11,23.93,S-BRK,6.45,0.57,29.6,16.1,1.48,-0.49,25.2,0.025,SL-WIN
2026.03.15 23:50,S,0,0,1,2,4985.664,12.585,0.00,1.03,-138.44,S-BRK,7.28,0.73,39.4,18.0,0.82,-0.49,16.8,0.016,SL-LOSS
2026.03.16 04:50,S,0,0,1,3,5014.739,6.155,1.82,0.21,26.36,S-BRK,4.53,0.90,40.2,10.2,9.43,0.00,16.8,0.034,SL-WIN
2026.03.16 06:45,S,0,0,1,3,5012.665,6.803,1.02,0.23,28.31,S-BRK,1.03,0.55,27.4,16.2,10.47,-0.23,25.2,0.043,SL-WIN
2026.03.16 06:55,S,0,0,1,3,5012.140,7.106,5.89,0.64,360.22,S-BRK,2.74,0.36,30.7,15.9,7.05,0.27,25.2,0.041,SL-WIN
2026.03.17 04:45,L,0,0,1,3,5039.196,4.962,0.55,1.02,-143.91,L-BRK,1.46,0.66,38.9,22.7,9.93,0.00,19.6,0.050,SL-LOSS
2026.03.17 05:15,L,0,0,1,3,5037.941,5.462,0.23,1.01,-142.02,L-BRK,2.11,0.69,33.8,13.0,6.85,1.00,19.6,0.044,SL-LOSS
2026.03.17 15:40,S,0,0,1,1,4984.307,10.314,0.04,1.01,-134.08,S-BRK,1.81,0.82,24.8,26.1,1.48,-1.00,19.6,0.023,SL-LOSS
2026.03.18 04:35,S,0,0,1,3,4983.300,4.248,0.34,1.00,-131.70,S-BRK,1.23,0.42,37.7,23.4,4.40,-0.32,19.6,0.055,SL-LOSS
2026.03.18 08:20,S,0,0,1,3,4985.653,5.609,0.23,1.01,-129.00,S-BRK,0.87,0.42,50.2,32.3,3.90,-0.18,19.6,0.041,SL-LOSS
2026.03.18 08:30,S,0,0,1,3,4991.511,5.502,2.55,0.14,48.73,S-BRK,1.22,0.68,50.2,13.5,3.27,-0.18,19.6,0.042,SL-WIN
2026.03.18 08:45,S,0,0,1,3,4988.582,6.278,0.58,1.00,-131.83,S-BRK,1.98,0.45,49.2,25.0,2.56,-0.18,19.6,0.037,SL-LOSS
2026.03.18 14:20,S,0,0,1,1,4866.883,15.866,0.64,1.01,-126.93,S-BRK,7.03,0.77,27.4,12.5,2.88,0.00,14.0,0.011,SL-LOSS
2026.03.18 18:25,S,0,0,1,1,4885.901,9.077,1.47,0.27,26.41,S-BRK,1.02,0.46,24.5,8.9,6.30,-0.30,19.6,0.026,SL-WIN
2026.03.18 18:35,S,0,0,1,1,4876.016,10.330,6.69,0.69,445.52,S-BRK,1.33,0.57,29.2,9.9,5.21,-0.20,19.6,0.023,SL-WIN
2026.03.19 03:50,S,0,0,1,3,4852.856,6.705,0.82,0.03,25.21,S-BRK,1.10,0.18,23.6,12.7,9.08,-0.30,14.0,0.025,SL-WIN
2026.03.19 04:20,S,0,0,1,3,4852.603,5.241,1.28,0.25,26.80,S-BRK,2.28,0.18,34.5,8.0,10.11,-0.07,14.0,0.031,SL-WIN
2026.03.19 05:35,S,0,0,1,3,4833.111,5.775,0.62,1.00,-132.82,S-BRK,4.46,0.78,25.0,25.8,8.20,-0.15,14.0,0.029,SL-LOSS
2026.03.19 05:45,S,0,0,1,3,4837.622,5.973,1.75,0.45,24.31,S-BRK,5.68,0.24,32.1,24.1,6.32,-0.13,14.0,0.028,SL-WIN
2026.03.20 08:25,L,0,0,1,3,4723.168,10.410,0.00,1.00,-135.33,L-BRK,1.13,0.60,71.3,42.6,19.41,0.54,19.6,0.023,SL-LOSS
2026.03.20 14:30,S,0,0,1,1,4580.258,20.645,1.56,0.26,21.24,S-BRK,1.02,0.59,58.0,25.3,3.27,-0.15,19.6,0.011,SL-WIN
2026.03.20 18:45,S,0,0,1,1,4510.887,16.949,1.98,0.45,30.93,S-BRK,1.59,0.82,45.7,33.8,1.74,-0.89,19.6,0.014,SL-WIN
2026.03.20 19:00,S,0,0,1,1,4500.305,18.422,0.81,0.43,19.26,S-BRK,3.31,0.12,54.9,27.9,1.49,-0.69,19.6,0.013,SL-WIN
2026.03.20 19:30,S,0,0,1,1,4498.010,18.471,0.31,1.01,-129.30,S-BRK,2.88,0.78,50.2,9.1,1.39,-0.30,19.6,0.013,SL-LOSS
2026.03.22 22:00,S,0,0,1,2,4475.865,15.113,0.21,1.04,-120.91,S-BRK,3.59,0.13,28.1,19.3,4.54,-1.00,35.0,0.026,SL-LOSS
2026.03.22 23:05,S,0,0,1,2,4495.348,18.235,9.63,0.27,687.00,S-BRK,2.39,0.08,22.6,13.0,3.33,0.45,19.6,0.013,SL-WIN
2026.03.23 01:50,S,0,0,1,2,4407.359,30.864,0.84,0.13,28.06,S-BRK,4.85,0.88,31.8,10.4,3.50,-0.00,19.6,0.008,SL-WIN
2026.03.23 02:00,S,0,0,1,2,4417.272,32.019,0.85,0.15,29.43,S-BRK,5.96,0.66,33.2,13.4,2.63,-0.00,19.6,0.007,SL-WIN
2026.03.23 03:00,S,0,0,1,3,4367.134,25.803,1.25,0.28,24.62,S-BRK,6.36,0.07,53.3,13.8,1.88,-0.32,19.6,0.009,SL-WIN
2026.03.23 04:50,S,0,0,1,3,4354.236,15.709,0.10,1.00,-141.38,S-BRK,9.17,0.68,22.7,10.1,3.89,-0.08,18.2,0.014,SL-LOSS
2026.03.23 05:25,S,0,0,1,3,4356.391,14.514,5.95,0.02,353.69,S-BRK,8.21,0.97,23.9,18.0,2.78,-0.05,18.2,0.015,SL-WIN
2026.03.23 06:15,S,0,0,1,3,4285.384,20.665,5.91,0.01,400.85,S-BRK,8.23,0.78,56.0,19.8,1.56,1.00,18.2,0.011,SL-WIN
2026.03.24 20:25,L,0,0,1,1,4455.830,16.396,1.05,0.49,30.23,L-BRK,1.22,0.93,25.7,22.8,4.19,0.34,25.5,0.019,SL-WIN
2026.03.24 20:40,L,0,0,1,1,4460.183,18.240,1.40,0.21,32.38,L-BRK,0.97,0.75,33.3,14.6,2.89,0.36,25.5,0.017,SL-WIN
2026.03.24 22:55,L,0,0,1,2,4484.766,14.381,8.19,0.83,773.80,L-BRK,2.26,0.53,25.3,8.2,3.51,0.42,25.5,0.021,SL-WIN
2026.03.25 07:15,L,0,0,1,3,4562.231,8.743,0.12,1.01,-157.38,L-BRK,16.97,0.59,29.2,13.6,6.32,0.00,19.6,0.027,SL-LOSS
2026.03.25 08:15,L,0,0,1,3,4563.350,10.018,0.44,1.02,-150.27,L-BRK,14.99,0.70,25.7,12.0,5.36,0.00,19.6,0.024,SL-LOSS
2026.03.25 14:50,L,0,0,1,1,4568.523,13.558,0.13,1.00,-149.14,L-BRK,2.70,0.85,25.3,19.0,2.72,0.21,19.6,0.018,SL-LOSS
2026.03.26 05:30,S,0,0,1,3,4493.899,8.137,0.96,0.00,31.30,S-BRK,1.44,0.71,41.4,36.0,19.40,-0.15,19.6,0.029,SL-WIN
2026.03.26 05:35,S,0,0,1,3,4489.872,8.428,8.77,0.66,605.72,S-BRK,1.30,0.00,44.6,29.1,17.80,-0.15,19.6,0.028,SL-WIN
2026.03.26 06:40,S,0,0,1,3,4447.439,14.231,0.58,1.00,-156.54,S-BRK,4.94,0.43,63.6,11.8,5.81,-0.15,19.6,0.016,SL-LOSS
2026.03.26 08:20,S,0,0,1,3,4432.346,13.298,1.48,0.72,26.84,S-BRK,5.13,0.03,24.9,13.1,5.75,-0.99,19.6,0.018,SL-WIN
2026.03.26 16:00,S,0,0,1,1,4436.786,14.173,4.93,0.44,327.01,S-BRK,1.28,0.62,41.5,22.3,2.24,-0.27,19.6,0.017,SL-WIN
2026.03.26 17:25,S,0,0,1,1,4383.245,15.668,0.98,0.64,28.70,S-BRK,4.03,0.72,32.5,13.9,1.50,-0.99,19.6,0.015,SL-WIN
2026.03.26 19:50,S,0,0,1,1,4364.287,10.896,1.20,0.31,30.17,S-BRK,7.18,0.42,23.5,22.5,1.43,-0.19,19.6,0.022,SL-WIN
2026.03.26 20:10,S,0,0,1,1,4396.829,15.323,0.79,0.13,28.24,S-BRK,9.10,0.35,34.7,13.3,0.57,-0.99,19.6,0.016,SL-WIN
2026.03.27 14:55,L,0,0,1,1,4509.992,16.749,2.72,0.50,90.40,L-BRK,1.67,0.59,34.3,30.5,3.67,0.84,19.6,0.014,SL-WIN
2026.03.27 18:15,L,0,0,1,1,4509.675,11.862,1.61,0.57,33.03,L-BRK,3.26,0.43,31.6,10.2,5.90,0.17,19.6,0.020,SL-WIN
2026.03.27 19:20,L,0,0,1,1,4521.413,10.199,0.48,1.01,-152.98,L-BRK,6.03,0.83,27.8,11.6,3.86,0.17,19.6,0.023,SL-LOSS
2026.03.30 03:20,L,0,0,1,3,4511.879,13.684,0.06,1.01,-164.21,L-BRK,2.96,0.34,22.2,18.6,4.42,0.85,19.6,0.018,SL-LOSS
2026.03.30 05:00,L,0,0,1,3,4499.433,8.118,6.32,0.12,519.98,L-BRK,4.53,0.67,32.9,13.0,8.83,0.45,19.6,0.030,SL-WIN
2026.03.30 08:00,L,0,0,1,3,4527.765,8.953,1.04,0.13,32.07,L-BRK,5.38,0.58,30.3,10.1,3.83,-0.14,19.6,0.027,SL-WIN
2026.03.30 08:30,L,0,0,1,3,4533.212,9.119,0.82,0.28,31.36,L-BRK,4.86,0.24,29.1,10.3,3.79,0.34,19.6,0.027,SL-WIN
2026.03.31 01:25,L,0,0,1,2,4581.642,14.795,2.56,0.28,85.24,L-BRK,1.31,0.78,34.9,26.1,0.07,1.00,19.6,0.016,SL-WIN
2026.03.31 04:55,L,0,0,1,3,4564.846,8.099,0.73,1.00,-161.98,L-BRK,0.93,0.83,46.8,21.9,7.64,0.43,19.6,0.029,SL-LOSS
2026.03.31 05:35,L,0,0,1,3,4577.641,10.045,0.42,1.03,-160.71,L-BRK,1.13,0.80,37.7,23.4,5.33,0.29,19.6,0.024,SL-LOSS
2026.03.31 08:30,L,0,0,1,3,4569.355,7.971,0.72,1.01,-159.42,L-BRK,0.95,0.58,33.3,14.0,7.30,0.09,19.6,0.031,SL-LOSS
2026.03.31 14:00,L,0,0,1,1,4614.476,13.882,1.14,0.84,26.10,L-BRK,2.96,0.05,25.6,23.9,1.70,0.71,19.6,0.017,SL-WIN
2026.03.31 14:35,L,0,0,1,1,4609.220,14.505,1.11,1.00,27.29,L-BRK,4.08,0.12,33.7,9.8,0.82,0.14,19.6,0.017,SL-WIN
2026.03.31 15:45,L,0,0,1,1,4616.059,11.591,6.15,0.79,589.44,L-BRK,3.67,0.25,22.4,13.3,0.98,0.71,19.6,0.021,SL-WIN
2026.03.31 22:35,L,0,0,1,2,4694.808,11.334,0.15,1.00,-158.68,L-BRK,8.96,0.31,23.7,12.7,2.64,-0.00,25.2,0.026,SL-LOSS
2026.03.31 23:35,L,0,0,1,2,4692.339,11.213,2.70,0.35,134.13,L-BRK,8.88,0.71,22.2,23.1,1.00,-0.02,19.6,0.021,SL-WIN
2026.04.01 00:35,L,0,0,1,2,4704.601,11.071,1.34,0.09,30.56,L-BRK,10.34,0.85,49.8,13.3,1.83,-0.00,19.6,0.022,SL-WIN
2026.04.01 00:55,L,0,0,1,2,4711.303,10.879,1.20,0.33,30.06,L-BRK,11.54,0.37,46.0,18.3,1.25,-0.00,19.6,0.022,SL-WIN
2026.04.01 03:15,L,0,0,1,3,4690.473,9.819,0.12,1.00,-166.92,L-BRK,8.61,0.35,24.4,13.2,4.26,-0.00,19.6,0.024,SL-LOSS
2026.04.01 04:50,L,0,0,1,3,4677.224,6.913,3.80,0.60,237.12,L-BRK,6.40,0.23,36.3,9.6,8.78,0.00,19.6,0.037,SL-WIN
2026.04.01 06:10,L,0,0,1,3,4697.966,8.350,4.23,0.65,293.75,L-BRK,6.94,0.29,27.2,11.5,6.16,0.00,19.6,0.030,SL-WIN
2026.04.01 07:20,L,0,0,1,3,4719.995,9.489,2.94,0.18,127.50,L-BRK,4.31,0.18,25.1,10.8,2.22,0.19,19.6,0.025,SL-WIN
2026.04.01 15:05,L,0,0,1,1,4773.219,13.595,1.46,0.85,53.35,L-BRK,5.13,0.45,40.0,22.4,0.63,0.00,19.6,0.018,SL-WIN
2026.04.01 23:30,L,0,0,1,2,4793.610,8.581,0.03,1.00,-180.20,L-BRK,1.90,0.37,50.6,26.7,0.86,0.58,25.2,0.038,SL-LOSS
2026.04.02 00:15,L,0,0,1,2,4795.735,8.552,0.22,1.01,-171.05,L-BRK,1.51,0.62,26.3,12.5,1.12,0.52,25.2,0.036,SL-LOSS
2026.04.02 04:20,S,0,0,1,3,4666.263,11.374,0.78,1.01,-159.24,S-BRK,0.89,0.06,36.5,24.0,7.41,-0.40,19.6,0.020,SL-LOSS
2026.04.02 05:50,S,0,0,1,3,4604.165,16.619,3.02,0.25,92.71,S-BRK,5.64,0.97,23.9,21.1,0.42,-0.92,19.6,0.014,SL-WIN
2026.04.02 06:25,S,0,0,1,3,4591.283,18.637,0.51,1.00,-167.73,S-BRK,5.05,0.21,35.0,12.0,2.10,0.10,19.6,0.012,SL-LOSS
2026.04.02 08:55,S,0,0,1,3,4620.769,12.087,0.62,1.01,-157.13,S-BRK,5.00,0.15,22.0,14.4,7.31,0.25,19.6,0.019,SL-LOSS
2026.04.07 01:55,S,0,0,1,2,4626.783,13.497,0.50,1.02,-161.97,S-BRK,1.10,0.44,28.5,19.4,4.17,-0.48,25.2,0.022,SL-LOSS
2026.04.07 08:35,L,0,0,1,3,4682.008,10.988,1.15,0.28,30.43,L-BRK,1.08,0.64,37.8,15.7,2.37,1.00,19.6,0.022,SL-WIN
2026.04.07 14:05,S,0,0,1,1,4612.208,13.507,0.02,1.00,-162.08,S-BRK,1.19,0.84,23.8,20.9,1.65,-0.07,25.2,0.022,SL-LOSS
2026.04.07 14:10,S,0,0,1,1,4621.770,14.034,0.85,0.21,26.89,S-BRK,2.22,0.62,26.7,18.1,0.44,-0.07,19.6,0.017,SL-WIN
2026.04.07 18:15,L,0,0,1,1,4684.816,9.035,0.17,1.00,-162.63,L-BRK,0.92,0.72,49.5,23.0,3.02,0.25,19.6,0.026,SL-LOSS
2026.04.07 19:20,L,0,0,1,1,4689.723,11.002,2.64,0.73,103.44,L-BRK,1.55,0.86,29.8,12.0,1.99,0.63,19.6,0.022,SL-WIN
2026.04.07 22:00,L,0,0,1,2,4744.667,13.353,0.57,1.00,-160.23,L-BRK,2.30,0.25,38.2,15.7,4.44,0.43,35.0,0.031,SL-LOSS
2026.04.07 22:30,L,0,0,1,2,4760.739,16.264,5.96,0.53,506.92,L-BRK,5.18,0.77,27.8,12.3,2.73,-0.05,25.2,0.019,SL-WIN
2026.04.08 01:50,L,0,0,1,2,4810.067,14.488,1.05,0.19,27.15,L-BRK,9.58,0.75,22.2,12.8,4.08,0.49,25.2,0.021,SL-WIN
2026.04.08 05:15,L,0,0,1,3,4809.808,7.071,4.85,0.22,349.28,L-BRK,20.15,0.27,23.0,11.7,8.16,0.07,19.6,0.034,SL-WIN
2026.04.08 05:55,L,0,0,1,3,4827.545,8.338,0.85,0.06,33.12,L-BRK,21.66,0.40,55.9,28.9,3.10,0.05,25.2,0.036,SL-WIN
2026.04.08 06:05,L,0,0,1,3,4824.473,8.765,1.75,0.08,33.83,L-BRK,18.44,0.40,53.5,14.4,3.84,0.04,25.2,0.034,SL-WIN
2026.04.08 10:40,L,0,0,1,3,4791.692,9.274,0.50,1.03,-166.94,L-BRK,1.78,0.63,22.3,9.1,9.11,0.03,19.6,0.026,SL-LOSS
2026.04.09 16:05,L,0,0,1,1,4792.726,10.523,0.82,0.81,28.02,L-BRK,1.25,0.40,42.7,18.1,5.39,0.45,19.6,0.023,SL-WIN
2026.04.12 22:10,S,0,0,1,2,4676.826,12.605,2.56,0.50,93.53,S-BRK,7.76,0.20,46.7,22.5,0.04,-0.43,25.2,0.024,SL-WIN
2026.04.13 03:05,S,0,0,1,3,4714.500,8.185,0.24,1.01,-171.88,S-BRK,4.10,0.71,26.2,9.9,10.50,-0.12,19.6,0.030,SL-LOSS
2026.04.13 04:05,S,0,0,1,3,4712.741,6.263,0.59,1.01,-156.57,S-BRK,5.51,0.63,22.2,17.4,13.61,-0.12,19.6,0.037,SL-LOSS
2026.04.13 09:25,S,0,0,1,3,4715.057,7.036,0.94,0.76,31.30,S-BRK,1.61,0.21,32.2,13.1,13.63,-0.23,19.6,0.034,SL-WIN
2026.04.14 00:40,L,0,0,1,2,4770.357,5.623,0.32,1.00,-157.43,L-BRK,1.41,0.83,30.8,23.8,5.04,0.91,19.6,0.041,SL-LOSS
2026.04.14 01:10,L,0,0,1,2,4776.225,6.471,0.10,1.01,-168.25,L-BRK,2.01,0.82,28.1,8.6,3.95,0.35,19.6,0.038,SL-LOSS
2026.04.14 04:20,L,0,0,1,3,4774.517,4.314,0.55,1.02,-168.27,L-BRK,2.43,0.97,22.3,26.0,6.21,0.05,19.6,0.058,SL-LOSS
2026.04.14 06:50,L,0,0,1,3,4778.895,5.619,3.13,0.07,126.02,L-BRK,2.33,0.58,25.2,26.3,2.21,-0.15,25.2,0.056,SL-WIN
2026.04.14 07:20,L,0,0,1,3,4773.041,7.541,2.26,0.66,77.88,L-BRK,4.41,0.69,43.6,10.2,2.07,-0.22,19.6,0.032,SL-WIN
2026.04.14 10:20,L,0,0,1,3,4784.562,6.613,0.08,1.13,-171.94,L-BRK,4.14,0.82,23.0,11.7,1.92,0.21,25.2,0.050,SL-LOSS
2026.04.14 14:00,L,0,0,1,1,4795.788,9.124,2.42,0.33,33.31,L-BRK,3.46,0.29,40.8,22.9,1.27,-0.00,19.6,0.026,SL-WIN
2026.04.14 14:55,L,0,0,1,1,4804.214,9.955,0.00,1.01,-159.27,L-BRK,3.79,0.34,35.1,13.3,1.97,0.00,19.6,0.025,SL-LOSS
2026.04.14 15:20,L,0,0,1,1,4803.927,9.552,4.88,0.33,568.54,L-BRK,3.79,0.73,23.1,9.8,2.23,0.00,19.6,0.025,SL-WIN
2026.04.15 01:10,L,0,0,1,2,4850.203,7.081,3.00,0.30,143.79,L-BRK,4.53,0.69,26.7,17.4,2.41,-0.08,25.2,0.044,SL-WIN
2026.04.15 01:20,L,0,0,1,2,4843.925,10.126,1.02,0.02,28.23,L-BRK,6.30,0.61,31.9,19.0,1.04,-0.00,25.2,0.031,SL-WIN
2026.04.15 01:35,L,0,0,1,2,4846.006,9.830,0.77,0.65,27.39,L-BRK,3.40,0.53,33.8,9.2,2.89,-0.00,25.2,0.032,SL-WIN
2026.04.15 02:10,L,0,0,1,2,4845.661,8.810,0.06,1.05,-167.38,L-BRK,4.25,0.39,32.8,10.0,2.86,-0.00,25.2,0.035,SL-LOSS
2026.04.15 20:55,S,0,0,1,1,4797.216,2.177,0.00,0.18,91.44,S-BRK,1.03,0.38,31.9,10.9,11.61,-0.55,25.2,0.079,SL-WIN
2026.04.16 00:50,L,0,0,1,2,4833.840,6.021,0.45,1.00,-168.60,L-BRK,0.87,0.58,36.0,12.3,7.45,0.08,19.6,0.041,SL-LOSS
2026.04.16 05:00,L,0,0,1,3,4836.584,3.796,0.50,1.04,-167.01,L-BRK,1.35,0.76,35.8,28.1,12.94,0.56,19.6,0.064,SL-LOSS
2026.04.16 05:20,L,0,0,1,3,4832.843,3.531,0.38,1.02,-155.38,L-BRK,2.25,0.78,44.5,13.0,11.83,0.56,19.6,0.065,SL-LOSS
2026.04.16 14:05,S,0,0,1,1,4799.875,9.656,0.91,0.59,30.45,S-BRK,0.85,0.21,31.6,12.2,1.00,-1.00,19.6,0.023,SL-WIN
2026.04.16 14:35,S,0,0,1,1,4789.882,9.539,1.75,0.10,27.91,S-BRK,0.86,0.40,23.6,9.3,1.47,-0.87,19.6,0.025,SL-WIN
2026.04.16 14:45,S,0,0,1,1,4790.734,10.219,0.50,1.00,-163.50,S-BRK,1.47,0.15,27.5,15.1,1.67,-0.12,19.6,0.023,SL-LOSS
2026.04.16 16:35,S,0,0,1,1,4796.122,8.190,1.76,0.04,31.91,S-BRK,1.33,0.55,32.2,19.5,2.74,0.12,19.6,0.028,SL-WIN
2026.04.17 00:00,S,0,0,1,2,4788.504,3.253,0.76,1.01,-152.87,S-BRK,1.21,0.83,24.7,25.3,7.00,-0.48,19.6,0.071,SL-LOSS
2026.04.17 00:10,S,0,0,1,2,4789.943,3.603,0.63,1.01,-154.95,S-BRK,1.46,0.39,32.7,20.7,6.02,-0.48,25.2,0.084,SL-LOSS
2026.04.17 01:05,S,0,0,1,2,4783.456,4.887,2.89,0.34,128.36,S-BRK,1.39,0.64,26.1,17.3,4.48,-0.50,25.2,0.063,SL-WIN
2026.04.17 01:10,S,0,0,1,2,4778.869,5.888,0.07,1.01,-158.98,S-BRK,1.02,0.71,29.2,26.7,3.59,-0.49,25.2,0.052,SL-LOSS
2026.04.17 03:00,S,0,0,1,3,4791.738,5.741,0.00,1.00,-155.02,S-BRK,0.88,0.82,30.1,9.2,3.75,0.01,19.6,0.041,SL-LOSS
2026.04.17 06:35,S,0,0,1,3,4785.508,5.450,0.27,1.00,-152.59,S-BRK,0.88,0.27,50.2,25.5,3.54,-0.13,19.6,0.044,SL-LOSS
2026.04.17 14:00,L,0,0,1,1,4876.223,14.034,0.11,1.00,-154.37,L-BRK,4.84,0.40,45.2,22.6,0.83,-0.37,25.2,0.022,SL-LOSS
2026.04.17 14:25,L,0,0,1,1,4871.866,13.404,0.85,0.18,25.80,L-BRK,4.81,0.57,28.8,8.5,1.01,-0.37,19.6,0.018,SL-WIN
2026.04.17 18:00,L,0,0,1,1,4862.613,6.746,0.82,0.56,29.77,L-BRK,4.61,0.28,24.5,13.1,4.78,1.00,25.2,0.046,SL-WIN
2026.04.19 23:45,S,0,0,1,2,4744.009,10.300,0.01,1.00,-154.50,S-BRK,1.29,0.63,63.8,33.5,1.90,0.06,25.2,0.030,SL-LOSS
2026.04.19 23:55,S,0,0,1,2,4755.329,9.711,1.03,0.03,30.00,S-BRK,1.16,0.94,62.2,17.7,1.82,0.06,25.2,0.030,SL-WIN
2026.04.20 00:10,S,0,0,1,2,4752.154,10.167,0.01,1.01,-152.51,S-BRK,1.16,0.33,57.2,13.9,1.87,0.06,25.2,0.031,SL-LOSS
2026.04.21 06:40,S,0,0,1,3,4780.340,6.155,0.92,0.57,29.66,S-BRK,1.36,0.08,37.2,12.3,8.06,-0.37,19.6,0.038,SL-WIN
2026.04.21 07:00,S,0,0,1,3,4774.955,6.223,0.02,1.00,-143.13,S-BRK,1.25,0.48,31.9,12.1,8.20,-0.37,25.2,0.048,SL-LOSS
2026.04.21 14:35,S,0,0,1,1,4761.782,8.721,4.37,0.22,226.59,S-BRK,1.21,0.42,34.9,23.7,1.09,-0.45,25.2,0.033,SL-WIN
2026.04.21 15:10,S,0,0,1,1,4748.187,11.900,0.96,0.81,24.68,S-BRK,3.77,0.48,47.7,9.0,1.70,-0.51,19.6,0.019,SL-WIN
2026.04.21 15:40,S,0,0,1,1,4745.544,11.421,4.24,0.44,315.51,S-BRK,3.71,0.13,32.3,10.2,2.05,-0.51,19.6,0.021,SL-WIN
2026.04.21 18:10,S,0,0,1,1,4704.682,8.915,1.37,0.06,26.10,S-BRK,8.69,0.43,25.9,13.8,1.53,-0.08,19.6,0.027,SL-WIN
2026.04.23 00:15,S,0,0,1,2,4722.649,7.759,0.03,1.01,-147.42,S-BRK,2.53,0.93,31.7,19.6,6.65,0.13,19.6,0.030,SL-LOSS
2026.04.23 02:15,S,0,0,1,2,4710.686,8.203,1.52,0.91,31.47,S-BRK,1.03,0.89,40.6,30.6,5.67,-0.74,19.6,0.028,SL-WIN
2026.04.23 08:45,S,0,0,1,3,4705.806,6.771,3.16,0.26,157.09,S-BRK,1.07,0.62,34.0,18.7,6.59,-0.58,19.6,0.036,SL-WIN
2026.04.23 17:40,S,0,0,1,1,4677.747,11.632,1.15,0.08,33.10,S-BRK,1.27,0.80,30.3,21.0,3.03,-0.26,19.6,0.020,SL-WIN
2026.04.23 17:45,S,0,0,1,1,4683.312,12.477,0.36,1.01,-149.72,S-BRK,2.31,0.81,33.8,23.8,1.40,-0.23,19.6,0.019,SL-LOSS
2026.04.23 17:50,S,0,0,1,1,4696.154,14.555,0.12,1.00,-145.55,S-BRK,1.61,0.25,32.2,10.3,1.80,-0.01,19.6,0.016,SL-LOSS
2026.04.23 20:30,S,0,0,1,1,4690.023,7.109,0.23,1.40,-149.28,S-BRK,0.86,0.82,32.9,14.3,4.12,0.10,19.6,0.033,SL-LOSS
2026.04.24 02:30,S,0,0,1,2,4689.170,7.021,4.47,0.05,339.64,S-BRK,1.05,0.27,34.5,14.0,3.40,-0.03,19.6,0.033,SL-WIN
2026.04.24 06:20,S,0,0,1,3,4674.015,5.282,1.34,0.43,30.89,S-BRK,2.59,0.66,34.0,11.3,4.67,-0.68,19.6,0.044,SL-WIN
2026.04.24 06:50,S,0,0,1,3,4674.802,5.770,0.63,1.00,-150.02,S-BRK,4.40,0.69,38.4,17.3,2.71,-0.68,19.6,0.041,SL-LOSS
2026.04.26 22:10,S,0,0,1,2,4685.262,5.586,2.33,0.66,73.37,S-BRK,1.51,0.99,38.1,23.8,5.20,-0.99,25.2,0.053,SL-WIN
2026.04.27 14:55,S,0,0,1,1,4678.245,6.911,1.59,0.21,29.79,S-BRK,1.60,0.84,34.6,23.6,3.78,-0.15,19.6,0.032,SL-WIN
2026.04.27 15:15,S,0,0,1,1,4677.573,7.734,1.31,0.64,29.04,S-BRK,2.08,0.57,40.5,12.5,2.59,-0.03,19.6,0.031,SL-WIN
2026.04.27 17:15,S,0,0,1,1,4671.341,4.938,0.23,1.06,-148.14,S-BRK,3.64,0.05,23.3,18.8,4.01,-0.03,19.6,0.047,SL-LOSS
2026.04.27 17:20,S,0,0,1,1,4674.631,5.157,0.02,1.00,-149.54,S-BRK,4.68,0.35,24.5,11.8,3.30,-0.15,19.6,0.045,SL-LOSS
2026.04.28 01:45,S,0,0,1,2,4685.153,4.238,4.36,0.18,226.94,S-BRK,1.14,0.63,42.3,15.8,5.67,-0.41,19.6,0.055,SL-WIN
2026.04.28 02:10,S,0,0,1,2,4677.122,5.238,5.41,0.52,510.17,S-BRK,3.58,0.62,46.3,13.2,2.01,-0.41,19.6,0.045,SL-WIN
2026.04.28 05:30,S,0,0,1,3,4644.568,5.712,3.60,0.06,172.98,S-BRK,6.20,0.30,28.5,13.1,4.04,-0.20,19.6,0.042,SL-WIN
2026.04.28 06:20,S,0,0,1,3,4626.091,7.592,0.28,1.02,-159.44,S-BRK,7.21,0.80,26.2,18.5,1.83,-0.00,19.6,0.031,SL-LOSS
2026.04.28 06:30,S,0,0,1,3,4629.860,7.403,0.87,1.03,-148.07,S-BRK,7.03,0.61,26.3,9.5,1.27,-0.00,25.2,0.039,SL-LOSS
2026.04.28 09:25,S,0,0,1,3,4618.230,7.549,8.37,0.12,753.82,S-BRK,8.93,0.67,25.1,19.2,0.55,-0.00,19.6,0.032,SL-WIN
2026.04.28 14:05,S,0,0,1,1,4569.742,12.365,1.00,0.70,35.05,S-BRK,5.65,0.91,22.1,10.0,1.09,-0.00,19.6,0.019,SL-WIN
2026.04.29 14:00,S,0,0,1,1,4525.192,8.916,0.81,0.20,33.29,S-BRK,4.13,0.10,40.2,10.9,1.60,-0.28,19.6,0.027,SL-WIN
2026.04.29 18:10,S,0,0,1,1,4525.623,7.943,0.05,1.01,-166.79,S-BRK,1.87,0.73,23.3,16.8,3.68,-0.03,19.6,0.030,SL-LOSS
2026.04.29 18:15,S,0,0,1,1,4531.613,8.779,1.25,0.70,31.78,S-BRK,2.94,0.72,23.8,10.6,2.38,-0.03,19.6,0.027,SL-WIN
2026.04.29 18:35,S,0,0,1,1,4528.740,10.257,1.03,0.04,28.65,S-BRK,3.20,0.82,29.8,12.6,1.54,-0.13,19.6,0.024,SL-WIN
2026.04.30 07:10,L,0,0,1,3,4591.923,6.595,0.28,1.00,-164.87,L-BRK,1.43,0.96,50.9,28.7,2.90,0.43,19.6,0.036,SL-LOSS
2026.04.30 07:45,L,0,0,1,3,4600.781,6.967,4.17,0.60,261.50,L-BRK,1.81,0.81,42.6,22.3,2.53,0.00,19.6,0.035,SL-WIN
2026.04.30 08:20,L,0,0,1,3,4615.537,9.169,3.44,0.21,243.10,L-BRK,3.17,0.55,47.3,8.7,1.95,0.30,19.6,0.026,SL-WIN
2026.05.01 08:25,S,0,0,1,3,4567.412,5.889,1.26,0.97,32.41,S-BRK,1.01,0.61,60.7,36.3,10.14,-1.00,19.6,0.040,SL-WIN
2026.05.01 14:15,L,0,0,1,1,4654.587,12.114,0.30,1.00,-169.60,L-BRK,1.18,0.84,39.4,26.8,0.43,1.00,19.6,0.020,SL-LOSS
2026.05.04 01:10,S,0,0,1,2,4600.513,6.944,1.09,0.63,33.38,S-BRK,1.33,0.36,22.4,9.0,6.75,-0.24,19.6,0.034,SL-WIN
2026.05.04 01:35,S,0,0,1,2,4600.190,6.432,0.15,1.01,-160.80,S-BRK,1.34,0.64,25.1,10.2,6.96,-0.24,19.6,0.036,SL-LOSS
2026.05.04 02:25,S,0,0,1,2,4593.200,7.076,0.27,1.03,-162.76,S-BRK,1.44,0.80,23.1,15.5,6.80,-0.24,19.6,0.034,SL-LOSS
2026.05.04 08:00,S,0,0,1,3,4575.650,6.488,0.26,1.00,-162.21,S-BRK,1.39,0.60,30.8,19.5,3.59,-0.19,19.6,0.036,SL-LOSS
2026.05.04 09:55,S,0,0,1,3,4575.538,4.909,9.90,0.13,1289.30,S-BRK,1.03,0.61,22.7,14.5,5.17,-0.37,19.6,0.048,TP
2026.05.04 10:20,S,0,0,1,3,4536.563,8.605,0.01,1.01,-163.49,S-BRK,6.63,0.41,43.0,34.1,1.73,-0.25,19.6,0.026,SL-LOSS
2026.05.04 10:25,S,0,0,1,3,4544.885,9.038,0.19,1.01,-171.72,S-BRK,6.42,0.12,43.0,21.4,1.39,-0.25,19.6,0.026,SL-LOSS
2026.05.04 15:20,S,0,0,1,1,4521.875,12.624,0.49,1.00,-164.11,S-BRK,1.94,0.47,37.9,33.7,2.84,-0.29,19.6,0.019,SL-LOSS
2026.05.04 15:25,S,0,0,1,1,4537.878,13.695,2.71,0.39,86.31,S-BRK,3.44,0.67,42.1,29.2,0.75,-0.29,19.6,0.017,SL-WIN
2026.05.04 18:15,S,0,0,1,1,4518.117,7.424,1.11,0.02,29.68,S-BRK,4.46,0.23,26.5,13.1,3.00,-0.29,19.6,0.031,SL-WIN
2026.05.04 19:55,S,0,0,1,1,4517.616,6.209,0.93,0.14,33.36,S-BRK,5.85,0.78,30.8,8.2,3.69,-0.29,19.6,0.039,SL-WIN
2026.05.04 22:50,S,0,0,1,2,4516.611,3.791,0.21,1.02,-170.61,S-BRK,9.66,0.41,22.4,18.0,5.61,-0.29,19.6,0.063,SL-LOSS
2026.05.05 04:20,S,0,0,1,3,4530.778,3.615,0.72,1.00,-169.90,S-BRK,1.66,0.65,45.7,24.5,10.30,-0.07,19.6,0.066,SL-LOSS
2026.05.05 23:15,L,0,0,1,2,4586.198,7.023,9.16,0.97,1307.88,L-BRK,1.31,0.72,32.4,20.7,0.37,1.00,19.6,0.036,TP
2026.05.06 03:10,L,0,0,1,3,4647.837,6.136,0.96,0.86,32.24,L-BRK,15.54,0.67,59.9,34.8,1.26,-0.06,19.6,0.040,SL-WIN
2026.05.06 05:00,L,0,0,1,3,4651.990,5.159,0.88,0.32,33.40,L-BRK,18.48,0.16,30.1,10.9,1.18,0.00,19.6,0.047,SL-WIN
2026.05.06 05:50,L,0,0,1,3,4653.073,5.538,9.51,0.22,1447.90,L-BRK,14.74,0.20,23.0,9.5,1.61,-0.03,19.6,0.045,TP
2026.05.06 09:00,L,0,0,1,3,4692.513,8.651,1.22,0.44,39.13,L-BRK,16.30,0.29,36.7,20.3,1.35,0.00,25.2,0.036,SL-WIN
2026.05.06 14:00,L,0,0,1,1,4706.209,10.839,1.04,0.82,38.98,L-BRK,3.57,0.34,33.4,17.9,2.35,-0.31,19.6,0.022,SL-WIN
2026.05.06 14:25,L,0,0,1,1,4706.268,10.643,0.78,0.16,37.47,L-BRK,3.70,0.54,37.2,8.7,1.61,-0.31,19.6,0.023,SL-WIN
2026.05.06 14:45,L,0,0,1,1,4706.145,10.164,0.09,1.01,-203.28,L-BRK,4.37,0.54,32.9,9.0,1.22,-0.31,19.6,0.024,SL-LOSS
2026.05.06 18:35,L,0,0,1,1,4688.564,4.655,2.51,0.82,135.65,L-BRK,1.02,0.32,47.7,23.1,9.51,0.04,19.6,0.056,SL-WIN
2026.05.07 06:35,L,0,0,1,3,4742.645,6.956,0.74,0.02,36.80,L-BRK,2.95,0.87,41.6,41.6,2.21,-0.05,19.6,0.035,SL-WIN
2026.05.07 06:40,L,0,0,1,3,4746.027,7.229,0.15,1.00,-195.17,L-BRK,3.46,0.85,46.9,44.0,1.43,0.06,19.6,0.033,SL-LOSS
2026.05.07 06:45,L,0,0,1,3,4738.363,7.514,1.65,0.92,35.26,L-BRK,3.85,0.33,50.1,35.3,0.75,0.06,19.6,0.032,SL-WIN
2026.05.07 08:00,L,0,0,1,3,4749.821,7.668,0.48,1.01,-199.36,L-BRK,4.28,0.43,23.0,12.5,1.37,-0.12,19.6,0.031,SL-LOSS
2026.05.07 14:55,L,0,0,1,1,4762.777,8.603,0.24,1.01,-197.88,L-BRK,5.33,0.44,22.1,19.3,0.41,-0.00,19.6,0.028,SL-LOSS
2026.05.08 14:00,L,0,0,1,1,4740.105,9.200,0.00,1.01,-184.00,L-BRK,1.76,0.92,30.3,14.2,2.25,0.99,25.2,0.032,SL-LOSS
2026.05.10 22:05,S,0,0,1,2,4688.371,6.110,0.02,1.03,-183.31,S-BRK,2.45,0.38,52.5,22.7,1.64,1.00,25.2,0.049,SL-LOSS
2026.05.10 22:10,S,0,0,1,2,4687.446,6.564,0.80,0.51,36.71,S-BRK,2.11,0.13,49.4,10.4,1.76,1.00,25.2,0.047,SL-WIN
2026.05.10 22:15,S,0,0,1,2,4687.221,6.834,0.20,1.05,-184.52,S-BRK,2.15,0.10,48.3,15.5,1.54,1.00,25.2,0.045,SL-LOSS
2026.05.11 00:00,S,0,0,1,2,4687.276,5.788,1.94,0.55,34.56,S-BRK,1.65,0.69,24.4,19.2,2.79,0.62,19.6,0.040,SL-WIN
2026.05.11 03:55,S,0,0,1,3,4678.580,7.577,1.31,0.18,33.34,S-BRK,3.29,0.72,22.7,15.9,1.20,0.35,19.6,0.032,SL-WIN
2026.05.11 05:45,S,0,0,1,3,4661.090,6.479,1.95,0.14,37.81,S-BRK,6.29,0.82,23.3,14.2,0.97,-0.44,19.6,0.036,SL-WIN
2026.05.11 07:45,S,0,0,1,3,4667.681,6.191,0.55,1.00,-185.73,S-BRK,4.02,0.58,24.1,15.2,4.79,-0.11,19.6,0.039,SL-LOSS
2026.05.11 09:00,S,0,0,1,3,4669.481,5.680,3.31,0.11,200.19,S-BRK,4.54,0.50,25.1,12.7,4.15,-0.05,19.6,0.042,SL-WIN
2026.05.11 23:30,L,0,0,1,2,4755.987,5.439,0.66,0.45,33.00,L-BRK,2.48,0.21,35.6,13.5,1.31,-0.06,19.6,0.048,SL-WIN
2026.05.11 23:35,L,0,0,1,2,4755.528,5.316,2.75,0.18,135.78,L-BRK,2.63,0.41,37.5,14.8,1.01,-0.06,19.6,0.047,SL-WIN
2026.05.12 00:15,L,0,0,1,2,4771.005,6.501,0.28,1.02,-195.03,L-BRK,4.46,0.28,45.7,18.4,1.26,0.18,25.2,0.048,SL-LOSS
2026.05.12 15:00,S,0,0,1,1,4669.652,9.994,3.14,0.48,163.29,S-BRK,1.04,0.45,51.2,28.9,2.98,-0.32,19.6,0.023,SL-WIN
2026.05.12 15:30,S,0,0,1,1,4662.863,12.077,0.28,1.00,-181.16,S-BRK,1.83,0.69,64.2,19.9,1.78,-0.32,19.6,0.020,SL-LOSS
2026.05.14 07:35,L,0,0,1,3,4712.267,7.001,0.34,1.00,-189.04,L-BRK,0.86,0.62,37.9,28.5,3.07,0.87,25.2,0.044,SL-LOSS
2026.05.14 16:35,S,0,0,1,1,4673.090,6.055,0.06,1.02,-181.65,S-BRK,2.22,0.62,23.3,22.3,1.54,-0.08,19.6,0.038,SL-LOSS
2026.05.14 18:45,S,0,0,1,1,4669.761,4.270,5.90,0.56,581.99,S-BRK,4.26,0.49,23.7,21.3,0.58,-0.03,19.6,0.055,SL-WIN
2026.05.14 22:00,S,0,0,1,2,4653.142,4.404,0.26,1.02,-184.98,S-BRK,8.80,0.02,48.5,13.7,2.05,-0.43,25.2,0.068,SL-LOSS
2026.05.14 23:15,S,0,0,1,2,4658.936,3.845,0.82,0.17,36.73,S-BRK,6.33,0.48,24.9,14.0,4.78,-0.43,19.6,0.061,SL-WIN
2026.05.14 23:30,S,0,0,1,2,4651.132,5.338,0.79,0.44,34.28,S-BRK,4.39,0.92,24.9,9.1,5.62,-0.43,19.6,0.045,SL-WIN
2026.05.14 23:35,S,0,0,1,2,4652.952,5.329,1.97,0.92,36.82,S-BRK,6.45,0.84,26.4,14.8,1.60,-0.43,19.6,0.044,SL-WIN
2026.05.15 03:30,S,0,0,1,3,4609.026,7.754,0.03,1.00,-193.86,S-BRK,9.85,0.41,25.0,19.9,0.94,0.01,19.6,0.031,SL-LOSS
2026.05.15 03:45,S,0,0,1,3,4615.642,7.124,8.31,0.87,841.31,S-BRK,9.95,0.44,26.4,8.8,0.99,0.01,19.6,0.033,SL-WIN
2026.05.15 06:40,S,0,0,1,3,4567.833,9.204,0.37,1.01,-193.28,S-BRK,9.05,0.51,27.8,9.7,2.06,-0.00,19.6,0.025,SL-LOSS
2026.05.15 07:50,S,0,0,1,3,4570.382,8.260,4.62,0.31,397.32,S-BRK,6.90,0.56,25.3,19.1,2.82,-0.00,19.6,0.029,SL-WIN
2026.05.15 14:00,S,0,0,1,1,4533.640,11.529,0.02,1.00,-195.99,S-BRK,3.37,0.08,28.3,11.9,2.28,0.00,19.6,0.020,SL-LOSS
2026.05.18 00:35,S,0,0,1,2,4490.531,10.818,0.93,0.31,34.50,S-BRK,1.93,0.74,50.7,26.5,0.55,-0.96,19.6,0.021,SL-WIN
2026.05.18 00:45,S,0,0,1,2,4494.137,12.147,0.62,1.01,-194.35,S-BRK,3.04,0.65,56.7,25.6,0.15,-0.96,19.6,0.019,SL-LOSS
2026.05.18 22:05,L,0,0,1,2,4572.069,5.284,3.27,0.31,266.77,L-BRK,2.42,0.07,44.5,26.9,3.44,0.30,19.6,0.047,SL-WIN
2026.05.19 14:20,S,0,0,1,1,4486.754,14.404,0.15,1.00,-187.25,S-BRK,2.98,0.23,32.4,13.2,2.53,0.02,19.6,0.016,SL-LOSS
2026.05.19 17:45,S,0,0,1,1,4500.954,6.011,1.26,0.51,34.96,S-BRK,6.06,0.56,22.5,10.5,7.82,0.02,19.6,0.039,SL-WIN
2026.05.19 18:45,S,0,0,1,1,4499.195,4.804,4.50,0.15,447.68,S-BRK,7.57,0.22,33.3,8.1,8.21,0.02,19.6,0.048,SL-WIN
2026.05.20 00:05,S,0,0,1,2,4483.974,5.507,0.39,1.01,-198.26,S-BRK,9.39,0.41,34.8,10.9,5.06,-0.09,19.6,0.043,SL-LOSS
2026.05.20 01:05,S,0,0,1,2,4494.967,8.009,4.82,0.69,392.17,S-BRK,1.81,0.42,25.0,8.4,4.44,-0.75,19.6,0.029,SL-WIN
2026.05.20 02:55,S,0,0,1,2,4465.149,9.866,1.17,0.27,37.59,S-BRK,3.97,0.23,22.4,11.2,0.89,-0.43,19.6,0.024,SL-WIN
2026.05.20 04:45,S,0,0,1,3,4460.005,6.570,0.08,1.00,-190.52,S-BRK,5.55,0.14,22.4,13.7,1.76,-0.34,19.6,0.035,SL-LOSS
2026.05.20 09:30,S,0,0,1,3,4482.122,6.897,0.25,1.03,-200.01,S-BRK,1.23,0.77,24.5,8.8,3.81,0.09,19.6,0.034,SL-LOSS
2026.05.20 14:50,L,0,0,1,1,4529.610,11.054,2.11,0.57,39.43,L-BRK,1.24,0.13,26.9,10.6,5.12,1.00,19.6,0.022,SL-WIN
2026.05.20 18:40,L,0,0,1,1,4537.211,5.246,2.54,0.08,174.47,L-BRK,4.42,0.81,28.1,14.4,3.83,-0.18,19.6,0.045,SL-WIN
2026.05.20 22:45,L,0,0,1,2,4541.383,4.105,0.48,1.00,-201.17,L-BRK,9.92,0.15,23.0,8.4,3.32,-0.21,19.6,0.059,SL-LOSS
2026.05.20 23:55,L,0,0,1,2,4546.624,4.315,0.55,1.00,-207.13,L-BRK,10.12,0.25,22.3,11.7,2.40,-0.21,19.6,0.058,SL-LOSS
2026.05.21 00:15,L,0,0,1,2,4545.967,5.537,0.06,1.03,-199.35,L-BRK,9.11,0.13,22.2,12.7,2.32,-0.21,19.6,0.044,SL-LOSS
2026.05.21 00:20,L,0,0,1,2,4541.612,5.876,1.22,0.76,35.90,L-BRK,7.93,0.06,23.6,9.7,1.71,-0.21,19.6,0.042,SL-WIN
2026.05.21 04:25,L,0,0,1,3,4540.048,5.161,0.07,1.01,-196.12,L-BRK,3.03,0.67,29.1,17.5,8.15,-0.02,19.6,0.047,SL-LOSS
2026.05.21 04:40,L,0,0,1,3,4537.561,5.268,0.55,1.01,-210.74,L-BRK,2.32,0.09,27.9,9.2,8.19,-0.16,19.6,0.049,SL-LOSS
2026.05.21 17:50,L,0,0,1,1,4556.751,8.221,0.32,1.00,-189.07,L-BRK,1.21,0.55,66.0,38.4,2.68,1.00,19.6,0.030,SL-LOSS
2026.05.22 14:15,S,0,0,1,1,4498.037,9.170,0.69,1.01,-192.57,S-BRK,0.94,0.63,40.5,20.2,1.29,-0.39,19.6,0.026,SL-LOSS
2026.05.24 22:05,L,0,0,1,2,4554.498,7.434,3.44,0.77,296.16,L-BRK,2.59,0.57,23.9,23.9,1.46,-0.00,25.2,0.042,SL-WIN
2026.05.25 00:35,L,0,0,1,2,4574.938,5.715,0.86,0.74,36.34,L-BRK,8.29,0.42,30.4,8.7,1.35,0.03,19.6,0.042,SL-WIN
2026.05.25 00:50,L,0,0,1,2,4573.480,6.078,0.16,1.00,-188.42,L-BRK,8.62,0.61,28.7,8.3,0.65,0.03,19.6,0.039,SL-LOSS
2026.05.25 01:25,L,0,0,1,2,4573.814,7.525,0.15,1.04,-195.65,L-BRK,6.37,0.69,23.4,10.9,1.53,0.03,19.6,0.033,SL-LOSS
2026.05.25 04:25,L,0,0,1,3,4565.185,4.147,0.06,1.01,-190.77,L-BRK,7.53,0.79,22.7,20.8,4.72,0.02,19.6,0.060,SL-LOSS
2026.05.25 04:30,L,0,0,1,3,4560.964,4.341,1.21,0.35,33.98,L-BRK,7.97,0.48,22.3,8.5,4.58,0.02,19.6,0.057,SL-WIN
2026.05.25 06:45,L,0,0,1,3,4557.805,4.127,1.70,0.36,32.00,L-BRK,1.72,0.28,25.6,10.8,7.38,0.22,19.6,0.060,SL-WIN
2026.05.25 07:30,L,0,0,1,3,4559.131,4.686,1.32,0.38,37.04,L-BRK,1.09,0.35,26.6,10.2,6.91,0.22,19.6,0.049,SL-WIN
2026.05.25 14:15,L,0,0,1,1,4568.504,4.355,1.14,0.83,33.89,L-BRK,2.25,0.62,24.0,13.5,3.47,-0.22,19.6,0.056,SL-WIN
2026.05.25 15:15,L,0,0,1,1,4570.431,3.966,1.07,0.11,36.50,L-BRK,2.29,0.46,23.8,11.6,2.89,-0.22,19.6,0.058,SL-WIN
2026.05.25 15:30,L,0,0,1,1,4571.306,4.310,0.00,1.04,-193.94,L-BRK,3.18,0.12,32.6,14.1,2.05,-0.22,19.6,0.058,SL-LOSS
2026.05.25 15:45,L,0,0,1,1,4570.485,3.810,2.02,0.68,58.06,L-BRK,2.06,0.19,24.9,8.1,3.23,-0.22,19.6,0.060,SL-WIN
2026.05.26 08:25,S,0,0,1,3,4522.392,5.789,1.75,0.89,33.11,S-BRK,1.60,0.55,24.3,20.9,5.09,-0.56,19.6,0.041,SL-WIN
2026.05.26 14:10,S,0,0,1,1,4510.783,8.282,0.25,1.02,-190.50,S-BRK,2.17,0.30,24.1,10.9,2.26,0.71,19.6,0.029,SL-LOSS
2026.05.26 14:55,S,0,0,1,1,4515.271,6.783,2.27,0.08,109.59,S-BRK,1.92,0.80,24.0,12.5,2.62,0.12,19.6,0.034,SL-WIN
2026.05.26 16:45,S,0,0,1,1,4503.551,5.136,4.08,0.83,295.75,S-BRK,4.05,0.57,24.7,9.6,1.63,-0.11,19.6,0.046,SL-WIN
2026.05.27 05:45,S,0,0,1,3,4498.089,6.056,3.65,0.73,259.50,S-BRK,0.99,0.69,31.2,16.3,2.28,0.02,19.6,0.038,SL-WIN
2026.05.27 10:20,S,0,0,1,3,4479.924,4.948,9.76,0.07,1477.78,S-BRK,4.11,0.83,25.1,24.6,1.01,0.09,19.6,0.049,TP
2026.05.27 14:55,S,0,0,1,1,4434.069,11.056,0.53,1.00,-199.02,S-BRK,4.11,0.38,28.1,13.9,4.07,-0.00,19.6,0.021,SL-LOSS
2026.05.28 01:15,S,0,0,1,2,4433.659,6.919,9.71,0.24,1206.41,S-BRK,1.15,0.74,31.1,13.0,6.62,-0.34,19.6,0.034,SL-WIN
2026.05.28 16:55,L,0,0,1,1,4511.036,8.021,0.45,1.11,-216.58,L-BRK,0.85,0.53,67.0,27.4,1.38,1.00,19.6,0.030,SL-LOSS
2026.05.28 17:10,L,0,0,1,1,4504.327,8.036,1.53,0.43,34.81,L-BRK,1.20,0.09,59.8,9.5,1.21,0.13,25.2,0.039,SL-WIN
2026.05.29 00:15,L,0,0,1,2,4499.213,4.003,0.38,1.00,-208.16,L-BRK,4.76,0.57,22.7,13.3,5.67,0.48,19.6,0.058,SL-LOSS
2026.05.29 01:10,L,0,0,1,2,4515.259,6.221,0.90,0.14,36.57,L-BRK,9.09,0.74,23.4,22.2,1.72,0.28,19.6,0.041,SL-WIN
2026.05.29 01:20,L,0,0,1,2,4513.092,6.300,0.07,1.02,-214.22,L-BRK,10.99,0.55,32.6,23.6,0.46,0.28,19.6,0.038,SL-LOSS
2026.05.29 01:25,L,0,0,1,2,4505.445,6.574,0.88,0.68,36.62,L-BRK,9.49,0.75,30.5,8.3,1.54,0.28,19.6,0.037,SL-WIN
2026.05.29 04:00,L,0,0,1,3,4502.895,4.793,2.63,0.27,164.29,L-BRK,4.44,0.56,28.0,8.9,5.34,0.22,19.6,0.053,SL-WIN
2026.05.29 06:00,L,0,0,1,3,4519.070,5.589,0.21,1.03,-212.37,L-BRK,7.99,0.02,24.5,11.3,1.83,0.02,19.6,0.043,SL-LOSS
2026.05.29 09:10,L,0,0,1,3,4529.230,5.850,0.07,1.01,-216.43,L-BRK,5.85,0.76,32.7,17.3,1.53,0.00,19.6,0.042,SL-LOSS
2026.05.29 09:25,L,0,0,1,3,4529.190,6.133,1.74,0.73,39.40,L-BRK,5.11,0.82,28.6,8.0,2.06,0.00,19.6,0.039,SL-WIN
2026.05.29 14:05,L,0,0,1,1,4551.105,8.241,0.21,1.00,-206.01,L-BRK,5.71,0.78,47.0,27.9,0.69,0.00,19.6,0.029,SL-LOSS
2026.05.29 14:50,L,0,0,1,1,4557.246,10.969,3.46,0.13,194.85,L-BRK,3.33,0.23,26.5,14.3,4.07,0.00,19.6,0.022,SL-WIN
