entryTimeUTC,dir,kind,entry,riskPrice,exitPrice,realizedUsd,mfeR,maeR,exitTag
2024.01.04 02:11,L,E5,2043.219,1.664,2045.569,32.46,1.39,0.35,TP
2024.01.04 06:09,L,E5,2044.845,1.365,2046.535,25.35,1.18,0.38,TP
2024.01.04 12:00,S,E5,2045.173,2.671,2044.952,3.32,0.65,0.21,EA
2024.01.08 01:51,S,E5,2043.631,1.722,2040.722,37.82,1.66,0.35,TP
2024.01.08 07:11,S,E5,2031.875,2.465,2031.750,1.13,1.29,0.57,SL-WIN
2024.01.09 12:02,S,E5,2034.227,1.152,2034.497,-4.05,0.00,0.58,EA
2024.01.10 01:20,S,E5,2027.876,2.324,2030.206,-34.95,0.00,0.98,SL-LOSS
2024.01.10 01:52,L,E5,2031.718,2.056,2031.682,-0.54,0.56,0.66,EA
2024.01.10 12:51,S,E5,2032.209,2.256,2033.051,-12.63,0.83,0.87,EA
2024.01.16 08:16,S,E5,2048.446,1.074,2048.237,3.13,0.36,0.64,EA
2024.01.17 09:16,S,E5,2019.978,2.438,2022.420,-36.63,0.20,0.99,SL-LOSS
2024.01.18 03:09,S,E5,2006.718,2.672,2008.104,-20.79,0.04,0.97,EA
2024.01.18 05:26,S,E5,2007.059,1.370,2008.435,-20.64,0.60,1.00,SL-LOSS
2024.01.19 14:47,S,E5,2026.593,6.431,2029.839,-48.69,0.02,0.52,EA
2024.01.22 01:09,L,E5,2030.949,3.157,2028.625,-34.86,0.37,0.71,EA
2024.01.22 03:25,S,E5,2026.837,2.397,2027.098,-3.91,0.31,0.41,EA
2024.01.22 14:02,S,E5,2022.332,3.029,2022.207,1.87,1.88,0.59,SL-WIN
2024.01.25 01:42,L,E5,2016.967,1.910,2016.059,-13.62,0.19,0.62,EA
2024.01.25 05:26,L,E5,2016.380,0.733,2015.618,-11.43,0.00,0.99,SL-LOSS
2024.01.26 14:46,S,E5,2019.566,3.142,2020.380,-12.21,0.12,0.43,EA
2024.01.31 06:09,L,E5,2035.503,1.548,2034.405,-16.47,0.03,0.95,EA
2024.02.01 00:41,L,E5,2041.954,1.951,2040.847,-16.60,0.35,0.55,EA
2024.02.01 13:28,S,E5,2031.453,3.073,2034.687,-48.51,0.09,0.99,SL-LOSS
2024.02.02 01:21,S,E5,2053.644,1.878,2055.554,-28.65,0.15,1.00,SL-LOSS
2024.02.02 07:16,L,E5,2055.844,0.878,2056.548,10.80,1.23,0.21,SL-WIN
2024.02.02 12:13,L,E5,2056.117,1.424,2055.637,-7.20,0.00,0.43,EA
2024.02.06 12:47,L,E5,2027.321,1.969,2026.911,-6.15,0.15,0.19,EA
2024.02.07 05:03,L,E5,2035.583,0.890,2035.262,-4.82,0.00,0.40,EA
2024.02.07 08:28,S,E5,2032.580,2.043,2032.581,-0.02,0.59,0.23,SL-LOSS
2024.02.07 13:38,L,E5,2035.808,2.570,2033.231,-38.65,0.87,0.99,SL-LOSS
2024.02.09 07:04,L,E5,2034.740,1.641,2033.077,-24.94,0.17,1.00,SL-LOSS
2024.02.12 05:59,L,E5,2023.922,0.763,2023.658,-3.96,0.00,0.49,EA
2024.02.12 09:22,S,E5,2023.119,1.537,2020.796,31.38,1.48,0.21,TP
2024.02.14 01:15,S,E5,1991.087,1.513,1989.817,22.50,1.35,0.09,SL-WIN
2024.02.14 13:20,S,E5,1989.897,1.459,1991.386,-22.33,0.39,1.00,SL-LOSS
2024.02.15 06:13,L,E5,1992.857,0.937,1992.611,-3.69,0.00,0.27,EA
2024.02.16 00:00,S,E5,2003.208,1.606,2004.322,-16.71,0.44,0.68,EA
2024.02.19 13:45,S,E5,2017.529,1.125,2017.525,0.06,1.22,0.29,SL-WIN
2024.02.20 01:37,L,E5,2018.911,2.690,2017.282,-24.44,0.00,0.84,EA
2024.02.20 13:10,L,E5,2027.621,1.872,2027.719,1.47,1.38,0.47,SL-WIN
2024.02.21 07:41,S,E5,2028.858,1.274,2026.731,27.77,1.65,0.53,TP
2024.02.21 12:18,L,E5,2029.694,1.501,2029.807,1.70,0.20,0.21,EA
2024.02.26 13:42,L,E5,2034.057,1.455,2033.634,-6.35,0.18,0.26,EA
2024.02.26 14:20,S,E5,2029.410,3.414,2027.716,25.41,1.06,0.19,EA
2024.02.27 01:04,L,E5,2031.909,0.855,2031.804,-1.58,0.00,0.50,EA
2024.02.27 12:00,L,E5,2038.345,2.114,2037.739,-9.09,0.38,0.39,EA
2024.02.28 03:26,S,E5,2030.699,0.936,2031.658,-14.38,0.00,0.98,SL-LOSS
2024.02.28 06:17,L,E5,2031.688,0.973,2031.349,-5.08,0.00,0.70,EA
2024.02.29 00:05,L,E5,2034.925,1.118,2034.876,-0.74,0.56,0.85,EA
2024.03.01 06:15,L,E5,2046.536,1.464,2046.614,1.17,1.10,0.10,SL-WIN
2024.03.01 08:16,S,E5,2043.427,2.999,2040.873,46.77,1.26,0.11,SL-WIN
2024.03.01 14:53,S,E5,2046.526,6.126,2046.865,-5.09,0.13,0.09,EA
2024.03.05 08:14,L,E5,2118.772,3.185,2121.835,55.09,1.45,0.20,SL-WIN
2024.03.06 08:53,S,E5,2125.671,1.972,2126.966,-11.65,0.45,0.64,EA
2024.03.08 13:17,S,E5,2164.683,2.484,2167.191,-37.62,0.09,0.99,SL-LOSS
2024.03.11 05:02,L,E5,2180.868,1.129,2180.866,-0.03,0.69,0.35,EA
2024.03.11 05:51,S,E5,2177.218,3.097,2178.853,-24.53,0.08,0.73,EA
2024.03.12 09:02,L,E5,2178.593,1.941,2177.628,-14.48,0.26,0.98,EA
2024.03.13 02:17,L,E5,2159.522,1.466,2160.949,23.68,1.38,0.16,SL-WIN
2024.03.13 13:48,L,E5,2167.704,4.420,2164.321,-50.74,0.03,0.80,EA
2024.03.18 01:12,S,E5,2153.572,2.511,2153.452,1.80,1.32,0.20,SL-WIN
2024.03.18 07:28,L,E5,2150.577,2.740,2153.169,48.15,1.40,0.55,SL-WIN
2024.03.19 13:52,S,E5,2151.498,3.824,2154.709,-48.17,0.78,0.83,EA
2024.03.20 01:25,L,E5,2159.813,2.867,2157.786,-30.41,0.06,0.69,EA
2024.03.20 05:06,S,E5,2157.099,1.694,2157.819,-10.80,0.26,0.63,EA
2024.03.20 08:09,S,E5,2155.820,2.186,2156.286,-6.99,0.57,0.57,EA
2024.03.20 12:11,S,E5,2153.003,1.738,2153.336,-4.99,0.00,0.38,EA
2024.03.21 08:39,S,E5,2202.235,3.696,2202.071,2.46,1.41,0.16,SL-WIN
2024.03.22 00:16,L,E5,2183.225,1.998,2186.049,39.95,1.40,0.34,TP
2024.03.25 06:26,S,E5,2167.327,2.827,2167.180,2.21,1.33,0.09,SL-WIN
2024.03.25 08:49,S,E5,2165.177,2.252,2166.001,-7.42,0.53,0.47,EA
2024.03.27 00:00,L,E5,2179.625,1.647,2178.410,-18.23,0.34,0.81,EA
2024.03.28 00:01,S,E5,2190.301,1.980,2188.467,32.77,1.42,0.07,SL-WIN
2024.03.28 02:30,L,E5,2194.111,3.973,2195.517,21.09,0.71,0.20,EA
2024.04.01 05:45,L,E5,2261.090,2.562,2261.208,1.77,0.91,0.24,SL-WIN
2024.04.02 02:51,L,E5,2251.728,2.642,2253.933,25.20,1.26,0.13,SL-WIN
2024.04.02 12:13,S,E5,2256.644,3.143,2256.826,-2.73,0.79,0.46,EA
2024.04.02 13:47,L,E5,2264.362,6.057,2275.616,157.40,1.85,0.30,TP
2024.04.03 09:29,S,E5,2270.141,5.026,2274.634,-67.39,0.08,0.88,EA
2024.04.05 00:00,S,E5,2288.739,2.178,2285.745,44.91,1.36,0.78,TP
2024.04.05 07:06,L,E5,2282.252,3.460,2287.040,71.82,1.38,0.07,TP
2024.04.05 13:26,L,E5,2295.446,4.994,2295.024,-6.33,0.14,0.50,EA
2024.04.08 00:13,S,E5,2310.308,12.548,2306.442,40.99,0.58,0.02,SL-WIN
2024.04.09 05:07,L,E5,2346.100,2.733,2343.317,-41.74,0.68,1.00,SL-LOSS
2024.04.09 07:13,L,E5,2347.764,2.943,2352.284,67.80,1.52,0.02,TP
2024.04.11 06:05,S,E5,2339.431,3.099,2336.237,54.63,1.58,0.14,SL-WIN
2024.04.15 13:41,S,E5,2349.109,6.091,2348.821,4.32,0.96,0.05,SL-WIN
2024.04.16 05:06,L,E5,2387.529,2.442,2385.064,-22.18,0.63,0.99,SL-LOSS
2024.04.16 14:25,S,E5,2367.818,4.705,2369.330,-22.68,0.42,0.51,EA
2024.04.17 12:16,S,E5,2385.684,2.404,2384.556,16.92,0.48,0.65,EA
2024.04.18 08:08,L,E5,2378.965,2.231,2380.118,17.29,0.68,0.38,EA
2024.04.23 06:21,S,E5,2304.007,4.844,2303.754,3.80,1.03,0.22,SL-WIN
2024.04.24 00:43,S,E5,2321.775,1.401,2322.248,-7.09,0.09,0.51,EA
2024.04.24 05:34,L,E5,2327.855,2.974,2328.008,2.29,1.18,0.23,SL-WIN
2024.04.29 00:19,S,E5,2335.211,1.271,2335.590,-5.68,0.20,0.56,EA
2024.05.02 02:55,S,E5,2320.132,2.700,2320.002,1.95,1.00,0.45,SL-WIN
2024.05.03 01:17,L,E5,2304.734,1.586,2303.137,-23.95,0.23,0.99,SL-LOSS
2024.05.06 12:14,S,E5,2315.358,3.836,2317.039,-25.22,0.00,0.67,EA
2024.05.07 00:02,L,E5,2326.174,1.263,2327.657,22.25,1.14,0.52,TP
2024.05.08 00:01,L,E5,2315.730,1.047,2314.954,-11.64,0.56,0.71,EA
2024.05.09 00:10,S,E5,2308.256,1.523,2309.824,-23.52,0.22,1.00,SL-LOSS
2024.05.10 00:19,L,E5,2347.914,3.008,2352.146,63.48,1.40,0.33,TP
2024.05.10 12:12,L,E5,2374.708,2.542,2372.146,-38.43,0.00,0.99,SL-LOSS
2024.05.10 13:35,S,E5,2366.405,3.358,2365.381,15.36,0.79,0.59,EA
2024.05.10 14:23,S,E5,2363.111,5.783,2362.496,9.23,0.16,0.17,EA
2024.05.13 01:19,S,E5,2359.455,3.086,2359.288,2.51,1.46,0.15,SL-WIN
2024.05.14 00:53,S,E5,2336.158,1.724,2337.937,-16.01,0.10,0.99,SL-LOSS
2024.05.14 01:20,L,E5,2340.943,3.414,2338.923,-30.30,0.03,0.93,EA
2024.05.16 05:00,L,E5,2391.439,1.642,2393.585,32.19,1.28,0.51,TP
2024.05.17 01:17,S,E5,2376.758,1.878,2377.670,-13.68,0.28,0.65,EA
2024.05.21 01:15,L,E5,2429.364,2.088,2429.466,1.53,1.05,0.13,SL-WIN
2024.05.21 02:09,S,E5,2421.798,5.481,2417.022,84.60,1.44,0.19,SL-WIN
2024.05.21 07:44,L,E5,2421.118,5.981,2415.792,-79.89,0.18,0.99,EA
2024.05.22 02:56,S,E5,2418.205,4.147,2414.604,67.68,1.33,0.35,SL-WIN
2024.05.27 13:20,L,E5,2350.450,4.945,2355.859,96.51,1.63,0.32,SL-WIN
2024.05.28 03:00,L,E5,2354.293,1.360,2352.919,-20.61,0.19,0.98,SL-LOSS
2024.05.28 12:00,L,E5,2347.500,2.624,2352.638,72.97,1.95,0.61,TP
2024.05.30 01:41,S,E5,2335.996,1.692,2333.569,36.40,1.39,0.07,TP
2024.05.31 07:49,S,E5,2341.159,2.684,2341.171,-0.18,0.49,0.47,EA
2024.06.04 13:11,L,E5,2334.041,2.634,2336.618,29.80,1.49,0.37,SL-WIN
2024.06.06 06:29,S,E5,2364.968,3.063,2368.056,-46.32,0.55,1.00,SL-LOSS
2024.06.06 13:49,L,E5,2363.793,3.835,2359.933,-57.90,0.00,0.98,SL-LOSS
2024.06.12 02:46,S,E5,2312.506,1.557,2314.089,-23.75,0.00,1.00,SL-LOSS
2024.06.13 00:00,S,E5,2320.607,2.267,2320.511,1.44,1.27,0.15,SL-WIN
2024.06.13 02:39,S,E5,2311.627,5.283,2314.265,-39.57,0.13,0.69,EA
2024.06.14 07:31,L,E5,2311.423,2.303,2311.801,5.67,0.54,0.15,EA
2024.06.17 07:45,S,E5,2316.214,3.651,2318.027,-27.20,0.15,0.90,EA
2024.06.17 13:16,L,E5,2324.076,4.257,2319.799,-64.15,0.53,1.00,SL-LOSS
2024.06.19 12:09,L,E5,2331.584,2.385,2330.673,-13.66,0.00,0.90,EA
2024.06.19 13:04,S,E5,2327.702,1.494,2328.679,-14.66,0.00,0.89,EA
2024.06.20 00:32,S,E5,2328.574,0.990,2329.242,-10.02,0.61,0.95,EA
2024.06.20 01:17,L,E5,2333.594,4.108,2336.968,63.97,1.32,0.66,SL-WIN
2024.06.26 00:00,L,E5,2320.142,0.576,2319.565,-8.65,0.64,0.92,SL-LOSS
2024.06.27 01:48,S,E5,2297.213,1.770,2298.986,-26.59,0.00,0.99,SL-LOSS
2024.06.27 02:52,L,E5,2299.794,1.386,2299.000,-11.91,0.21,0.75,EA
2024.06.28 00:35,S,E5,2325.463,1.518,2323.251,30.80,1.42,0.12,TP
2024.06.28 05:43,L,E5,2324.914,3.080,2326.932,30.27,1.10,0.22,EA
2024.07.01 08:17,S,E5,2322.371,2.422,2324.819,-36.72,0.04,0.98,SL-LOSS
2024.07.02 00:16,L,E5,2333.250,1.645,2332.574,-10.14,0.00,0.84,EA
2024.07.02 03:10,S,E5,2330.218,2.459,2326.660,46.42,1.44,0.10,TP
2024.07.02 07:16,S,E5,2326.163,3.302,2329.476,-49.69,0.83,0.99,SL-LOSS
2024.07.02 13:13,L,E5,2327.983,3.276,2333.278,79.42,1.60,0.57,TP
2024.07.03 12:14,L,E5,2346.545,1.712,2349.473,43.92,1.86,0.78,EA
2024.07.04 05:05,S,E5,2358.294,0.874,2356.856,21.57,1.60,0.32,TP
2024.07.08 12:48,S,E5,2371.819,2.641,2374.461,-39.63,0.00,0.97,SL-LOSS
2024.07.12 05:21,S,E5,2407.669,1.779,2407.591,1.17,1.19,0.62,SL-WIN
2024.07.12 12:46,S,E5,2393.592,8.146,2401.768,-98.12,0.01,1.00,SL-LOSS
2024.07.15 08:40,L,E5,2411.014,4.141,2409.155,-27.88,0.38,0.79,EA
2024.07.16 00:12,S,E5,2421.096,0.951,2422.053,-14.36,0.00,0.99,SL-LOSS
2024.07.16 01:15,L,E5,2424.870,3.261,2427.692,53.12,1.32,0.39,SL-WIN
2024.07.16 13:49,L,E5,2446.767,8.486,2453.433,80.00,0.81,0.73,EA
2024.07.22 06:20,S,E5,2401.703,3.644,2403.149,-21.69,0.25,0.55,EA
2024.07.25 06:52,S,E5,2371.512,4.149,2367.973,65.49,1.35,0.29,SL-WIN
2024.07.26 00:00,L,E5,2363.995,1.352,2364.003,0.12,1.01,0.13,SL-WIN
2024.07.26 05:46,L,E5,2373.587,2.520,2371.047,-38.10,0.59,1.00,SL-LOSS
2024.07.30 13:26,L,E5,2393.741,5.024,2388.711,-75.45,0.80,0.97,SL-LOSS
2024.07.31 01:50,L,E5,2410.947,2.839,2408.098,-42.74,0.01,0.99,SL-LOSS
2024.08.05 05:57,S,E5,2436.343,9.445,2433.509,37.67,0.68,0.33,SL-WIN
2024.08.06 00:00,S,E5,2404.899,3.619,2408.545,-54.69,0.07,1.00,SL-LOSS
2024.08.06 12:46,S,E5,2395.447,13.893,2395.030,2.92,0.47,0.30,EA
2024.08.07 08:01,S,E5,2389.070,2.798,2391.311,-33.62,0.14,0.84,EA
2024.08.08 00:43,L,E5,2387.106,1.969,2385.133,-29.59,0.03,0.99,SL-LOSS
2024.08.08 05:34,L,E5,2394.310,2.089,2393.442,-13.02,0.26,0.43,EA
2024.08.08 06:15,L,E5,2394.851,2.119,2393.714,-17.06,0.11,0.61,EA
2024.08.08 13:38,L,E5,2412.298,5.519,2417.399,96.26,1.54,0.57,SL-WIN
2024.08.09 01:54,L,E5,2426.261,2.420,2426.366,1.57,1.15,0.83,SL-WIN
2024.08.14 02:16,S,E5,2461.953,4.533,2461.707,3.69,1.44,0.20,SL-WIN
2024.08.16 01:24,L,E5,2459.452,2.337,2458.787,-5.99,0.00,0.42,EA
2024.08.19 00:00,L,E5,2506.585,2.279,2504.298,-34.31,0.10,0.99,SL-LOSS
2024.08.19 03:26,L,E5,2503.013,1.674,2502.714,-4.49,0.76,0.84,EA
2024.08.20 12:48,L,E5,2526.332,3.516,2522.797,-53.02,0.81,0.99,SL-LOSS
2024.08.20 13:49,L,E5,2527.831,3.552,2524.263,-53.52,0.94,1.00,SL-LOSS
2024.08.21 00:11,S,E5,2513.343,1.364,2514.744,-21.01,0.26,1.00,SL-LOSS
2024.08.21 13:28,S,E5,2507.309,2.600,2502.754,68.33,1.73,0.04,TP
2024.08.22 00:54,L,E5,2513.911,1.329,2513.689,-3.33,0.16,0.77,EA
2024.08.22 01:44,S,E5,2508.802,3.780,2502.742,87.30,1.60,0.25,TP
2024.08.22 05:50,S,E5,2502.147,1.110,2503.291,-17.16,0.00,1.00,SL-LOSS
2024.08.22 06:48,L,E5,2507.238,2.830,2504.874,-35.46,0.79,0.83,EA
2024.08.26 13:53,S,E5,2518.386,5.734,2518.087,4.48,1.33,0.09,SL-WIN
2024.08.28 08:12,S,E5,2506.126,3.606,2507.447,-19.82,0.01,0.68,EA
2024.08.28 12:00,S,E5,2501.469,4.638,2498.534,44.03,0.84,0.07,EA
2024.09.02 01:45,S,E5,2497.813,5.399,2492.633,95.33,1.43,0.27,SL-WIN
2024.09.02 06:11,L,E5,2498.805,2.314,2498.919,1.71,1.16,0.53,SL-WIN
2024.09.04 05:38,L,E5,2496.064,1.296,2494.763,-19.51,0.05,0.98,SL-LOSS
2024.09.05 01:15,L,E5,2496.142,0.944,2497.363,18.32,1.27,0.46,TP
2024.09.06 00:01,L,E5,2517.657,1.493,2516.151,-22.59,0.01,0.99,SL-LOSS
2024.09.06 12:01,S,E5,2515.728,2.588,2515.610,1.77,1.32,0.14,SL-WIN
2024.09.09 00:05,L,E5,2498.006,1.621,2496.627,-20.68,0.14,0.80,EA
2024.09.10 06:03,L,E5,2504.583,1.831,2504.675,1.38,1.10,0.06,SL-WIN
2024.09.10 14:28,S,E5,2502.836,5.364,2504.835,-29.99,0.34,0.76,EA
2024.09.12 00:00,S,E5,2511.848,1.104,2511.472,5.64,0.59,0.60,EA
2024.09.12 02:56,S,E5,2511.495,1.684,2513.200,-25.57,0.02,1.00,SL-LOSS
2024.09.16 13:33,L,E5,2585.122,2.663,2582.441,-40.21,0.46,1.00,SL-LOSS
2024.09.17 00:08,L,E5,2584.315,1.641,2583.266,-15.74,0.01,0.92,EA
2024.09.17 13:40,S,E5,2573.888,2.882,2576.774,-43.29,0.23,0.99,SL-LOSS
2024.09.18 05:00,S,E5,2568.626,4.675,2569.129,-7.55,0.59,0.33,EA
2024.09.18 12:03,L,E5,2578.670,4.175,2577.479,-17.86,0.06,0.65,EA
2024.09.18 13:57,S,E5,2569.106,6.347,2570.531,-21.38,0.16,0.91,EA
2024.09.20 00:14,S,E5,2586.628,0.919,2587.565,-14.06,0.00,0.98,SL-LOSS
2024.09.23 05:47,L,E5,2631.005,3.620,2628.899,-31.59,0.07,0.89,EA
2024.09.24 02:57,L,E5,2628.497,1.121,2630.071,23.61,1.38,0.11,TP
2024.09.26 00:04,S,E5,2657.141,1.628,2657.071,1.05,1.06,0.13,SL-WIN
2024.09.26 01:11,L,E5,2659.580,1.419,2658.150,-21.45,0.95,0.96,SL-LOSS
2024.09.26 03:19,L,E5,2661.128,2.300,2661.830,10.53,0.80,0.36,EA
2024.09.26 13:21,S,E5,2662.023,12.355,2662.045,-0.18,0.58,0.62,EA
2024.09.27 12:46,L,E5,2672.402,6.697,2669.403,-41.99,0.28,0.90,EA
2024.09.30 13:42,S,E5,2637.080,3.986,2632.571,81.64,1.64,0.29,SL-WIN
2024.10.01 00:01,L,E5,2635.671,1.681,2633.987,-25.26,0.66,0.98,SL-LOSS
2024.10.01 13:33,L,E5,2656.015,5.233,2665.096,136.21,1.72,0.00,TP
2024.10.02 03:24,L,E5,2660.623,0.875,2659.733,-13.35,0.00,0.98,SL-LOSS
2024.10.03 01:12,S,E5,2657.303,1.829,2657.218,1.28,1.19,0.97,SL-WIN
2024.10.03 07:19,S,E5,2651.406,3.821,2645.012,95.91,1.66,0.19,TP
2024.10.04 12:14,S,E5,2656.753,3.058,2658.291,-23.07,0.06,0.48,EA
2024.10.08 05:18,L,E5,2643.251,1.413,2645.245,29.91,1.39,0.86,TP
2024.10.09 06:24,S,E5,2614.258,4.811,2614.013,2.20,1.04,0.59,SL-WIN
2024.10.09 13:24,S,E5,2613.744,4.332,2608.303,98.78,1.94,0.03,SL-WIN
2024.10.10 01:45,L,E5,2611.379,2.643,2609.678,-25.52,0.06,0.76,EA
2024.10.10 07:07,S,E5,2611.002,2.533,2613.554,-38.28,0.26,1.00,SL-LOSS
2024.10.11 06:20,L,E5,2646.095,2.750,2643.297,-41.97,0.40,0.99,SL-LOSS
2024.10.11 12:00,L,E5,2644.735,4.514,2648.010,49.12,0.80,0.04,EA
2024.10.14 12:00,S,E5,2652.198,5.098,2652.077,1.81,0.35,0.47,EA
2024.10.15 03:22,S,E5,2645.815,4.201,2639.177,90.31,1.57,0.51,TP
2024.10.16 14:56,S,E5,2672.861,5.482,2672.315,8.19,0.37,0.06,EA
2024.10.18 09:25,L,E5,2711.236,5.217,2712.288,15.78,0.38,0.63,EA
2024.10.21 05:43,S,E5,2726.179,3.014,2727.337,-17.37,0.83,0.68,EA
2024.10.21 12:46,L,E5,2739.302,4.855,2736.762,-38.10,0.20,0.80,EA
2024.10.21 14:43,S,E5,2726.519,9.685,2725.404,11.15,0.43,0.13,EA
2024.10.22 08:21,L,E5,2735.873,2.619,2735.652,-3.32,0.97,0.53,EA
2024.10.23 12:00,S,E5,2749.956,1.905,2746.761,42.39,1.66,0.36,TP
2024.10.24 00:00,L,E5,2721.355,3.148,2718.197,-47.37,0.00,1.00,SL-LOSS
2024.10.24 08:15,L,E5,2735.795,4.036,2737.263,22.02,0.85,0.13,EA
2024.10.25 13:32,L,E5,2729.232,3.361,2727.832,-21.00,0.01,0.53,EA
2024.10.28 00:02,S,E5,2734.954,3.490,2729.310,76.09,1.59,0.43,TP
2024.10.28 08:46,S,E5,2733.943,4.383,2731.348,38.93,1.36,0.28,EA
2024.10.29 08:17,S,E5,2750.887,2.415,2746.748,62.09,1.68,0.21,TP
2024.10.30 05:25,L,E5,2780.605,1.896,2783.410,22.96,1.46,0.13,TP
2024.10.31 00:02,S,E5,2785.288,1.697,2786.995,-25.61,0.30,0.99,SL-LOSS
2024.10.31 01:58,S,E5,2784.794,2.485,2787.314,-37.80,0.18,0.98,SL-LOSS
2024.11.01 02:44,L,E5,2749.235,2.280,2748.797,-6.57,0.00,0.27,EA
2024.11.01 13:41,L,E5,2757.961,3.736,2759.195,18.51,0.35,0.06,EA
2024.11.04 07:15,L,E5,2742.862,3.211,2739.585,-49.15,0.12,0.99,SL-LOSS
2024.11.06 01:53,L,E5,2748.448,7.086,2741.345,-99.44,0.18,1.00,SL-LOSS
2024.11.07 01:01,S,E5,2661.441,1.599,2663.042,-24.01,0.09,0.98,SL-LOSS
2024.11.07 02:36,S,E5,2653.352,3.649,2657.023,-55.07,0.16,1.00,SL-LOSS
2024.11.11 05:28,S,E5,2669.099,2.979,2672.083,-44.76,0.59,1.00,SL-LOSS
2024.11.12 00:00,L,E5,2624.168,2.766,2622.049,-31.78,0.58,0.72,EA
2024.11.13 08:17,S,E5,2603.881,2.347,2606.259,-35.67,0.39,1.00,SL-LOSS
2024.11.13 14:55,S,E5,2603.196,7.395,2602.143,13.69,0.23,0.27,EA
2024.11.15 01:18,L,E5,2570.449,3.040,2567.395,-45.81,0.08,1.00,SL-LOSS
2024.11.15 13:20,L,E5,2572.344,4.051,2565.482,-102.93,0.63,0.53,SL-LOSS
2024.11.18 05:00,L,E5,2592.360,3.575,2590.155,-33.07,0.01,0.59,EA
2024.11.19 06:49,L,E5,2624.440,2.510,2621.914,-37.89,0.88,1.00,SL-LOSS
2024.11.19 08:50,L,E5,2626.407,5.342,2631.483,94.94,1.52,0.61,SL-WIN
2024.11.20 00:07,L,E5,2635.287,2.724,2637.806,46.11,1.40,0.09,SL-WIN
2024.11.20 12:05,L,E5,2629.177,4.763,2628.334,-12.65,0.26,0.22,EA
2024.11.22 13:14,S,E5,2698.032,3.291,2691.537,91.10,1.97,0.82,TP
2024.11.25 09:14,L,E5,2673.938,3.665,2670.255,-33.14,0.35,1.00,SL-LOSS
2024.11.26 13:03,L,E5,2634.579,5.212,2634.863,4.26,1.43,0.08,SL-WIN
2024.11.28 14:52,S,E5,2643.061,2.791,2641.404,24.86,0.75,0.05,EA
2024.12.02 02:15,S,E5,2632.401,7.842,2630.283,34.67,0.54,0.01,SL-WIN
2024.12.02 06:00,S,E5,2623.194,5.397,2626.664,-52.05,0.23,0.64,EA
2024.12.02 08:08,L,E5,2629.938,1.879,2632.701,41.45,1.45,0.78,TP
2024.12.04 07:37,S,E5,2643.794,3.930,2639.742,74.50,1.49,0.10,SL-WIN
2024.12.06 06:35,L,E5,2640.241,2.570,2637.658,-38.75,0.36,0.98,SL-LOSS
2024.12.06 08:10,L,E5,2640.976,3.002,2637.969,-45.10,0.17,0.98,SL-LOSS
2024.12.06 12:11,S,E5,2637.382,0.989,2638.404,-15.33,0.01,0.95,SL-LOSS
2024.12.10 00:13,S,E5,2658.641,1.958,2660.156,-22.72,0.08,0.82,EA
2024.12.10 13:47,L,E5,2677.054,3.433,2683.461,86.68,1.86,0.05,TP
2024.12.12 08:25,L,E5,2718.263,2.606,2716.301,-29.43,0.19,0.75,EA
2024.12.16 05:22,S,E5,2651.266,1.741,2653.103,-27.56,0.51,0.98,SL-LOSS
2024.12.17 05:00,S,E5,2651.686,2.691,2654.393,-40.61,0.95,1.00,SL-LOSS
2024.12.18 00:00,L,E5,2647.501,2.096,2646.830,-10.07,0.67,0.42,EA
2024.12.18 05:51,L,E5,2648.139,1.927,2647.206,-14.00,0.00,0.78,EA
2024.12.19 06:14,S,E5,2605.121,3.261,2608.382,-48.91,0.00,1.00,SL-LOSS
2024.12.23 13:26,S,E5,2615.698,3.046,2618.753,-45.83,0.24,0.99,SL-LOSS
2024.12.24 05:00,L,E5,2620.371,2.637,2618.272,-31.49,0.40,0.79,EA
2024.12.27 12:16,L,E5,2630.171,2.759,2631.230,15.88,0.44,0.35,EA
2024.12.27 13:05,S,E5,2624.590,3.437,2621.106,64.66,1.59,0.83,SL-WIN
2024.12.30 05:00,S,E5,2622.229,2.139,2624.010,-26.71,0.20,0.80,EA
2024.12.31 00:42,L,E5,2607.347,1.258,2607.416,1.03,1.07,0.54,SL-WIN
2025.01.02 00:14,L,E5,2625.892,2.196,2629.278,50.79,1.50,0.94,TP
2025.01.03 02:22,L,E5,2661.965,3.129,2659.919,-30.69,0.00,0.76,EA
2025.01.03 05:40,S,E5,2659.204,2.575,2659.071,1.99,1.23,0.23,SL-WIN
2025.01.06 13:50,S,E5,2625.221,14.795,2634.212,-53.94,0.72,0.61,EA
2025.01.08 05:38,L,E5,2649.379,1.818,2652.167,37.52,1.49,0.26,TP
2025.01.13 09:28,S,E5,2684.379,3.128,2687.593,-48.21,0.04,1.00,SL-LOSS
2025.01.13 14:24,S,E5,2667.870,4.398,2669.122,-18.78,0.22,0.41,EA
2025.01.14 02:45,L,E5,2670.791,2.163,2670.770,-0.32,0.67,0.25,SL-LOSS
2025.01.14 06:04,S,E5,2668.025,2.536,2669.034,-15.13,0.19,0.70,EA
2025.01.16 05:19,S,E5,2695.562,1.702,2692.591,41.07,1.70,0.27,TP
2025.01.17 05:50,S,E5,2712.412,2.441,2712.765,-5.30,0.70,0.42,EA
2025.01.17 09:18,S,E5,2709.292,2.629,2706.806,45.72,1.40,0.31,SL-WIN
2025.01.17 12:46,L,E5,2711.431,3.855,2710.339,-16.38,0.10,0.35,EA
2025.01.20 13:46,S,E5,2705.672,2.892,2708.637,-44.48,0.00,1.00,SL-LOSS
2025.01.21 01:05,S,E5,2706.237,2.690,2707.586,-20.23,0.00,0.96,EA
2025.01.21 06:20,L,E5,2728.862,4.124,2724.736,-61.89,0.14,1.00,SL-LOSS
2025.01.22 08:03,S,E5,2747.989,2.772,2749.625,-24.54,0.39,0.69,EA
2025.01.23 01:26,S,E5,2754.347,1.197,2754.350,-0.04,1.16,0.59,SL-LOSS
2025.01.23 12:46,S,E5,2744.728,5.018,2738.961,106.00,1.76,0.38,SL-WIN
2025.01.28 06:19,L,E5,2742.228,0.950,2742.242,0.21,0.44,0.12,EA
2025.01.28 06:48,S,E5,2739.649,1.842,2741.496,-16.62,0.22,1.00,SL-LOSS
2025.01.29 00:42,L,E5,2763.958,1.002,2765.351,20.90,1.32,0.19,TP
2025.01.29 09:27,L,E5,2763.300,1.606,2762.588,-10.68,0.23,0.38,EA
2025.01.29 12:16,S,E5,2757.401,2.478,2757.466,-0.97,0.38,0.17,EA
2025.01.30 06:24,L,E5,2762.027,1.554,2764.464,36.55,1.54,0.82,TP
2025.02.05 13:34,S,E5,2862.612,5.842,2866.277,-54.98,0.66,0.66,EA
2025.02.06 06:35,L,E5,2870.152,1.516,2868.630,-22.83,0.00,0.98,SL-LOSS
2025.02.07 05:46,S,E5,2864.082,2.441,2861.774,42.62,1.41,0.05,SL-WIN
2025.02.10 06:05,L,E5,2881.259,5.024,2888.911,105.90,1.50,0.05,TP
2025.02.13 08:17,S,E5,2913.513,2.781,2913.390,1.85,1.41,0.77,SL-WIN
2025.02.14 05:47,L,E5,2930.600,2.863,2935.212,40.04,1.60,0.43,TP
2025.02.14 07:36,L,E5,2933.441,2.194,2933.238,-3.05,0.79,0.66,EA
2025.02.14 12:00,S,E5,2931.160,4.060,2932.132,-14.58,0.43,0.47,EA
2025.02.17 01:08,L,E5,2887.463,3.054,2892.161,66.18,1.53,0.57,TP
2025.02.17 06:14,S,E5,2893.345,5.944,2899.299,-89.31,0.84,1.00,SL-LOSS
2025.02.19 07:15,L,E5,2934.277,2.564,2934.133,-2.16,0.64,0.35,EA
2025.02.19 12:06,S,E5,2933.527,8.078,2933.507,0.24,0.14,0.33,EA
2025.02.19 14:00,S,E5,2936.249,2.601,2936.335,-1.29,0.14,0.71,EA
2025.02.20 05:07,L,E5,2942.670,2.692,2946.901,59.76,1.56,0.05,TP
2025.02.21 01:56,S,E5,2931.129,9.730,2940.066,-80.43,0.48,0.95,EA
2025.02.24 00:28,S,E5,2936.064,1.203,2935.695,5.53,0.46,0.35,EA
2025.02.25 12:46,S,E5,2924.893,12.771,2930.473,-44.64,0.05,0.57,EA
2025.02.26 12:11,L,E5,2914.567,0.887,2913.672,-13.43,0.00,0.98,SL-LOSS
2025.02.27 01:20,S,E5,2914.654,2.460,2917.119,-36.98,0.63,0.99,SL-LOSS
2025.02.27 07:04,S,E5,2893.109,5.053,2885.441,115.02,1.51,0.74,TP
2025.02.27 12:00,S,E5,2884.078,5.411,2885.670,-23.88,0.15,0.74,EA
2025.02.27 13:40,S,E5,2886.507,1.170,2883.959,38.22,2.09,0.62,TP
2025.02.27 14:46,S,E5,2880.705,7.256,2870.775,117.70,1.35,0.04,TP
2025.02.28 02:09,S,E5,2874.065,3.993,2876.595,-22.77,0.46,1.00,EA
2025.02.28 05:41,S,E5,2862.805,3.924,2866.736,-58.96,0.01,1.00,SL-LOSS
2025.02.28 12:46,S,E5,2857.610,4.334,2861.955,-65.18,0.73,1.00,SL-LOSS
2025.03.03 00:00,L,E5,2871.036,10.891,2867.776,-29.34,0.04,0.43,EA
2025.03.03 07:18,S,E5,2862.138,2.717,2862.398,-3.90,0.69,0.67,EA
2025.03.04 00:17,L,E5,2893.694,2.999,2890.688,-45.09,0.02,0.99,SL-LOSS
2025.03.04 06:28,S,E5,2887.166,2.919,2890.111,-44.18,0.91,1.00,SL-LOSS
2025.03.05 12:00,S,E5,2913.425,2.474,2915.919,-37.41,0.42,0.99,SL-LOSS
2025.03.06 01:01,S,E5,2917.519,1.258,2918.119,-9.00,0.37,0.42,EA
2025.03.06 07:33,S,E5,2915.609,4.400,2908.290,103.23,1.66,0.22,TP
2025.03.07 02:13,S,E5,2904.038,3.013,2905.729,-25.37,0.26,0.76,EA
2025.03.07 13:23,S,E5,2913.098,6.472,2920.213,-106.73,0.42,0.88,SL-LOSS
2025.03.10 01:09,L,E5,2916.488,2.559,2915.884,-9.06,0.72,0.59,EA
2025.03.10 08:07,S,E5,2909.329,2.720,2905.841,54.45,1.73,0.44,SL-WIN
2025.03.10 13:11,L,E5,2908.097,3.554,2906.649,-21.72,0.00,0.48,EA
2025.03.12 12:19,S,E5,2913.486,1.928,2913.756,-4.05,0.43,0.16,EA
2025.03.14 07:12,S,E5,2982.048,3.613,2985.667,-54.29,0.31,0.99,SL-LOSS
2025.03.17 02:43,S,E5,2988.368,1.649,2986.851,27.74,1.36,0.46,SL-WIN
2025.03.18 00:26,L,E5,3002.881,2.308,3001.570,-19.67,0.29,0.60,EA
2025.03.18 13:54,L,E5,3035.795,5.923,3029.871,-88.86,0.26,1.00,SL-LOSS
2025.03.20 06:38,S,E5,3046.550,3.187,3049.763,-48.20,0.00,1.00,SL-LOSS
2025.03.21 12:01,L,E5,3034.751,3.003,3034.891,2.10,1.10,0.10,SL-WIN
2025.03.24 00:56,S,E5,3017.861,5.474,3023.338,-82.15,0.12,1.00,SL-LOSS
2025.03.24 13:43,S,E5,3023.284,2.771,3023.152,1.98,1.44,0.08,SL-WIN
2025.03.31 01:39,L,E5,3091.476,6.036,3100.954,128.52,1.54,0.22,TP
2025.03.31 13:38,S,E5,3111.938,7.809,3101.302,113.33,1.35,0.04,TP
2025.04.02 05:00,S,E5,3116.180,9.199,3116.789,-5.48,0.80,0.34,EA
2025.04.07 05:05,L,E5,3031.973,5.211,3030.263,-25.65,0.31,0.41,EA
2025.04.08 12:00,L,E5,3017.592,8.992,3011.372,-68.42,0.21,0.75,EA
2025.04.09 00:14,S,E5,2977.600,3.626,2981.232,-54.48,0.51,0.99,SL-LOSS
2025.04.14 07:53,S,E5,3226.875,3.935,3227.673,-11.97,0.50,0.64,EA
2025.04.15 07:20,S,E5,3222.791,3.001,3218.532,59.74,1.41,0.05,TP
2025.04.22 05:45,L,E5,3488.262,12.563,3495.286,62.46,0.94,0.04,SL-WIN
2025.04.23 08:16,S,E5,3307.515,12.823,3320.368,-89.97,0.02,0.99,SL-LOSS
2025.04.24 00:00,L,E5,3316.637,11.777,3322.034,46.90,0.71,0.28,SL-WIN
2025.04.25 00:18,L,E5,3359.712,8.327,3351.362,-91.85,0.20,0.99,SL-LOSS
2025.04.25 08:06,S,E5,3304.350,6.103,3298.496,109.05,1.51,0.07,SL-WIN
2025.04.28 01:29,S,E5,3292.937,15.131,3283.969,56.35,0.90,0.06,SL-WIN
2025.04.29 09:04,S,E5,3313.795,4.151,3313.662,2.00,1.21,0.28,SL-WIN
2025.04.29 13:56,S,E5,3305.434,6.776,3309.451,-36.15,0.26,0.82,EA
2025.05.02 00:08,L,E5,3239.314,4.512,3239.556,3.63,1.11,0.48,SL-WIN
2025.05.02 01:45,S,E5,3233.864,1.852,3235.806,-29.13,0.37,1.00,SL-LOSS
2025.05.02 05:40,L,E5,3256.167,5.407,3250.713,-81.81,0.04,1.00,SL-LOSS
2025.05.02 12:46,S,E5,3255.578,5.565,3245.074,141.27,1.88,0.91,TP
2025.05.06 05:43,S,E5,3353.533,6.161,3359.702,-92.53,0.53,0.98,SL-LOSS
2025.05.06 07:39,L,E5,3377.358,12.714,3378.202,5.90,0.46,0.69,EA
2025.05.07 00:26,S,E5,3387.517,12.434,3376.319,77.58,0.90,0.06,TP
2025.05.08 12:11,L,E5,3344.585,2.107,3347.780,45.30,1.50,0.07,TP
2025.05.09 13:21,L,E5,3336.101,6.116,3329.970,-91.97,0.71,1.00,SL-LOSS
2025.05.12 00:42,S,E5,3275.556,16.094,3265.706,57.03,1.04,0.42,SL-WIN
2025.05.13 01:19,L,E5,3239.051,2.289,3236.752,-34.49,0.00,0.99,SL-LOSS
2025.05.15 00:19,L,E5,3185.434,2.972,3182.440,-44.91,0.26,1.00,SL-LOSS
2025.05.16 07:07,S,E5,3212.215,6.551,3208.181,56.57,1.02,0.90,SL-WIN
2025.05.16 12:00,S,E5,3163.173,26.262,3168.462,-21.16,0.31,0.29,EA
2025.05.20 00:17,S,E5,3219.377,6.616,3216.411,44.95,0.78,0.28,SL-WIN
2025.05.20 02:11,S,E5,3214.306,10.559,3210.446,43.29,0.70,0.29,SL-WIN
2025.05.21 02:43,L,E5,3303.844,8.790,3301.706,-19.25,0.17,0.53,EA
2025.05.23 00:16,L,E5,3301.404,4.282,3307.195,81.77,1.34,0.23,TP
2025.05.26 00:00,S,E5,3342.795,8.668,3334.480,76.21,0.93,0.41,TP
2025.05.26 06:33,S,E5,3341.078,5.840,3335.314,106.17,1.44,0.50,SL-WIN
2025.05.27 00:15,L,E5,3349.581,4.829,3344.733,-43.63,0.10,1.00,SL-LOSS
2025.05.27 05:00,S,E5,3330.977,9.494,3327.496,40.75,0.74,0.19,SL-WIN
2025.05.28 01:48,S,E5,3298.681,9.362,3308.076,-93.95,0.00,1.00,SL-LOSS
2025.05.30 01:46,S,E5,3309.817,5.591,3300.910,133.61,1.58,0.45,TP
2025.05.30 13:50,S,E5,3286.269,11.357,3276.439,82.87,1.29,0.24,SL-WIN
2025.06.02 00:06,L,E5,3312.391,7.353,3307.470,-63.97,0.35,0.66,EA
2025.06.05 00:55,L,E5,3379.462,3.446,3384.011,61.40,1.32,0.32,TP
2025.06.05 07:25,L,E5,3372.873,4.632,3371.392,-22.22,0.24,0.43,EA
2025.06.05 13:07,S,E5,3373.705,16.720,3386.125,-74.52,0.11,0.74,EA
2025.06.06 00:00,L,E5,3362.003,3.969,3361.750,-3.80,0.53,0.17,EA
2025.06.09 13:37,S,E5,3314.418,2.927,3314.274,2.16,1.19,0.09,SL-WIN
2025.06.10 05:38,L,E5,3318.322,9.087,3323.012,63.43,0.85,0.53,SL-WIN
2025.06.11 07:47,L,E5,3340.251,2.284,3343.537,49.29,1.42,0.22,TP
2025.06.12 06:27,S,E5,3368.522,3.960,3372.511,-35.90,0.00,0.99,SL-LOSS
2025.06.12 13:38,L,E5,3392.971,11.821,3389.430,-28.33,0.52,0.50,EA
2025.06.16 03:02,S,E5,3437.261,4.484,3430.934,85.01,1.40,0.57,TP
2025.06.16 13:13,S,E5,3415.117,1.232,3412.779,30.69,1.82,0.46,TP
2025.06.17 00:00,L,E5,3402.951,10.338,3400.233,-27.18,0.00,0.56,EA
2025.06.17 06:14,S,E5,3389.911,1.898,3390.096,-2.77,0.77,0.43,EA
2025.06.17 12:46,S,E5,3386.020,3.951,3387.637,-24.26,0.55,0.63,EA
2025.06.18 01:10,S,E5,3384.366,2.935,3384.119,3.70,0.14,0.28,EA
2025.06.19 12:46,S,E5,3366.036,4.380,3369.827,-56.87,0.00,0.85,EA
2025.06.20 01:22,S,E5,3361.178,5.364,3352.487,117.93,1.61,0.63,TP
2025.06.20 13:37,L,E5,3361.215,10.197,3369.401,81.55,1.24,0.03,SL-WIN
2025.06.23 05:11,S,E5,3359.177,2.747,3358.663,7.71,0.44,0.05,EA
2025.06.23 13:39,L,E5,3376.178,9.137,3376.672,4.45,1.27,0.02,SL-WIN
2025.06.24 09:12,S,E5,3324.946,3.750,3320.938,72.84,1.51,0.21,SL-WIN
2025.06.25 05:36,L,E5,3331.951,3.432,3332.532,8.71,0.53,0.85,EA
2025.06.25 07:32,L,E5,3332.869,2.839,3332.982,1.69,1.50,0.29,SL-WIN
2025.06.26 02:41,L,E5,3339.428,5.842,3334.773,-41.89,0.65,0.79,EA
2025.06.26 12:00,S,E5,3332.961,6.854,3336.927,-55.53,0.10,0.62,EA
2025.06.30 09:14,S,E5,3281.821,8.789,3287.509,-62.57,0.49,0.64,EA
2025.07.01 02:46,L,E5,3319.283,4.770,3316.015,-49.02,0.03,0.68,EA
2025.07.02 01:15,S,E5,3335.614,4.020,3329.083,92.83,1.61,0.54,TP
2025.07.04 01:20,L,E5,3332.708,4.113,3328.579,-61.93,0.39,1.00,SL-LOSS
2025.07.04 14:09,S,E5,3333.489,2.108,3333.729,-3.60,0.89,0.35,EA
2025.07.07 12:00,S,E5,3301.964,3.596,3303.554,-23.85,0.05,0.78,EA
2025.07.07 13:46,L,E5,3311.840,4.845,3310.729,-16.66,0.02,0.34,EA
2025.07.08 05:41,L,E5,3335.340,2.917,3332.419,-43.81,0.29,0.99,SL-LOSS
2025.07.14 12:09,S,E5,3363.085,6.273,3362.137,14.22,0.33,0.06,EA
2025.07.15 02:15,L,E5,3349.958,2.945,3349.402,-8.34,0.72,0.68,EA
2025.07.16 01:15,L,E5,3331.949,2.387,3332.068,1.78,1.19,0.41,SL-WIN
2025.07.16 12:46,S,E5,3333.247,4.407,3334.649,-21.03,0.48,0.54,EA
2025.07.17 05:26,S,E5,3339.725,1.710,3340.646,-13.81,0.15,0.58,EA
2025.07.17 12:02,S,E5,3324.316,3.473,3324.544,-3.42,0.60,0.52,EA
2025.07.24 01:19,L,E5,3391.952,1.875,3390.066,-28.29,0.29,0.99,SL-LOSS
2025.07.25 00:18,L,E5,3371.408,2.389,3371.725,4.76,0.91,0.21,EA
2025.07.28 00:40,S,E5,3331.522,2.487,3327.965,47.46,1.41,0.27,TP
2025.07.29 08:07,L,E5,3323.955,7.281,3327.422,61.20,0.83,0.07,SL-WIN
2025.07.30 07:20,L,E5,3330.453,3.700,3326.748,-33.35,0.28,0.99,SL-LOSS
2025.08.04 07:40,S,E5,3354.251,4.013,3355.775,-22.86,0.13,0.57,EA
2025.08.05 00:03,L,E5,3378.468,2.324,3376.127,-35.11,0.21,1.00,SL-LOSS
2025.08.05 08:52,S,E5,3367.021,4.750,3358.990,110.43,1.68,0.19,TP
2025.08.06 05:00,S,E5,3372.304,3.895,3375.842,-53.07,0.40,0.90,EA
2025.08.06 13:06,L,E5,3369.084,4.458,3366.972,-31.68,0.43,0.79,EA
2025.08.07 05:43,S,E5,3373.446,4.829,3378.295,-72.74,0.34,0.98,SL-LOSS
2025.08.08 07:08,L,E5,3399.375,6.152,3395.086,-64.34,0.09,0.82,EA
2025.08.11 05:00,S,E5,3375.877,2.456,3378.373,-37.44,0.72,1.00,SL-LOSS
2025.08.11 09:02,S,E5,3360.097,5.644,3359.788,4.64,1.25,0.66,SL-WIN
2025.08.12 00:18,L,E5,3353.233,5.193,3348.019,-78.21,0.82,1.00,SL-LOSS
2025.08.13 00:22,S,E5,3346.096,3.827,3347.471,-20.63,0.86,0.85,EA
2025.08.13 12:16,S,E5,3356.609,5.002,3359.146,-38.05,0.01,0.52,EA
2025.08.14 05:39,S,E5,3358.166,3.078,3358.997,-12.47,0.06,0.40,EA
2025.08.14 07:45,S,E5,3352.548,8.068,3349.393,49.06,0.74,0.03,SL-WIN
2025.08.15 00:15,S,E5,3333.306,2.191,3335.498,-32.88,0.01,0.99,SL-LOSS
2025.08.15 02:36,L,E5,3339.230,2.355,3339.718,7.32,0.42,0.37,EA
2025.08.15 07:42,S,E5,3341.978,1.165,3343.201,-18.35,0.00,0.99,SL-LOSS
2025.08.18 07:17,L,E5,3354.341,4.804,3349.487,-72.81,0.27,0.99,SL-LOSS
2025.08.20 01:09,S,E5,3313.184,2.365,3314.861,-25.16,0.35,0.96,EA
2025.08.20 03:21,L,E5,3318.247,3.420,3320.824,38.65,0.94,0.49,EA
2025.08.21 00:00,S,E5,3346.930,1.432,3344.658,30.08,1.52,0.08,TP
2025.08.21 06:18,S,E5,3338.129,2.148,3334.567,47.82,1.64,0.06,TP
2025.08.21 08:57,L,E5,3340.687,1.719,3339.632,-9.49,0.28,0.74,EA
2025.08.22 06:08,S,E5,3329.499,1.655,3330.473,-14.61,0.50,0.64,EA
2025.08.22 13:47,L,E5,3332.361,4.284,3339.900,113.08,1.71,0.11,TP
2025.08.25 00:08,S,E5,3365.070,3.837,3365.232,-2.43,0.45,0.76,EA
2025.08.25 06:14,L,E5,3367.297,2.176,3367.362,0.97,1.20,0.62,SL-WIN
2025.08.26 05:48,L,E5,3376.385,1.794,3375.810,-8.63,0.54,0.83,EA
2025.08.28 01:11,S,E5,3391.948,3.853,3388.735,60.73,1.54,0.30,SL-WIN
2025.08.29 07:23,S,E5,3409.176,1.389,3406.937,33.58,1.54,0.08,TP
2025.09.01 00:11,S,E5,3443.637,3.805,3437.677,81.86,1.54,0.65,TP
2025.09.01 13:17,L,E5,3477.894,6.726,3476.180,-15.43,0.18,0.54,EA
2025.09.03 00:01,S,E5,3529.539,1.347,3530.921,-20.73,1.03,0.99,SL-LOSS
2025.09.03 07:23,S,E5,3531.449,2.816,3534.286,-42.55,0.72,1.00,SL-LOSS
2025.09.04 00:06,S,E5,3556.730,4.593,3557.037,-4.61,0.99,0.42,EA
2025.09.04 07:12,L,E5,3538.495,4.355,3536.634,-27.92,0.26,0.47,EA
2025.09.08 01:17,S,E5,3586.798,4.238,3585.907,13.36,0.38,0.10,EA
2025.09.09 07:59,S,E5,3644.502,3.360,3646.479,-29.66,0.71,0.64,EA
2025.09.10 00:19,S,E5,3630.020,4.135,3623.481,89.65,1.58,0.22,TP
2025.09.10 12:47,S,E5,3649.048,1.903,3645.504,48.77,1.85,0.24,TP
2025.09.11 07:14,S,E5,3628.652,4.011,3628.461,2.86,1.17,0.52,SL-WIN
2025.09.12 00:00,S,E5,3631.834,3.203,3635.077,-29.18,0.37,0.98,SL-LOSS
2025.09.12 05:43,L,E5,3655.038,3.389,3651.636,-51.03,0.03,0.99,SL-LOSS
2025.09.12 13:45,L,E5,3651.088,4.289,3646.782,-64.59,0.29,0.99,SL-LOSS
2025.09.15 00:04,S,E5,3635.829,5.683,3641.531,-85.53,0.16,1.00,SL-LOSS
2025.09.15 12:51,L,E5,3650.712,8.446,3662.541,116.64,1.39,0.46,TP
2025.09.17 00:11,L,E5,3695.016,2.580,3694.357,-9.88,0.02,0.28,EA
2025.09.17 05:34,S,E5,3679.372,3.305,3679.208,2.46,1.05,0.22,SL-WIN
2025.09.19 06:35,S,E5,3645.468,8.072,3652.801,-87.99,0.26,0.90,EA
2025.09.22 00:16,L,E5,3690.103,4.017,3689.399,-10.56,0.17,0.58,EA
2025.09.22 03:26,L,E5,3691.548,2.731,3695.586,56.77,1.47,0.20,TP
2025.09.24 01:25,S,E5,3759.831,4.820,3759.949,-1.77,0.56,0.26,EA
2025.09.24 03:07,S,E5,3752.931,6.077,3759.096,-92.47,0.00,1.00,SL-LOSS
2025.09.24 13:46,S,E5,3760.202,7.292,3756.998,55.12,0.92,0.76,SL-WIN
2025.09.26 12:08,L,E5,3751.285,2.128,3751.284,-0.02,0.19,0.13,EA
2025.10.01 00:46,L,E5,3863.358,3.498,3861.061,-34.45,0.25,0.63,EA
2025.10.01 05:18,L,E5,3866.137,3.492,3862.644,-52.40,0.67,0.99,SL-LOSS
2025.10.03 02:28,S,E5,3854.794,2.187,3851.580,48.21,1.44,0.72,TP
2025.10.07 01:18,S,E5,3961.200,5.023,3960.623,8.65,1.01,0.54,EA
2025.10.08 13:46,S,E5,4028.795,9.677,4038.483,-96.88,0.09,0.99,SL-LOSS
2025.10.09 13:59,S,E5,4019.059,23.349,4024.255,-20.78,0.64,0.43,EA
2025.10.10 03:00,S,E5,3978.592,4.028,3972.413,92.68,1.52,0.21,TP
2025.10.17 01:41,S,E5,4310.196,37.332,4289.598,60.33,0.84,0.15,SL-WIN
2025.10.20 00:17,S,E5,4229.629,13.953,4224.787,45.53,0.72,0.46,SL-WIN
2025.10.22 13:47,L,E5,4072.850,19.121,4074.695,9.23,0.39,0.48,EA
2025.10.22 14:43,S,E5,4027.301,29.038,4015.037,36.79,0.56,0.13,EA
2025.10.27 13:44,S,E5,4020.672,16.996,4007.409,80.65,1.21,0.40,SL-WIN
2025.10.28 13:13,L,E5,3925.254,5.439,3931.122,109.26,1.57,0.66,SL-WIN
2025.10.29 13:41,S,E5,4003.138,15.854,4019.076,-95.63,0.03,1.00,SL-LOSS
2025.10.31 01:59,S,E5,4018.408,9.766,4015.026,43.45,0.74,0.09,SL-WIN
2025.10.31 12:46,L,E5,4029.226,17.029,4014.175,-90.31,0.41,0.88,EA
2025.11.04 07:28,L,E5,3995.137,11.970,3993.376,-14.09,0.35,0.40,EA
2025.11.04 12:47,S,E5,3990.076,3.172,3984.616,79.20,1.70,0.30,TP
2025.11.04 13:32,S,E5,3987.017,4.601,3977.949,136.02,1.96,0.26,TP
2025.11.05 00:47,S,E5,3934.560,2.997,3937.562,-45.03,0.00,0.99,SL-LOSS
2025.11.05 13:14,L,E5,3973.527,7.137,3966.351,-100.47,0.06,0.99,SL-LOSS
2025.11.11 00:00,L,E5,4120.184,5.739,4125.602,99.88,1.42,0.69,SL-WIN
2025.11.13 00:48,L,E5,4199.729,4.780,4207.152,111.34,1.54,0.13,TP
2025.11.13 07:38,L,E5,4214.770,5.169,4223.081,113.91,1.60,0.43,TP
2025.11.13 14:13,S,E5,4221.622,8.568,4204.897,135.26,1.94,0.04,TP
2025.11.14 05:27,S,E5,4185.998,12.199,4178.149,66.51,1.01,0.87,SL-WIN
2025.11.18 01:44,S,E5,4031.716,8.035,4023.044,84.75,1.07,0.28,TP
2025.11.19 08:49,S,E5,4083.113,3.738,4083.481,-5.52,0.74,0.73,EA
2025.11.20 05:14,S,E5,4069.596,6.401,4073.788,-62.88,0.22,0.68,EA
2025.11.20 07:24,S,E5,4061.336,9.531,4065.113,-37.77,0.10,0.73,EA
2025.11.21 01:01,S,E5,4069.665,7.798,4066.899,45.19,0.64,0.31,SL-WIN
2025.11.25 07:15,S,E5,4140.526,3.642,4141.490,-14.46,0.30,0.83,EA
2025.11.25 14:48,S,E5,4114.295,22.250,4125.441,-44.58,0.12,0.54,EA
2025.11.26 00:17,L,E5,4139.807,5.992,4138.296,-22.67,0.50,0.84,EA
2025.11.26 08:15,L,E5,4165.881,8.812,4157.052,-97.12,0.31,1.00,SL-LOSS
2025.12.01 05:28,S,E5,4219.668,17.633,4230.604,-65.61,0.10,0.86,EA
2025.12.03 09:07,S,E5,4203.790,4.730,4202.445,14.79,1.41,0.08,EA
2025.12.03 12:03,L,E5,4206.798,3.757,4206.334,-5.11,0.73,0.44,EA
2025.12.05 14:45,L,E5,4236.311,6.467,4242.263,65.47,1.45,0.21,EA
2025.12.08 05:37,L,E5,4215.194,6.876,4215.981,8.66,0.49,0.43,EA
2025.12.08 12:04,L,E5,4212.333,3.808,4211.459,-9.61,0.03,0.31,EA
2025.12.08 13:57,S,E5,4199.035,9.236,4208.273,-101.61,0.17,1.00,SL-LOSS
2025.12.09 12:53,L,E5,4205.372,3.648,4205.287,-0.93,0.82,0.62,EA
2025.12.10 01:17,L,E5,4215.934,6.398,4215.256,-7.45,0.36,0.65,EA
2025.12.11 02:45,S,E5,4227.264,6.471,4216.807,103.75,1.60,0.18,TP
2025.12.12 05:40,L,E5,4278.014,7.272,4284.754,92.66,1.50,0.24,SL-WIN
2025.12.15 00:55,L,E5,4306.162,3.657,4306.369,2.28,0.13,0.11,EA
2025.12.15 13:18,S,E5,4336.598,6.050,4339.782,-35.02,0.00,0.82,EA
2025.12.17 14:47,L,E5,4341.536,13.591,4341.015,-3.64,0.05,0.51,EA
2025.12.19 00:18,S,E5,4328.823,5.035,4320.877,87.40,1.57,0.72,TP
2025.12.19 02:40,S,E5,4321.200,4.859,4317.361,52.55,1.40,0.15,SL-WIN
2025.12.19 05:45,L,E5,4325.324,4.508,4326.523,13.19,0.94,0.78,EA
2025.12.19 12:55,S,E5,4324.159,2.517,4325.728,-17.26,0.05,0.80,EA
2025.12.22 14:47,L,E5,4427.210,8.645,4418.557,-95.18,0.26,0.99,SL-LOSS
2025.12.23 12:00,L,E5,4493.600,8.650,4484.935,-95.31,0.01,1.00,SL-LOSS
2025.12.23 14:11,S,E5,4469.825,15.305,4458.496,77.47,1.29,0.18,SL-WIN
2025.12.24 14:24,S,E5,4485.175,2.517,4486.801,-17.88,0.46,0.66,EA
2025.12.31 13:33,L,E5,4329.934,15.018,4341.447,85.67,1.25,0.25,SL-WIN
2026.01.02 02:40,L,E5,4352.312,8.187,4350.920,-15.31,0.03,0.19,EA
2026.01.02 06:30,L,E5,4379.873,7.310,4378.413,-16.06,0.00,0.38,EA
2026.01.02 12:12,L,E5,4396.150,5.173,4397.375,13.48,0.36,0.50,EA
2026.01.02 13:34,S,E5,4369.574,21.877,4359.945,54.77,0.89,0.39,SL-WIN
2026.01.05 14:44,L,E5,4426.297,7.584,4440.644,154.67,1.87,0.01,TP
2026.01.06 09:21,S,E5,4453.355,10.473,4449.979,43.09,0.80,0.39,SL-WIN
2026.01.07 12:00,S,E5,4447.681,12.900,4441.367,44.20,0.65,0.21,EA
2026.01.08 00:53,S,E5,4450.578,7.454,4458.088,-67.59,0.81,1.00,SL-LOSS
2026.01.08 08:16,S,E5,4426.533,5.613,4426.242,4.37,1.17,0.78,SL-WIN
2026.01.12 06:55,L,E5,4579.099,5.892,4584.369,99.28,1.44,0.75,SL-WIN
2026.01.12 12:06,S,E5,4583.818,5.330,4580.249,53.53,0.89,0.30,EA
2026.01.15 12:00,L,E5,4619.426,5.610,4620.257,12.47,0.24,0.12,EA
2026.01.16 05:45,L,E5,4607.089,7.526,4607.499,3.69,1.21,0.06,SL-WIN
2026.01.23 07:45,S,E5,4946.283,9.116,4937.255,89.45,0.98,0.55,TP
2026.01.23 12:48,L,E5,4938.211,10.120,4942.367,54.54,0.97,0.45,SL-WIN
2026.01.26 12:48,S,E5,5083.985,5.168,5074.055,148.95,1.90,0.38,TP
2026.01.27 12:00,S,E5,5076.726,8.659,5076.749,-0.21,0.14,0.69,EA
2026.01.28 13:09,L,E5,5283.834,15.185,5268.598,-91.41,0.12,1.00,SL-LOSS
2026.01.29 08:08,S,E5,5534.430,21.527,5525.468,56.69,0.78,0.39,SL-WIN
2026.01.29 12:48,L,E5,5536.024,14.100,5538.276,15.76,0.45,0.41,EA
2026.01.30 01:22,S,E5,5340.241,57.385,5358.575,-36.67,0.13,0.57,EA
2026.01.30 06:03,S,E5,5196.849,29.528,5168.038,74.13,0.97,0.29,TP
2026.01.30 12:00,L,E5,5136.482,36.246,5129.329,-21.46,0.26,0.42,EA
2026.02.03 12:06,L,E5,4932.578,23.120,4909.419,-92.63,0.08,0.99,SL-LOSS
2026.02.04 14:49,S,E5,4991.504,47.248,4986.567,9.88,0.31,0.57,EA
2026.02.05 05:02,S,E5,4873.586,19.674,4861.802,63.41,0.92,0.08,SL-WIN
2026.02.05 09:15,S,E5,4862.812,47.665,4864.060,-2.50,0.28,0.66,EA
2026.02.09 07:33,S,E5,5011.181,11.482,5006.603,53.53,0.85,0.33,SL-WIN
2026.02.10 07:02,S,E5,5024.677,6.858,5030.058,-75.33,0.00,0.73,EA
2026.02.11 02:04,L,E5,5046.959,7.937,5038.898,-104.80,0.00,1.00,SL-LOSS
2026.02.12 06:37,S,E5,5049.214,16.179,5063.290,-84.46,0.12,0.96,EA
2026.02.13 01:05,L,E5,4957.261,26.568,4968.358,52.44,0.83,0.13,SL-WIN
2026.02.17 03:18,S,E5,4960.272,6.258,4960.066,3.09,1.00,0.24,SL-WIN
2026.02.17 13:32,S,E5,4913.991,13.789,4894.320,137.70,1.41,0.76,TP
2026.02.18 01:11,L,E5,4883.678,8.547,4888.551,43.86,0.90,0.28,EA
2026.02.19 12:03,S,E5,4983.832,9.812,4986.198,-23.66,0.24,0.67,EA
2026.02.24 08:20,S,E5,5168.053,7.885,5173.417,-69.73,0.32,0.78,EA
2026.02.27 00:48,S,E5,5176.090,9.941,5171.786,49.03,0.91,0.16,SL-WIN
2026.02.27 05:42,L,E5,5192.820,6.497,5193.025,3.08,1.22,0.32,SL-WIN
2026.03.04 06:16,S,E5,5145.092,13.586,5131.701,78.87,0.95,0.39,TP
2026.03.04 14:06,S,E5,5178.316,5.427,5168.053,92.36,1.86,0.30,TP
2026.03.06 00:10,L,E5,5090.951,7.760,5086.635,-56.10,0.00,0.54,EA
2026.03.06 08:35,S,E5,5105.692,11.022,5110.197,-40.54,0.19,0.71,EA
2026.03.09 13:19,S,E5,5093.163,5.382,5091.595,23.52,0.69,0.37,EA
2026.03.11 00:30,L,E5,5212.834,17.440,5216.237,20.42,0.59,0.38,EA
2026.03.11 12:46,S,E5,5177.839,9.809,5164.847,119.61,1.29,0.26,TP
2026.03.11 14:53,L,E5,5188.192,6.281,5188.982,11.85,0.49,0.30,EA
2026.03.12 13:12,L,E5,5183.209,6.275,5176.885,-56.91,0.21,0.94,SL-LOSS
2026.03.12 14:49,S,E5,5141.757,22.664,5143.122,-5.46,0.14,0.13,EA
2026.03.13 14:26,S,E5,5089.194,14.514,5078.923,73.20,1.15,0.21,SL-WIN
2026.03.17 06:14,S,E5,5010.477,17.890,5014.437,-23.76,0.29,0.38,EA
2026.03.18 02:05,S,E5,4998.185,6.331,5003.439,-78.81,0.19,0.75,EA
2026.03.20 00:16,L,E5,4662.306,16.495,4645.596,-100.26,0.17,0.99,SL-LOSS
2026.03.20 13:15,S,E5,4662.266,10.491,4668.207,-53.47,0.60,0.78,EA
2026.03.25 07:41,S,E5,4551.322,5.761,4541.446,148.14,1.71,0.21,TP
2026.03.26 05:39,S,E5,4494.207,19.977,4471.601,100.62,1.12,0.06,TP
2026.03.26 08:16,S,E5,4441.695,21.817,4432.375,44.48,0.75,0.27,SL-WIN
2026.03.31 05:39,L,E5,4576.689,14.400,4562.265,-100.96,0.36,1.00,SL-LOSS
2026.03.31 13:17,L,E5,4585.706,13.775,4578.552,-50.08,0.16,0.57,EA
2026.04.02 01:16,S,E5,4748.323,30.306,4716.908,80.71,1.01,0.17,TP
2026.04.06 07:51,L,E5,4676.484,21.251,4687.119,65.22,0.85,0.02,SL-WIN
2026.04.07 05:42,S,E5,4633.224,16.217,4642.321,-54.59,0.23,0.84,EA
2026.04.08 05:11,L,E5,4808.553,7.322,4816.857,96.20,1.10,0.43,TP
2026.04.09 05:31,L,E5,4722.243,4.196,4717.965,-64.17,0.12,1.00,SL-LOSS
2026.04.10 00:15,S,E5,4753.797,10.627,4757.878,-36.73,0.22,0.47,EA
2026.04.10 05:43,L,E5,4764.132,2.681,4761.412,-40.80,0.15,0.99,SL-LOSS
2026.04.10 08:23,S,E5,4746.603,7.891,4747.248,-7.74,0.29,0.11,EA
2026.04.14 00:15,L,E5,4759.789,8.548,4762.006,39.74,0.61,0.01,SL-WIN
2026.04.14 02:46,L,E5,4774.071,9.396,4771.282,-30.68,0.35,0.89,EA
2026.04.15 05:51,S,E5,4818.809,8.116,4821.255,-29.35,0.08,0.80,EA
2026.04.16 08:17,S,E5,4813.986,9.872,4810.801,42.96,0.74,0.10,SL-WIN
2026.04.16 12:01,L,E5,4821.680,6.371,4819.736,-29.16,0.22,0.38,EA
2026.04.17 00:12,S,E5,4789.995,3.756,4793.775,-56.70,0.62,0.99,SL-LOSS
2026.04.17 07:45,S,E5,4785.834,5.434,4782.888,44.19,0.70,0.10,EA
2026.04.20 05:15,S,E5,4786.225,6.275,4787.650,-21.37,0.00,0.54,EA
2026.04.20 07:12,L,E5,4794.584,4.485,4796.414,27.45,0.66,0.19,EA
2026.04.20 09:05,L,E5,4795.456,3.954,4794.983,-7.09,0.63,0.45,EA
2026.04.20 13:18,L,E5,4812.584,11.130,4820.378,85.48,1.26,0.03,SL-WIN
2026.04.21 01:15,S,E5,4814.962,7.896,4818.483,-45.77,0.02,0.52,EA
2026.04.22 08:27,S,E5,4755.623,6.788,4756.191,-7.95,0.52,0.97,EA
2026.04.23 05:43,S,E5,4702.247,6.208,4708.517,-94.05,0.12,1.00,SL-LOSS
2026.04.24 06:43,S,E5,4673.029,5.140,4672.777,3.78,1.19,0.52,SL-WIN
2026.04.24 13:52,L,E5,4707.982,9.164,4720.181,134.19,1.30,0.34,TP
2026.04.29 06:13,S,E5,4588.498,10.168,4585.175,45.81,0.75,0.21,SL-WIN
2026.04.30 00:00,L,E5,4561.866,12.578,4570.318,65.05,0.99,0.44,SL-WIN
2026.04.30 13:57,S,E5,4612.393,17.121,4619.920,-45.16,0.18,0.82,EA
2026.05.05 00:08,L,E5,4525.116,5.587,4519.393,-85.84,0.63,0.98,SL-LOSS
2026.05.07 01:16,L,E5,4712.370,18.410,4704.185,-40.92,0.50,0.57,EA
2026.05.08 07:30,S,E5,4706.529,14.211,4709.449,-20.44,0.35,0.51,EA
2026.05.11 02:53,S,E5,4683.409,8.662,4679.828,49.92,0.77,0.12,SL-WIN
2026.05.11 08:00,S,E5,4667.766,5.681,4673.541,-86.63,0.61,0.97,SL-LOSS
2026.05.12 13:17,S,E5,4681.188,19.576,4700.805,-98.09,0.06,1.00,SL-LOSS
2026.05.14 02:57,S,E5,4686.463,6.562,4686.625,-2.43,0.00,0.29,EA
2026.05.14 06:54,L,E5,4700.469,6.644,4699.142,-19.91,0.24,0.65,EA
2026.05.14 13:35,S,E5,4684.556,14.189,4675.333,68.89,1.24,0.21,SL-WIN
2026.05.18 00:09,S,E5,4525.384,17.886,4505.746,98.19,1.03,0.46,TP
2026.05.22 00:53,S,E5,4528.788,9.225,4529.205,-4.59,0.54,0.83,EA
2026.05.22 13:51,S,E5,4514.173,8.109,4509.899,64.56,0.97,0.44,SL-WIN
2026.05.25 00:11,L,E5,4575.400,22.029,4560.456,-59.78,0.20,0.68,EA
2026.05.25 07:30,S,E5,4554.641,4.483,4559.125,-67.26,0.09,0.98,SL-LOSS
2026.05.26 05:45,S,E5,4529.957,5.340,4529.903,0.81,1.13,0.05,SL-WIN
2026.05.26 07:12,S,E5,4529.355,3.557,4523.470,88.28,1.64,0.18,TP
2026.05.28 00:00,S,E5,4447.255,6.371,4453.951,-100.44,0.48,1.00,SL-LOSS
2026.05.29 05:56,L,E5,4513.395,7.518,4520.902,105.10,0.96,0.35,TP
2026.05.29 07:40,L,E5,4522.863,9.695,4517.045,-63.99,0.35,0.60,EA
