Timestamp,MagicNumber,EntryType,Status,CurrentPrice,EntryPrice,StopLoss,TakeProfit,LotSize,RiskPips,RewardPips,RR,RawSLPips,BufferedSLPips,ATR_M1,SpreadPips,ADX_M1,DIPlus_M1,DIMinus_M1,ADX_M3,DIPlus_M3,DIMinus_M3,ADX_M5,DIPlus_M5,DIMinus_M5,RSI7_M1,RSI14_M1,RSI21_M1,RSI7_M3,RSI14_M3,RSI21_M3,RSI7_M5,RSI14_M5,RSI21_M5,EMA25_M1,EMA75_M1,EMA100_M1,EMA200_M1,EMA25_M3,EMA75_M3,EMA100_M3,EMA200_M3,EMA25_M5,EMA75_M5,EMA100_M5,EMA200_M5
2026.02.02 00:55,20260202005500942,S-E1,SKIPPED_SELL,4791.53,4791.60,4840.14,4714.49,0.15,4854.3,7710.6,1.59,4854.3,4854.3,1332.1,0.0,52.55,5.29,21.85,29.31,14.19,22.76,23.92,16.98,22.42,39.13,39.80,43.06,38.10,45.29,46.56,40.90,45.21,45.50,4811.14,4810.77,4811.01,4822.94,4811.86,4826.77,4841.24,4898.14,4816.20,4855.45,4881.24,4968.75
2026.02.02 01:10,20260202011000962,S-E4,SKIPPED_SELL,4656.36,4656.12,4734.31,4456.45,0.15,7819.2,19967.1,2.55,7819.2,7819.2,2606.4,0.0,56.58,5.76,39.59,39.39,7.80,33.42,30.34,11.06,35.95,19.28,24.79,28.41,12.77,24.82,30.97,15.26,27.55,32.53,4774.30,4793.95,4798.11,4814.29,4800.92,4820.53,4835.17,4892.11,4809.45,4849.76,4875.48,4963.11
2026.02.02 03:00,20260202030000021,S-E1,SKIPPED_SELL,4711.10,4711.06,4758.13,4626.08,0.15,4707.7,8497.4,1.80,4707.7,4707.7,1176.9,0.0,42.46,11.21,23.60,20.44,15.18,29.14,20.77,14.68,19.24,30.66,35.34,39.94,32.10,42.24,44.53,36.17,42.10,43.01,4737.22,4736.60,4737.97,4753.69,4738.24,4759.39,4776.10,4837.79,4742.58,4790.82,4819.20,4913.26
2026.02.02 03:16,20260202031600021,S-E4,SKIPPED_SELL,4674.05,4673.97,4708.89,4603.90,0.15,3492.3,7007.0,2.01,3492.3,3492.3,1164.1,0.0,29.97,10.26,38.23,25.98,10.87,26.36,21.43,9.55,19.44,17.95,27.78,32.92,18.41,33.01,38.51,26.29,35.60,38.70,4719.76,4728.24,4731.13,4747.55,4731.28,4753.88,4770.37,4831.69,4736.59,4784.67,4812.94,4907.17
2026.02.02 05:31,20260202053100079,S-E1,SKIPPED_SELL,4636.58,4636.75,4673.07,4576.02,0.15,3632.2,6073.1,1.67,3632.2,3632.2,908.1,0.0,20.74,15.01,33.60,20.90,10.47,22.76,23.30,10.27,20.31,19.65,30.77,35.87,22.58,35.31,39.54,29.39,38.66,40.92,4667.25,4673.24,4676.12,4691.34,4675.37,4696.66,4712.34,4772.94,4682.13,4726.88,4754.66,4850.69
2026.02.02 05:38,20260202053800079,S-E4,SKIPPED_SELL,4605.57,4605.62,4642.54,4506.39,0.15,3691.5,9922.8,2.69,3691.5,3691.5,1230.5,0.0,34.09,10.01,36.66,29.53,7.86,27.54,27.37,8.90,29.65,20.74,27.02,31.25,16.60,28.76,34.47,20.76,33.05,37.06,4654.43,4666.89,4670.97,4687.58,4673.45,4694.79,4710.33,4770.66,4680.97,4725.22,4752.88,4848.79
2026.02.02 06:25,20260202062500112,S-E4,SKIPPED_SELL,4460.16,4461.66,4514.06,4335.91,0.15,5239.9,12575.8,2.40,5239.9,5239.9,1746.6,0.0,47.63,6.55,39.65,56.50,5.87,36.36,61.99,4.00,38.63,13.86,24.85,29.20,15.57,21.04,24.98,10.21,19.48,25.41,4534.79,4577.06,4593.89,4634.32,4587.75,4646.21,4668.61,4738.82,4619.73,4688.29,4719.84,4821.86
2026.02.03 01:20,20260203012000518,L-E2,SKIPPED_BUY,4840.70,4840.46,4808.96,4887.60,0.15,3150.3,4713.6,1.50,3150.3,3150.3,1050.1,0.0,42.67,28.95,10.73,27.46,32.91,13.43,33.14,31.03,12.73,69.01,64.53,61.70,69.72,65.47,64.86,70.60,67.91,66.08,4814.49,4800.91,4791.23,4760.57,4795.09,4751.81,4737.67,4715.63,4776.74,4729.75,4719.72,4717.29
2026.02.03 06:20,20260203062000582,L-E2,SKIPPED_BUY,4857.22,4857.03,4840.27,4883.43,0.15,1676.3,2640.1,1.58,1676.3,1676.3,558.8,0.0,66.09,38.90,2.36,28.46,32.30,8.78,23.93,23.79,8.50,95.02,82.25,74.18,83.07,71.46,66.18,76.53,67.80,63.60,4833.21,4826.41,4823.64,4814.60,4823.95,4811.32,4803.51,4777.10,4818.71,4796.89,4784.58,4760.37
2026.02.03 06:29,20260203062900597,L-E4,SKIPPED_BUY,4874.49,4874.54,4855.99,4919.07,0.15,1855.4,4452.9,2.40,1855.4,1855.4,618.5,0.0,65.10,46.28,7.08,42.26,36.04,5.74,28.12,25.62,7.37,87.66,81.58,76.47,88.11,77.08,70.88,83.14,72.87,67.40,4846.53,4833.60,4829.53,4818.51,4829.26,4814.35,4806.22,4779.30,4820.61,4798.18,4785.78,4761.23
2026.02.03 07:26,20260203072600610,L-E4,SKIPPED_BUY,4900.17,4900.09,4883.52,4939.84,0.15,1656.3,3975.2,2.40,1656.3,1656.3,552.1,0.0,33.51,28.68,7.78,41.81,21.22,7.50,52.47,22.17,7.17,78.66,68.10,64.66,70.20,67.23,65.91,72.32,69.74,67.07,4884.24,4872.79,4865.98,4846.80,4870.42,4841.69,4830.15,4797.33,4856.51,4820.90,4805.81,4774.82
2026.02.03 08:20,20260203082000620,L-E2,SKIPPED_BUY,4939.70,4939.77,4922.15,4964.18,0.15,1761.6,2441.6,1.39,1761.6,1761.6,587.2,0.0,35.81,32.52,10.50,34.63,35.69,14.08,43.72,31.19,12.92,76.88,67.43,63.96,75.88,71.21,69.39,74.31,71.41,69.29,4921.78,4909.22,4901.54,4877.55,4903.74,4870.07,4855.80,4817.03,4890.24,4845.42,4827.51,4789.72
2026.02.04 00:05,20260204000500802,L-E4,SKIPPED_BUY,4957.47,4957.40,4941.01,4994.77,0.15,1639.1,3737.1,2.28,1639.1,1639.1,546.4,0.0,34.40,24.50,9.65,38.39,28.08,8.51,24.49,24.21,8.85,69.56,62.59,59.24,68.79,58.97,56.06,66.67,58.64,56.05,4946.60,4943.08,4942.42,4940.13,4941.48,4939.14,4937.76,4929.42,4939.79,4935.89,4932.37,4909.82
2026.02.04 00:16,20260204001600802,L-E2,SKIPPED_BUY,4988.23,4988.29,4973.01,5011.15,0.15,1527.9,2286.1,1.50,1527.9,1527.9,509.3,0.0,61.18,49.38,6.41,53.54,46.02,4.80,34.98,39.10,6.65,86.72,78.69,72.60,86.84,71.79,65.37,81.62,69.32,63.91,4958.60,4949.18,4947.17,4942.89,4945.85,4941.05,4939.28,4930.54,4941.68,4936.79,4933.18,4910.70
2026.02.04 02:01,20260204020100829,L-E2,SKIPPED_BUY,5052.49,5052.41,5036.62,5073.20,0.15,1579.1,2079.2,1.32,1579.1,1579.1,526.4,0.0,28.63,39.22,11.12,22.42,19.86,15.09,25.39,19.42,13.85,71.89,63.60,60.82,66.93,64.06,63.40,66.79,66.91,65.78,5037.73,5026.25,5018.38,4995.93,5023.19,4990.29,4979.77,4956.61,5007.45,4972.26,4962.01,4930.96
2026.02.04 02:08,20260204020800830,L-E4,SKIPPED_BUY,5064.40,5064.35,5048.18,5096.79,0.15,1616.9,3244.2,2.01,1616.9,1616.9,539.0,0.0,39.19,34.66,14.09,26.93,27.81,11.33,27.59,29.33,12.00,74.87,67.95,64.56,70.64,66.62,65.28,72.18,69.87,67.94,5045.54,5031.49,5023.37,5000.11,5026.00,4993.13,4982.29,4958.37,5009.74,4974.06,4963.54,4932.07
2026.02.04 07:01,20260204070100864,L-E1,SKIPPED_BUY,5078.34,5078.24,5065.13,5100.16,0.15,1310.9,2191.8,1.67,1310.9,1310.9,327.7,0.0,33.85,26.70,10.50,30.29,16.66,11.38,30.03,20.50,9.16,68.34,64.45,60.65,68.45,58.75,55.93,63.60,56.76,56.37,5071.53,5070.09,5070.33,5066.80,5069.87,5064.90,5057.57,5028.30,5069.72,5050.52,5036.87,4993.85
2026.02.04 07:25,20260204072500866,L-E1,SKIPPED_BUY,5081.22,5081.26,5069.65,5100.69,0.15,1161.9,1942.7,1.67,1161.9,1161.9,290.5,0.0,37.82,50.94,8.38,22.07,22.48,11.79,21.92,22.84,13.77,83.55,69.85,63.82,72.68,61.81,57.98,65.75,58.36,57.06,5069.36,5069.48,5069.76,5067.26,5069.25,5065.74,5059.32,5031.57,5069.57,5053.03,5040.08,4997.70
2026.02.04 07:45,20260204074500869,L-E1,BUY,5080.54,5080.70,5066.56,5097.99,0.15,1414.4,1728.6,1.22,1406.5,1414.4,401.5,0.0,34.53,29.00,11.99,28.38,34.37,16.77,21.48,29.76,21.76,60.91,56.39,55.52,58.06,56.01,54.83,57.64,55.28,55.05,5076.46,5073.72,5073.05,5069.60,5073.21,5068.04,5061.92,5034.88,5071.99,5055.72,5043.10,5000.99
2026.02.04 08:01,20260204074500869,L-E1,,5091.11,5080.70,5086.27,5097.99,0.15,556.6,1728.6,3.11,1406.5,1414.4,310.1,0.0,24.96,22.99,19.66,38.10,28.99,13.17,26.57,31.99,14.17,63.25,61.60,60.28,63.45,60.38,58.51,64.86,60.06,58.50,5083.38,5077.86,5076.40,5071.90,5076.63,5070.05,5064.01,5037.33,5073.44,5057.57,5045.23,5003.37
2026.02.04 08:02,20260204074500869,L-E1,PARTIAL_TP,5088.82,5080.70,5086.27,5097.99,0.09,556.6,1728.6,3.11,1406.5,1414.4,325.9,0.0,23.29,21.87,17.04,38.10,28.99,13.17,26.57,31.99,14.17,55.21,57.29,57.37,60.88,58.91,57.43,62.86,58.88,57.67,5083.77,5078.16,5076.65,5072.08,5076.63,5070.05,5064.01,5037.33,5073.44,5057.57,5045.23,5003.37
2026.02.04 08:02,20260204074500869,L-E1,,5088.82,5080.70,5081.91,5097.99,0.09,120.6,1728.6,14.33,1406.5,1414.4,325.9,0.0,23.29,21.87,17.04,38.10,28.99,13.17,26.57,31.99,14.17,55.21,57.29,57.37,60.88,58.91,57.43,62.86,58.88,57.67,5083.77,5078.16,5076.65,5072.08,5076.63,5070.05,5064.01,5037.33,5073.44,5057.57,5045.23,5003.37
2026.02.04 08:02,20260204074500869,L-E1,BUY_WON,5088.82,5080.70,5086.27,5097.99,0.09,556.6,1728.6,3.11,1406.5,1414.4,325.9,0.0,23.29,21.87,17.04,38.10,28.99,13.17,26.57,31.99,14.17,47.31,52.79,54.26,57.49,57.11,56.14,60.30,57.47,56.68,5083.85,5078.34,5076.81,5072.21,5076.63,5070.05,5064.01,5037.33,5073.44,5057.57,5045.23,5003.37
2026.02.04 13:10,20260204131000129,S-E4,SKIPPED_SELL,5029.43,5029.58,5050.34,4965.42,0.15,2075.5,6415.9,3.09,2075.5,2075.5,691.8,0.0,54.59,3.81,22.20,29.36,10.12,26.07,25.43,13.77,22.06,24.52,30.17,34.13,27.00,36.57,40.37,29.44,38.44,40.98,5044.61,5046.68,5046.82,5049.41,5047.46,5050.27,5052.10,5047.74,5047.72,5052.76,5050.86,5027.97
2026.02.05 03:01,20260205030100333,S-E4,SKIPPED_SELL,4794.26,4794.18,4853.59,4658.72,0.15,5941.3,13546.1,2.28,5941.3,5941.3,1980.4,0.0,43.82,12.14,41.76,52.90,8.19,36.36,44.67,8.59,38.16,19.71,25.09,27.40,11.48,16.98,20.68,8.76,15.86,20.95,4866.79,4907.91,4921.40,4946.01,4918.44,4952.92,4957.60,4965.49,4944.31,4961.98,4964.72,4974.09
2026.02.05 05:08,20260205050800362,S-E2,SKIPPED_SELL,4859.31,4859.38,4877.35,4831.08,0.15,1796.7,2829.8,1.58,1796.7,1796.7,598.9,0.0,37.48,7.18,29.22,19.94,12.98,19.70,17.17,9.30,18.45,22.93,33.25,38.36,30.21,39.39,41.81,36.61,40.65,40.90,4875.79,4876.89,4878.27,4891.88,4877.56,4896.51,4907.20,4931.35,4883.07,4915.01,4925.89,4949.60
2026.02.05 05:10,20260205051000362,S-E1,SKIPPED_SELL,4861.35,4861.24,4884.21,4817.59,0.15,2297.2,4364.7,1.90,2297.2,2297.2,574.3,0.0,44.96,5.39,28.23,23.19,11.25,29.15,20.87,8.06,21.21,35.21,37.97,40.95,36.24,41.60,43.05,37.93,41.35,41.36,4873.99,4876.17,4877.68,4891.30,4877.22,4895.86,4906.50,4930.74,4881.59,4913.59,4924.62,4948.71
2026.02.05 09:22,20260205092200402,S-E2,SKIPPED_SELL,4859.45,4859.53,4883.39,4821.95,0.15,2386.0,3758.0,1.58,2386.0,2386.0,795.4,0.0,46.89,5.93,25.20,48.49,5.50,30.98,39.19,5.82,30.36,30.63,31.95,32.97,17.28,24.89,31.37,18.71,30.02,36.33,4881.72,4900.67,4904.59,4907.34,4905.37,4909.03,4909.27,4917.61,4911.96,4911.42,4915.06,4932.23
2026.02.05 12:11,20260205121100434,S-E4,SKIPPED_SELL,4847.15,4847.07,4866.58,4786.79,0.15,1950.3,6028.9,3.09,1950.3,1950.3,650.1,0.0,33.13,8.03,34.70,29.05,12.35,28.98,28.35,10.40,32.27,19.19,26.00,30.44,19.08,30.70,36.32,17.37,31.50,36.89,4867.04,4873.51,4874.89,4879.98,4876.30,4882.25,4885.82,4898.62,4878.22,4889.00,4894.81,4915.06
2026.02.05 13:01,20260205130100450,S-E1,SKIPPED_SELL,4844.06,4843.98,4868.51,4790.40,0.15,2452.4,5358.5,2.18,2452.4,2452.4,912.2,0.0,22.74,12.82,29.52,22.68,9.88,22.06,24.83,13.71,23.58,28.51,39.71,43.40,37.06,41.89,42.93,40.83,42.31,42.89,4856.63,4857.39,4859.68,4867.76,4857.79,4869.80,4875.01,4890.55,4862.22,4879.03,4886.15,4908.44
2026.02.05 13:02,20260205130200450,S-E2,SKIPPED_SELL,4825.61,4825.54,4856.76,4762.20,0.15,3122.4,6334.2,2.03,3122.4,3122.4,1040.8,0.0,26.17,11.11,31.99,22.68,9.88,22.06,24.83,13.71,23.58,16.74,29.75,35.58,25.93,34.40,37.39,31.82,36.60,38.66,4856.44,4857.30,4859.57,4867.62,4857.79,4869.80,4875.01,4890.55,4862.22,4879.03,4886.15,4908.44
2026.02.05 13:46,20260205134600467,S-E2,SKIPPED_SELL,4831.62,4831.57,4860.05,4786.18,0.15,2847.8,4539.1,1.59,2847.8,2847.8,949.3,0.0,49.12,3.57,28.75,26.02,12.41,26.92,18.39,16.50,25.18,35.31,39.91,42.89,39.40,43.25,44.09,42.53,43.45,43.66,4847.30,4848.26,4850.20,4858.48,4850.27,4861.24,4866.94,4883.86,4853.36,4871.25,4879.04,4902.68
2026.02.06 01:25,20260206012500634,S-E1,SKIPPED_SELL,4716.33,4716.43,4762.97,4632.41,0.15,4654.5,8401.4,1.80,4654.5,4654.5,1239.9,0.0,25.76,9.56,23.27,21.67,10.95,23.88,26.41,10.37,19.46,38.78,42.01,44.45,41.79,45.60,45.88,39.12,42.16,41.67,4735.49,4734.78,4736.23,4751.05,4734.99,4754.99,4767.62,4799.52,4742.43,4777.92,4792.27,4827.88
2026.02.06 05:41,20260206054100695,L-E4,SKIPPED_BUY,4866.85,4866.84,4844.83,4926.02,0.15,2201.4,5917.2,2.69,2201.4,2201.4,733.8,0.0,41.24,28.66,6.30,39.25,35.59,9.74,32.91,33.12,6.98,76.44,72.31,69.75,86.42,76.81,70.17,88.59,74.90,68.14,4842.30,4831.26,4827.91,4816.85,4827.80,4812.79,4807.49,4806.41,4821.56,4805.15,4804.79,4819.80
2026.02.06 08:30,20260206083000721,L-E1,SKIPPED_BUY,4867.37,4867.46,4846.88,4901.87,0.15,2058.2,3441.3,1.67,2058.2,2058.2,514.6,0.0,42.67,26.89,15.28,32.39,26.22,8.73,25.27,35.55,12.25,59.77,61.50,59.99,74.52,62.66,58.54,70.79,61.14,58.71,4857.07,4852.62,4851.96,4847.35,4850.90,4845.06,4839.51,4828.09,4848.95,4835.05,4829.69,4830.29
2026.02.06 12:07,20260206120700734,L-E4,BUY,4897.40,4897.60,4884.07,4938.50,0.15,1353.0,4090.0,3.02,1310.8,1353.0,436.9,0.0,22.06,24.02,10.39,30.47,21.68,12.76,30.18,22.05,13.39,69.26,62.90,60.20,64.73,60.63,59.06,70.60,64.21,61.40,4889.05,4884.31,4881.70,4873.99,4883.25,4871.88,4866.49,4851.38,4877.18,4861.46,4854.44,4844.84
2026.02.06 12:17,20260206120700734,L-E4,,4895.61,4897.60,4884.07,4938.50,0.15,1353.0,4090.0,3.02,1310.8,1353.0,445.8,0.0,20.72,14.44,26.49,33.50,22.78,10.69,32.90,24.08,10.06,51.72,53.63,54.24,56.13,56.65,56.55,65.06,62.04,60.14,4893.01,4887.11,4884.26,4876.04,4886.02,4873.83,4868.26,4852.75,4878.85,4862.94,4855.81,4845.74
2026.02.06 12:46,20260206124600752,L-E1,SKIPPED_BUY,4897.08,4897.10,4883.98,4922.33,0.15,1312.1,2522.9,1.92,1312.1,1312.1,328.0,0.0,20.21,32.36,14.43,25.01,26.17,13.77,23.06,27.91,18.16,79.65,66.96,61.11,64.68,58.18,56.72,65.73,60.69,59.06,4886.59,4886.14,4884.78,4878.55,4885.83,4876.82,4871.58,4856.06,4881.45,4866.56,4859.36,4848.21
2026.02.06 13:25,20260206132500761,L-E4,SKIPPED_BUY,4927.49,4927.40,4913.72,4961.30,0.15,1368.3,3389.9,2.48,1368.3,1368.3,456.1,0.0,43.67,36.06,5.16,33.52,29.46,10.95,39.00,30.59,9.12,77.04,68.02,65.29,74.97,68.32,64.94,73.43,68.50,65.57,4912.20,4902.40,4898.72,4888.80,4899.77,4885.77,4879.62,4862.32,4892.73,4874.17,4866.17,4852.66
2026.02.06 14:40,20260206144000761,L-E1,SKIPPED_BUY,4936.85,4936.77,4906.10,5011.82,0.15,3066.8,7505.1,2.45,3066.8,3066.8,766.7,0.0,38.14,24.36,16.39,26.86,30.26,19.80,22.72,26.18,22.32,65.81,63.03,59.89,64.92,59.89,58.58,66.13,62.05,60.97,4920.74,4918.95,4916.72,4906.88,4916.57,4903.48,4896.29,4875.84,4911.90,4890.33,4880.80,4862.59
2026.02.09 05:25,20260209052500879,L-E1,SKIPPED_BUY,5023.95,5023.95,5013.79,5043.27,0.15,1016.7,1931.8,1.90,1016.7,1016.7,254.2,0.0,50.43,25.32,7.09,25.44,29.61,13.86,20.89,24.56,12.24,67.08,62.89,59.44,67.35,59.20,56.26,62.28,56.62,55.13,5018.47,5017.36,5016.94,5014.42,5016.61,5013.35,5010.07,4993.71,5016.24,5007.08,4999.51,4970.42
2026.02.09 05:29,20260209052900879,L-E4,SKIPPED_BUY,5030.11,5030.04,5022.97,5044.98,0.15,707.3,1493.8,2.11,707.3,707.3,235.8,0.0,60.87,39.15,4.00,27.92,30.91,12.01,20.89,24.56,12.24,81.05,72.08,66.43,76.65,65.42,60.48,70.49,61.17,58.02,5020.04,5018.08,5017.51,5014.82,5017.05,5013.59,5010.32,4994.01,5016.24,5007.08,4999.51,4970.42
2026.02.09 06:46,20260209064600879,L-E1,SKIPPED_BUY,5034.73,5034.43,5020.96,5056.95,0.15,1346.7,2251.7,1.67,1346.7,1346.7,365.1,0.0,24.35,32.56,13.33,21.17,23.01,14.16,22.64,20.78,16.63,64.65,57.79,54.97,59.39,55.83,55.23,59.13,57.03,56.26,5028.91,5029.02,5028.08,5023.89,5028.59,5022.61,5018.92,5002.81,5026.73,5015.76,5008.36,4979.72
2026.02.09 14:32,20260209143200943,L-E1,BUY,5030.57,5030.74,5013.21,5062.44,0.12,1752.7,3170.3,1.81,1727.3,1752.7,431.8,0.0,20.46,30.05,24.16,32.17,24.96,9.47,27.70,24.75,11.76,80.40,71.36,66.29,79.20,68.42,63.31,82.45,68.90,63.27,5015.43,5012.44,5012.01,5011.38,5011.98,5011.26,5011.49,5009.97,5010.76,5011.28,5010.84,4999.74
2026.02.09 15:00,20260209143200943,L-E1,,5037.75,5030.74,5013.21,5062.44,0.12,1752.7,3170.3,1.81,1727.3,1752.7,306.7,0.0,21.18,16.57,11.22,45.17,24.46,9.56,42.10,19.11,5.57,52.83,58.48,59.71,68.44,66.53,63.58,69.28,65.96,62.88,5032.99,5023.98,5021.37,5016.85,5021.27,5015.32,5014.51,5011.69,5016.76,5013.54,5012.56,5001.19
2026.02.10 01:28,20260210012800034,S-E4,SKIPPED_SELL,5016.45,5016.88,5030.67,4989.20,0.15,1379.3,2767.5,2.01,1379.3,1379.3,459.8,0.0,40.75,8.04,29.05,21.87,13.46,20.01,19.78,15.85,17.42,26.92,37.01,40.93,34.34,40.26,41.74,34.93,39.29,40.26,5025.97,5027.64,5029.55,5037.12,5027.96,5038.63,5042.28,5044.16,5032.80,5044.60,5045.29,5036.76
2026.02.11 01:58,20260211015800194,L-E4,SKIPPED_BUY,5050.87,5050.73,5041.23,5075.01,0.15,950.8,2428.0,2.55,950.8,950.8,316.9,0.0,27.72,26.47,9.83,22.64,17.31,8.99,21.37,22.15,8.80,68.71,63.37,60.56,75.49,64.56,60.56,77.23,65.66,61.83,5043.99,5041.80,5041.17,5038.73,5040.62,5037.68,5036.24,5034.41,5039.59,5035.18,5034.36,5034.22
2026.02.11 02:21,20260211022100196,L-E1,SKIPPED_BUY,5044.55,5044.52,5032.79,5063.14,0.15,1172.6,1862.6,1.59,1172.6,1172.6,293.1,0.0,27.52,29.44,16.43,23.04,23.08,18.33,24.89,20.76,14.30,61.09,53.96,52.40,54.76,53.22,52.96,53.46,53.61,53.93,5042.26,5042.36,5041.92,5039.73,5042.12,5039.01,5037.47,5035.21,5041.92,5036.72,5035.59,5034.86
2026.02.11 06:20,20260211062000202,L-E1,SKIPPED_BUY,5061.05,5061.04,5051.86,5076.39,0.15,918.0,1534.8,1.67,918.0,918.0,229.5,0.0,24.51,31.85,11.53,21.33,25.18,13.28,20.87,28.10,15.23,77.94,66.57,61.96,70.31,62.17,59.11,63.99,58.83,57.24,5054.69,5053.95,5053.74,5052.48,5053.54,5051.86,5050.24,5045.32,5053.12,5048.85,5046.52,5041.93
2026.02.11 07:01,20260211070100202,L-E4,SKIPPED_BUY,5064.78,5064.60,5057.55,5081.52,0.15,704.8,1691.6,2.40,704.8,704.8,235.0,0.0,31.89,35.70,12.04,17.19,25.22,12.79,26.81,21.48,8.13,80.04,68.04,63.26,75.01,65.85,61.97,70.28,61.97,59.31,5058.64,5056.84,5056.23,5054.41,5056.30,5053.71,5052.07,5046.97,5054.71,5050.40,5048.04,5043.10
2026.02.11 07:06,20260211070600202,L-E1,SKIPPED_BUY,5062.88,5062.93,5054.71,5078.55,0.15,822.0,1561.8,1.90,822.0,822.0,249.9,0.0,25.27,24.89,15.27,21.26,21.42,11.64,29.90,21.13,7.04,59.52,59.00,57.74,63.64,60.51,58.56,64.27,59.26,57.51,5059.99,5057.63,5056.88,5054.83,5057.18,5054.17,5052.48,5047.29,5055.13,5050.67,5048.29,5043.28
2026.02.12 12:10,20260212121000394,S-E1,SKIPPED_SELL,5061.44,5061.23,5068.77,5042.80,0.15,753.2,1843.2,2.45,753.2,753.2,215.7,0.0,27.26,10.82,26.50,23.32,18.99,25.14,23.29,19.79,22.13,38.39,41.50,43.83,38.13,43.89,45.40,39.30,43.60,45.57,5063.96,5063.95,5064.18,5064.87,5064.07,5064.99,5065.11,5065.66,5064.56,5065.22,5065.48,5066.16
2026.02.16 02:38,20260216023801705,S-E4,SKIPPED_SELL,5008.55,5008.53,5017.06,4986.77,0.15,852.2,2176.2,2.55,852.2,852.2,284.1,0.0,35.73,7.57,34.79,26.83,11.08,33.74,21.43,13.69,25.60,14.79,21.05,25.74,17.86,29.11,35.49,15.92,31.31,37.65,5021.68,5023.67,5023.62,5023.60,5024.22,5023.71,5023.39,5018.22,5024.38,5023.07,5020.58,5010.49
2026.02.16 09:02,20260216090200734,L-E4,BUY,5010.50,5010.61,5005.48,5022.39,0.15,513.0,1178.0,2.30,497.3,513.0,165.8,0.0,31.19,28.85,8.79,25.23,30.66,13.83,21.46,23.85,13.63,69.99,64.05,60.66,73.85,63.99,61.48,68.76,63.62,60.92,5006.61,5004.91,5003.73,5000.36,5004.14,4999.53,4999.16,5001.15,5001.66,4999.40,5000.55,5001.53
2026.02.16 09:19,20260216090200734,L-E4,,5015.30,5010.61,5010.89,5022.39,0.15,28.0,1178.0,42.07,497.3,513.0,164.6,0.0,32.55,31.78,10.95,31.24,32.11,15.93,25.69,22.30,15.45,73.58,67.32,64.28,79.81,69.76,65.72,74.74,67.67,64.03,5010.01,5007.22,5005.85,5002.03,5006.50,5001.19,5000.44,5001.70,5003.30,5000.20,5001.07,5001.76
2026.02.16 09:32,20260216090200734,L-E4,BUY_WON,5013.22,5010.61,5010.89,5022.39,0.15,28.0,1178.0,42.07,497.3,513.0,123.8,0.0,15.01,12.54,13.20,22.37,18.12,19.65,29.66,21.90,10.06,27.43,42.45,48.00,46.88,55.23,56.91,53.38,57.86,57.88,5012.52,5009.39,5007.87,5003.65,5008.40,5002.49,5001.46,5002.17,5005.29,5001.20,5001.76,5002.09
2026.02.16 12:16,20260216121600752,S-E4,SKIPPED_SELL,4997.56,4997.64,5002.40,4982.95,0.15,475.4,1469.7,3.09,475.4,475.4,158.5,0.0,57.56,3.52,35.43,25.19,8.86,27.88,22.91,9.49,24.18,19.87,27.00,31.85,20.57,31.38,36.45,25.29,35.32,40.53,5002.78,5004.04,5004.61,5005.23,5004.66,5005.40,5004.90,5004.30,5005.35,5004.51,5004.30,5003.59
2026.02.16 12:19,20260216121900752,S-E4,SKIPPED_SELL,4995.79,4995.79,5001.27,4978.49,0.15,548.7,1729.9,3.15,548.7,548.7,182.9,0.0,62.16,5.14,40.59,30.15,7.68,33.14,22.91,9.49,24.18,16.21,23.60,28.75,17.03,28.43,34.17,21.92,32.92,38.74,5001.72,5003.53,5004.20,5005.00,5004.45,5005.30,5004.84,5004.28,5005.35,5004.51,5004.30,5003.59
2026.02.16 13:29,20260216132900752,S-E1,SELL,4996.65,4996.65,5002.69,4981.86,0.15,603.5,1479.5,2.45,604.2,603.5,191.7,0.0,20.92,17.93,33.05,23.02,11.41,16.70,28.77,14.11,24.81,32.59,38.90,41.34,36.42,40.83,42.54,36.18,40.77,43.00,5000.06,5000.99,5001.48,5002.77,5001.61,5003.26,5003.39,5003.57,5002.60,5003.43,5003.52,5003.26
2026.02.16 13:48,20260216132900752,S-E1,,4990.31,4996.65,4996.32,4981.86,0.15,33.5,1479.5,44.16,604.2,603.5,171.3,0.0,24.22,12.00,30.19,31.41,8.40,23.09,35.05,7.96,21.81,18.99,29.76,34.13,28.55,34.88,37.73,29.14,35.30,38.57,4996.64,4998.92,4999.73,5001.59,4999.78,5002.27,5002.64,5003.17,5001.18,5002.80,5003.05,5003.03
2026.02.16 13:49,20260216134901763,S-E2,SKIPPED_SELL,4993.05,4992.79,4998.35,4983.58,0.15,555.7,921.2,1.66,555.7,555.7,185.2,0.0,27.18,10.40,28.41,31.41,8.40,23.09,35.05,7.96,21.81,42.89,41.37,41.75,40.06,40.78,41.78,33.99,38.34,40.84,4996.22,4998.64,4999.49,5001.43,4999.37,5002.06,5002.47,5003.08,5001.18,5002.80,5003.05,5003.03
2026.02.16 13:50,20260216132900752,S-E1,SELL_WON,4993.59,4996.65,4996.32,4981.86,0.15,33.5,1479.5,44.16,604.2,603.5,183.5,0.0,24.85,20.25,24.63,31.41,8.40,23.09,38.01,6.90,25.37,59.96,51.45,48.87,49.12,46.17,45.69,45.16,43.83,44.47,4995.76,4998.41,4999.30,5001.32,4999.37,5002.06,5002.47,5003.08,5000.62,5002.56,5002.86,5002.93
2026.02.16 14:47,20260216144700772,S-E2,SKIPPED_SELL,4982.10,4982.17,4990.05,4966.20,0.15,787.3,1597.2,2.03,787.3,787.3,262.4,0.0,26.55,9.41,24.95,22.02,13.09,31.19,35.14,6.47,26.90,20.40,27.10,31.18,20.51,29.37,33.60,16.57,27.38,32.63,4991.73,4994.30,4995.32,4998.00,4995.10,4998.84,4999.84,5001.53,4997.18,5000.51,5001.24,5002.06
2026.02.17 03:28,20260217032800822,S-E4,SELL,4954.28,4954.28,4961.40,4935.83,0.15,712.1,1844.9,2.59,719.8,712.1,239.9,0.0,41.73,8.78,34.27,19.98,13.19,23.06,16.61,13.98,20.69,27.41,34.02,37.35,26.99,36.58,40.23,28.50,38.21,40.21,4960.73,4962.07,4962.40,4965.53,4962.47,4966.74,4969.80,4978.00,4963.73,4972.33,4976.10,4984.56
2026.02.17 03:50,20260217032800822,S-E4,,4957.22,4954.28,4961.40,4935.83,0.15,712.1,1844.9,2.59,719.8,712.1,185.1,0.0,21.09,20.14,14.16,18.75,22.27,19.63,24.63,14.28,21.32,65.43,54.60,50.75,52.47,47.16,46.33,47.65,45.12,44.30,4955.25,4958.56,4959.53,4963.33,4959.02,4964.57,4967.77,4976.36,4961.72,4970.64,4974.54,4983.42
2026.02.17 05:07,20260217050700838,S-E4,SKIPPED_SELL,4942.45,4942.53,4948.59,4926.23,0.15,606.4,1630.0,2.69,606.4,606.4,202.1,0.0,26.73,11.35,30.32,15.47,14.68,24.92,14.10,17.55,23.04,9.75,21.83,28.60,20.31,30.72,35.15,23.08,32.30,35.93,4952.11,4953.73,4954.57,4957.92,4953.99,4958.93,4961.96,4971.03,4955.96,4964.56,4968.75,4978.89
2026.02.17 05:16,20260217051600838,S-E2,SKIPPED_SELL,4919.25,4919.18,4932.67,4895.38,0.15,1349.1,2379.9,1.76,1349.1,1349.1,449.7,0.0,43.04,7.22,48.37,27.98,9.55,37.79,20.78,13.18,35.20,7.34,12.55,16.86,6.59,15.67,21.76,9.40,19.02,24.85,4946.74,4951.11,4952.46,4956.51,4952.66,4958.04,4961.12,4970.32,4955.25,4963.83,4968.04,4978.32
2026.02.17 13:20,20260217132000879,S-E4,SELL,4913.00,4913.00,4922.78,4882.41,0.15,977.6,3059.4,3.13,972.0,977.6,324.0,0.0,80.89,5.04,31.07,59.24,2.85,35.49,42.42,6.19,38.51,16.26,22.28,26.39,9.54,23.05,31.61,13.81,30.30,37.64,4925.37,4930.12,4930.30,4928.82,4932.10,4929.12,4928.28,4932.18,4931.17,4928.37,4930.20,4942.27
2026.02.17 13:22,20260217132000879,S-E4,SELL_LOST,4918.47,4913.00,4922.78,4882.41,0.15,977.6,3059.4,3.13,972.0,977.6,350.4,0.0,73.73,7.35,23.34,62.98,2.47,36.32,42.42,6.19,38.51,60.61,48.57,45.21,40.20,39.72,42.76,40.70,43.65,46.15,4923.81,4929.28,4929.68,4928.53,4931.36,4928.93,4928.16,4932.07,4931.17,4928.37,4930.20,4942.27
2026.02.17 14:01,20260217140100899,S-E2,SKIPPED_SELL,4865.98,4865.65,4889.71,4814.89,0.15,2405.8,5075.6,2.11,2405.8,2405.8,801.9,0.0,31.63,10.26,35.83,42.18,9.82,36.48,53.10,9.21,37.41,7.87,14.57,18.79,9.27,15.23,19.82,12.13,19.54,24.91,4910.14,4918.39,4920.67,4923.66,4921.82,4925.20,4925.48,4930.14,4924.87,4926.23,4928.31,4940.31
2026.02.18 02:10,20260218021001005,L-E4,BUY,4899.88,4899.99,4890.80,4923.04,0.15,919.4,2304.6,2.51,907.3,919.4,302.4,0.0,37.63,30.16,8.70,22.05,29.20,12.53,28.85,29.82,10.37,81.69,73.44,68.71,84.64,71.87,65.88,81.90,71.14,65.01,4890.58,4886.35,4884.55,4881.15,4884.88,4880.17,4879.78,4883.43,4881.55,4879.71,4881.43,4893.31
2026.02.18 03:03,20260218021001005,L-E4,,4908.96,4899.99,4900.50,4923.04,0.15,50.6,2304.6,45.55,907.3,919.4,161.5,0.0,25.89,34.32,15.62,47.55,27.95,9.92,46.46,20.10,8.28,75.96,67.38,64.70,70.47,68.30,65.85,80.27,73.51,68.09,4904.05,4899.32,4896.67,4890.13,4898.06,4888.44,4886.29,4886.39,4892.62,4884.99,4885.11,4894.08
2026.02.18 04:06,20260218021001005,L-E4,BUY_WON,4921.68,4899.99,4913.61,4923.04,0.15,1361.6,2304.6,1.69,907.3,919.4,128.4,0.0,19.89,26.45,17.88,44.32,20.86,6.57,55.47,24.83,8.80,72.59,66.31,64.18,75.64,72.57,70.24,83.61,77.72,72.75,4919.40,4915.18,4912.31,4903.48,4914.37,4901.49,4897.31,4892.51,4907.99,4894.39,4892.26,4896.78
2026.02.18 06:51,20260218065100066,L-E1,SKIPPED_BUY,4934.23,4933.99,4927.26,4946.78,0.15,673.1,1279.0,1.90,673.1,673.1,168.3,0.0,36.79,31.65,13.35,22.48,27.42,13.52,20.42,30.22,16.16,61.53,59.79,57.28,67.08,57.44,56.24,58.97,56.80,58.43,4931.09,4931.34,4931.15,4927.06,4931.02,4925.52,4920.88,4909.77,4929.90,4917.08,4911.81,4906.97
2026.02.18 13:01,20260218130100081,L-E2,SKIPPED_BUY,4949.06,4949.02,4940.42,4967.16,0.15,859.8,1814.0,2.11,859.8,859.8,286.6,0.0,64.78,46.46,3.50,40.35,44.16,7.91,30.87,42.84,11.54,95.94,87.25,81.04,90.55,79.88,74.04,88.91,78.82,72.32,4931.12,4925.28,4923.65,4921.68,4923.18,4920.82,4920.80,4918.26,4921.07,4920.43,4919.23,4915.08
2026.02.18 14:53,20260218145300108,L-E4,SKIPPED_BUY,4993.74,4993.46,4979.82,5031.85,0.15,1363.6,3838.9,2.82,1363.6,1363.6,454.5,0.0,47.74,29.14,6.74,42.87,21.54,6.52,40.40,28.17,7.04,82.05,76.27,73.36,86.47,79.50,75.90,85.78,80.33,77.11,4977.46,4966.05,4961.65,4950.17,4962.58,4946.62,4941.77,4931.39,4953.10,4937.60,4933.11,4923.63
2026.02.19 00:04,20260219000400163,S-E4,SKIPPED_SELL,4962.73,4962.69,4972.14,4938.56,0.15,944.8,2412.7,2.55,944.8,944.8,314.9,0.0,41.15,11.09,40.27,37.31,6.41,28.92,29.72,13.01,29.32,16.59,24.72,30.16,25.64,33.20,36.30,13.73,24.55,30.62,4976.32,4978.27,4978.82,4980.75,4979.08,4981.31,4981.67,4976.08,4980.61,4981.53,4978.78,4964.66
2026.02.19 00:05,20260219000500163,S-E4,SKIPPED_SELL,4962.93,4962.98,4972.97,4937.47,0.15,999.2,2551.5,2.55,999.2,999.2,333.1,0.0,43.58,9.61,37.69,37.31,6.41,28.92,32.07,11.28,31.56,18.12,25.47,30.64,25.83,33.35,36.43,13.85,24.70,30.75,4975.43,4977.89,4978.54,4980.58,4979.08,4981.31,4981.67,4976.08,4980.25,4981.38,4978.72,4964.77
2026.02.19 00:50,20260219005000163,S-E4,SKIPPED_SELL,4962.75,4962.80,4968.47,4951.44,0.15,566.2,1136.0,2.01,566.2,566.2,188.7,0.0,37.74,11.64,36.17,20.24,15.07,29.39,21.44,15.31,22.80,27.71,36.48,39.50,32.31,37.58,39.52,28.79,33.13,35.78,4967.59,4970.41,4971.84,4975.65,4971.43,4976.75,4978.05,4974.93,4974.38,4978.55,4977.03,4965.13
2026.02.19 05:07,20260219050700180,L-E2,SKIPPED_BUY,4988.39,4988.39,4984.13,4994.28,0.15,425.2,589.4,1.39,425.2,425.2,141.7,0.0,54.20,42.86,5.86,25.10,36.11,15.39,22.18,34.34,18.40,78.91,70.83,66.11,73.09,66.51,63.72,72.38,66.37,62.84,4983.52,4981.30,4980.19,4977.48,4980.33,4976.72,4976.18,4974.62,4978.32,4975.98,4975.44,4968.68
2026.02.19 05:39,20260219053900180,L-E4,SKIPPED_BUY,4994.70,4994.47,4990.75,5002.34,0.15,372.6,786.8,2.11,372.6,372.6,124.2,0.0,45.12,35.55,5.31,32.77,39.31,11.77,28.56,34.05,15.13,86.68,74.83,69.86,78.52,70.81,67.36,80.53,72.13,67.44,4989.79,4986.46,4984.91,4981.00,4985.69,4980.10,4978.86,4976.22,4982.28,4977.94,4976.97,4969.88
2026.02.19 08:45,20260219084500202,L-E1,SKIPPED_BUY,5019.81,5019.82,5014.11,5029.35,0.15,570.3,953.5,1.67,570.3,570.3,142.6,0.0,34.66,39.50,8.53,22.45,29.08,13.29,21.37,22.03,14.77,82.60,72.95,67.05,73.13,63.83,61.93,70.93,66.75,66.68,5013.82,5013.15,5012.46,5007.59,5012.70,5006.06,5002.07,4992.38,5011.06,4999.27,4994.88,4982.75
2026.02.19 08:47,20260219084700202,L-E4,SKIPPED_BUY,5019.29,5019.39,5014.35,5031.47,0.15,503.5,1208.5,2.40,503.5,503.5,167.9,0.0,42.30,39.69,10.08,22.45,29.08,13.29,21.37,22.03,14.77,66.42,65.73,62.89,70.10,62.44,61.00,68.22,65.38,65.76,5014.60,5013.47,5012.73,5007.83,5012.70,5006.06,5002.07,4992.38,5011.06,4999.27,4994.88,4982.75
2026.02.20 01:01,20260220010100295,L-E4,SKIPPED_BUY,5009.23,5009.06,5002.77,5025.10,0.15,628.4,1604.6,2.55,628.4,628.4,209.5,0.0,64.11,47.38,3.75,37.74,41.18,7.55,24.51,36.50,13.93,94.31,83.22,75.15,84.75,70.01,63.84,82.68,68.77,63.33,4997.99,4995.75,4995.69,4995.47,4994.69,4994.98,4994.77,4994.22,4994.59,4994.51,4994.34,4992.50
2026.02.20 05:48,20260220054800308,L-E1,SKIPPED_BUY,5003.97,5003.69,4997.63,5016.58,0.15,605.8,1289.1,2.13,605.8,605.8,183.7,0.0,28.14,26.62,15.13,27.09,25.33,20.63,26.36,24.02,21.32,66.90,59.66,57.73,61.26,58.66,56.88,61.68,58.42,56.16,5001.20,4999.95,4999.23,4998.05,4999.85,4997.88,4997.55,4996.66,4998.16,4996.99,4996.65,4994.90
2026.02.20 05:58,20260220055800308,L-E2,SKIPPED_BUY,5009.56,5009.83,5004.83,5017.70,0.15,499.8,787.2,1.57,499.8,499.8,166.6,0.0,48.06,31.28,6.35,29.13,29.51,13.43,25.72,29.06,16.02,80.43,72.10,67.80,74.80,66.92,62.75,72.41,64.83,60.75,5004.22,5001.55,5000.57,4998.87,5000.68,4998.34,4997.91,4996.87,4998.62,4997.22,4996.84,4995.03
2026.02.20 13:47,20260220134700351,L-E1,SKIPPED_BUY,5032.41,5032.56,5020.26,5059.42,0.15,1229.4,2686.2,2.18,1229.4,1229.4,307.3,0.0,23.41,31.43,11.02,21.60,20.95,12.12,21.79,18.46,13.25,71.43,62.64,59.87,66.55,60.65,57.61,64.92,58.51,55.90,5027.32,5025.93,5025.58,5025.32,5025.37,5024.99,5024.24,5019.51,5025.45,5023.56,5021.28,5013.70
2026.02.23 00:57,20260223005700465,L-E1,SKIPPED_BUY,5143.78,5143.88,5132.34,5162.20,0.15,1153.4,1832.1,1.59,1153.4,1153.4,288.4,0.0,29.67,21.77,15.36,24.85,29.50,19.18,37.99,24.12,20.67,58.83,51.41,49.95,49.59,51.40,54.94,50.19,55.55,58.80,5142.79,5143.11,5140.52,5127.45,5143.18,5124.59,5115.12,5090.55,5136.74,5107.59,5096.34,5069.59
2026.02.23 01:10,20260223011000465,L-E2,SKIPPED_BUY,5155.28,5155.36,5143.12,5173.68,0.15,1224.0,1831.4,1.50,1224.0,1224.0,408.0,0.0,38.17,26.96,4.86,23.42,28.11,14.60,35.16,32.94,13.45,76.92,67.73,61.71,75.79,64.16,62.92,64.85,62.40,63.37,5146.10,5144.40,5142.10,5129.94,5143.51,5126.69,5117.43,5092.75,5137.87,5110.38,5099.07,5071.82
2026.02.23 02:41,20260223024100479,L-E2,SKIPPED_BUY,5169.52,5169.83,5163.20,5179.75,0.15,663.0,992.0,1.50,663.0,663.0,221.0,0.0,41.93,31.93,9.11,41.85,32.04,5.88,51.04,32.10,7.09,81.04,69.41,63.69,73.30,64.65,62.46,71.42,64.68,63.80,5163.29,5160.24,5158.20,5148.58,5158.68,5145.26,5136.63,5110.47,5154.38,5129.62,5117.54,5086.63
2026.02.23 02:43,20260223024300479,L-E4,SKIPPED_BUY,5175.17,5175.10,5167.67,5192.04,0.15,742.9,1693.9,2.28,742.9,742.9,247.6,0.0,48.21,38.35,6.84,46.22,35.05,5.09,51.04,32.10,7.09,92.73,79.07,71.06,80.59,69.69,66.00,77.83,68.35,66.23,5164.18,5160.74,5158.65,5149.01,5159.17,5145.80,5137.21,5111.04,5154.38,5129.62,5117.54,5086.63
2026.02.23 07:38,20260223073800502,S-E4,SELL,5126.95,5126.95,5140.01,5091.81,0.15,1305.9,3514.1,2.69,1307.0,1305.9,435.7,0.0,50.49,7.02,28.68,46.07,5.20,27.15,48.33,4.76,32.34,30.88,33.04,34.48,24.06,29.03,31.53,20.46,27.79,32.55,5138.47,5145.46,5147.70,5151.94,5147.48,5153.04,5152.53,5140.35,5151.79,5151.13,5145.29,5119.45
2026.02.23 07:45,20260223073800502,S-E4,,5136.57,5126.95,5140.01,5091.81,0.15,1305.9,3514.1,2.69,1307.0,1305.9,359.9,0.0,30.02,20.62,12.77,44.27,16.23,21.74,51.36,11.79,30.60,62.11,50.95,47.52,46.97,42.02,41.18,38.67,37.92,39.67,5135.83,5143.27,5145.80,5150.69,5145.17,5151.88,5151.70,5140.18,5150.60,5150.72,5145.11,5119.62
2026.02.23 08:25,20260223082500512,S-E4,SKIPPED_SELL,5128.21,5128.29,5135.04,5114.05,0.15,674.4,1424.2,2.11,674.4,674.4,224.8,0.0,20.26,12.19,29.92,18.49,13.12,17.16,32.31,11.47,23.55,17.17,30.14,35.95,29.75,36.22,37.83,26.01,32.10,35.43,5136.50,5138.66,5140.52,5145.77,5139.03,5146.67,5147.73,5139.59,5143.06,5147.36,5143.51,5121.05
2026.02.23 12:58,20260223125801533,L-E4,SKIPPED_BUY,5164.88,5164.88,5159.13,5181.10,0.15,575.9,1621.2,2.82,575.9,575.9,192.0,0.0,44.50,28.51,8.29,34.79,29.12,9.88,25.26,27.65,12.15,70.35,68.17,66.20,77.00,69.34,64.92,73.82,66.18,62.25,5159.51,5155.43,5154.52,5152.35,5154.28,5151.54,5150.70,5145.97,5152.57,5149.81,5147.83,5133.12
2026.02.23 14:21,20260223142100533,L-E1,SKIPPED_BUY,5161.30,5161.30,5153.30,5177.92,0.15,800.4,1662.1,2.08,800.4,800.4,200.1,0.0,42.09,38.43,6.68,30.08,31.42,13.94,30.05,26.25,19.71,88.31,76.27,68.98,75.10,63.66,59.43,71.32,61.09,57.95,5152.72,5152.39,5152.63,5152.48,5152.15,5152.26,5151.73,5147.83,5152.41,5151.15,5149.50,5136.46
2026.02.24 08:21,20260224082100679,S-E1,SKIPPED_SELL,5166.32,5166.37,5177.11,5145.95,0.15,1074.5,2041.6,1.90,1074.5,1074.5,272.7,0.0,34.27,10.26,26.62,22.91,13.35,33.70,21.63,11.16,24.30,32.07,35.06,38.10,19.58,35.17,40.52,32.00,41.06,43.58,5173.36,5175.01,5175.02,5175.43,5175.36,5175.80,5177.51,5183.53,5175.86,5179.71,5182.64,5183.75
2026.02.24 09:30,20260224093000695,S-E1,SKIPPED_SELL,5168.85,5168.56,5175.24,5157.39,0.15,667.9,1116.7,1.67,667.9,667.9,185.3,0.0,34.56,10.55,33.41,22.25,8.62,21.46,23.36,10.75,23.49,27.77,35.15,39.50,34.36,41.64,44.32,36.07,43.37,45.40,5173.00,5173.95,5174.12,5174.64,5174.03,5174.78,5176.04,5181.41,5174.67,5177.85,5180.47,5182.42
2026.02.24 12:17,20260224121700708,S-E4,SKIPPED_SELL,5163.34,5163.45,5170.21,5142.58,0.15,675.3,2087.4,3.09,675.3,675.3,225.1,0.0,52.85,7.28,30.14,19.73,13.93,29.74,21.57,11.23,24.66,15.52,23.36,28.42,21.24,32.13,37.53,24.76,36.27,40.80,5171.18,5172.70,5172.86,5173.15,5173.60,5173.58,5174.08,5177.75,5173.50,5174.95,5176.78,5179.65
2026.02.24 13:40,20260224134000712,S-E2,SKIPPED_SELL,5138.69,5138.61,5150.57,5114.37,0.15,1195.2,2424.6,2.03,1195.2,1195.2,398.4,0.0,34.14,7.34,27.55,23.88,8.94,19.51,35.22,8.21,29.83,10.11,21.61,28.47,15.61,25.98,30.28,24.15,31.17,34.51,5154.37,5156.95,5158.61,5163.11,5157.98,5164.37,5166.51,5172.49,5160.83,5168.11,5170.95,5176.00
2026.02.25 00:26,20260225002600796,S-E1,SKIPPED_SELL,5141.14,5141.24,5146.69,5132.59,0.15,544.5,864.9,1.59,544.5,544.5,210.3,0.0,23.10,15.40,27.60,27.18,14.55,16.07,24.55,18.55,18.84,36.70,43.93,46.43,41.63,45.70,45.61,45.50,45.07,45.06,5143.51,5143.27,5144.02,5147.10,5143.19,5147.72,5149.05,5152.40,5144.91,5149.73,5151.18,5156.84
2026.02.25 05:04,20260225050400815,L-E4,SKIPPED_BUY,5188.19,5187.75,5183.72,5196.26,0.15,402.8,850.7,2.11,402.8,402.8,134.3,0.0,34.68,43.76,8.69,19.43,25.13,13.90,17.54,15.20,13.63,89.72,75.33,67.19,73.89,61.68,57.97,67.82,59.22,57.68,5182.14,5182.18,5182.10,5179.69,5182.15,5178.76,5175.86,5168.91,5181.61,5173.46,5170.15,5166.06
2026.02.25 09:08,20260225090800850,S-E4,SKIPPED_SELL,5180.44,5180.74,5188.25,5160.55,0.15,751.3,2019.4,2.69,751.3,751.3,250.4,0.0,47.83,9.44,27.72,39.98,6.88,35.81,31.05,13.89,34.40,22.20,26.22,31.19,16.16,31.71,37.98,21.97,35.61,41.26,5187.14,5188.98,5189.20,5189.12,5189.89,5189.19,5187.82,5181.48,5190.28,5186.50,5183.41,5176.09
2026.02.25 14:10,20260225141000867,L-E1,SKIPPED_BUY,5189.89,5189.82,5183.31,5202.34,0.15,651.0,1251.7,1.92,651.0,651.0,192.8,0.0,36.27,20.82,5.88,20.87,20.71,14.03,21.08,20.47,13.43,70.21,59.64,56.25,62.79,58.27,56.93,63.67,59.66,57.15,5187.25,5186.49,5185.69,5183.87,5185.95,5183.43,5183.15,5181.71,5184.38,5182.79,5182.18,5178.59
2026.02.26 00:01,20260226000100944,S-E2,SKIPPED_SELL,5162.37,5162.17,5176.55,5138.07,0.15,1438.1,2410.0,1.68,1438.1,1438.1,479.4,0.0,28.75,6.75,24.72,20.11,15.00,26.02,13.87,17.40,21.56,37.21,40.81,42.83,33.99,40.66,42.30,34.69,39.58,40.50,5168.83,5170.35,5171.43,5176.81,5171.04,5178.43,5181.57,5185.86,5173.34,5183.24,5185.20,5185.30
2026.02.26 06:00,20260226060000978,L-E1,SKIPPED_BUY,5198.10,5198.03,5191.27,5209.33,0.15,675.8,1129.9,1.67,675.8,675.8,169.6,0.0,27.14,26.97,10.35,23.03,25.79,16.40,22.86,19.27,17.01,64.23,54.21,52.33,54.74,54.05,54.47,54.30,55.99,56.05,5196.72,5196.59,5195.89,5193.21,5196.34,5192.48,5191.02,5188.88,5195.16,5190.16,5189.17,5187.27
2026.02.26 13:45,20260226134500016,S-E1,SKIPPED_SELL,5165.28,5165.36,5177.72,5141.59,0.15,1236.1,2376.8,1.92,1236.1,1236.1,323.8,0.0,23.36,12.58,31.55,23.90,11.26,23.24,20.10,15.34,26.41,20.86,31.45,35.96,27.48,36.29,40.05,28.89,37.94,40.83,5173.35,5175.12,5175.32,5176.15,5175.66,5176.67,5177.72,5180.79,5176.03,5178.67,5180.09,5182.66
2026.02.27 14:20,20260227142000179,L-E4,SKIPPED_BUY,5228.79,5228.32,5219.01,5250.94,0.15,931.1,2261.5,2.43,931.1,931.1,310.4,0.0,28.42,22.19,8.89,27.65,19.20,13.90,29.71,23.50,15.13,67.81,61.23,59.00,63.92,62.40,62.77,66.55,67.38,67.19,5223.58,5217.38,5213.51,5203.22,5215.73,5200.66,5196.63,5190.53,5208.02,5194.06,5191.40,5187.54
